user_id,date,weight_kg,calories,protein_g,carbs_g,fats_g,cardio_min,cardio_zone,steps,workout_type,workout_rir,total_sets,sleep_h
user_000000,2026-07-01,51.2,1933,113,260,49,48,4,15943,Legs,0,13,7.3
user_000000,2026-07-02,51.3,1230,108,132,30,7,5,3066,Rest,,,6.3
user_000000,2026-07-03,51.0,1389,84,189,33,11,5,7080,Upper,0,20,6.4
user_000000,2026-07-04,50.9,2007,83,313,47,47,4,16914,Push,5,7,6.5
user_000000,2026-07-05,50.7,1592,102,206,40,30,5,14924,Pull,5,13,7.7
user_000000,2026-07-06,50.7,1393,106,150,41,24,3,15624,Push,5,16,8.8
user_000000,2026-07-07,50.8,1465,106,168,41,29,5,7582,Push,3,14,6.7
user_000000,2026-07-08,50.7,1200,103,116,36,4,3,4966,Pull,4,18,6.8
user_000000,2026-07-09,50.7,1618,82,210,50,47,4,12777,Push,0,18,7.7
user_000000,2026-07-10,50.6,1429,111,172,33,1,5,15448,Legs,5,13,7.5
user_000000,2026-07-11,50.7,1358,101,144,42,36,2,10224,Legs,3,13,6.3
user_000000,2026-07-12,50.4,1161,97,110,37,57,1,12846,Rest,,,8.9
user_000000,2026-07-13,50.4,1991,108,275,51,58,4,13520,Pull,3,12,8.4
user_000000,2026-07-14,50.4,1080,102,96,32,7,5,3786,Upper,2,14,7.1
user_000000,2026-07-15,50.3,1553,104,192,41,56,3,9937,Legs,1,16,7.7
user_000000,2026-07-16,50.4,1488,106,185,36,51,1,11541,Push,1,17,8.7
user_000000,2026-07-17,50.6,1585,98,206,41,4,4,11015,Rest,,,6.5
user_000000,2026-07-18,50.3,1341,89,154,41,38,4,6420,Rest,,,8.3
user_000000,2026-07-19,50.0,1320,109,131,40,23,3,16836,Upper,2,16,6.5
user_000000,2026-07-20,50.2,1183,92,134,31,38,1,9172,Rest,,,8.2
user_000000,2026-07-21,50.2,1218,101,136,30,35,2,8518,Rest,,,7.7
user_000000,2026-07-22,50.2,1545,96,207,37,19,4,10233,Pull,1,11,8.4
user_000000,2026-07-23,49.9,1507,98,173,47,30,1,17304,Upper,0,10,6.4
user_000000,2026-07-24,49.5,1075,107,101,27,0,5,7423,Upper,2,6,8.5
user_000000,2026-07-25,49.4,1140,84,129,32,46,2,6219,Pull,0,9,8.1
user_000000,2026-07-26,49.4,1251,81,144,39,32,3,4690,Rest,,,7.2
user_000000,2026-07-27,49.1,1417,106,165,37,55,4,9363,Rest,,,7.9
user_000000,2026-07-28,49.4,1655,107,192,51,60,3,7773,Upper,1,13,8.2
user_000000,2026-07-29,49.5,1198,79,135,38,29,4,3130,Upper,2,15,5.8
user_000000,2026-07-30,49.3,1079,93,98,35,31,3,3307,Upper,4,13,7.4
user_000000,2026-07-31,49.1,1506,106,194,34,1,4,16321,Upper,0,10,7.4
user_000000,2026-08-01,48.9,1719,99,207,55,54,4,4025,Legs,2,17,8.3
user_000000,2026-08-02,49.2,1510,107,194,34,50,1,17121,Upper,0,10,7.9
user_000000,2026-08-03,49.1,1312,90,157,36,33,1,8489,Rest,,,7.2
user_000000,2026-08-04,49.4,1250,98,138,34,16,3,9729,Legs,4,6,8.0
user_000000,2026-08-05,49.4,1916,99,281,44,37,5,11148,Upper,1,20,7.2
user_000000,2026-08-06,49.7,1826,94,268,42,19,2,9988,Rest,,,8.0
user_000000,2026-08-07,49.6,1585,101,203,41,32,2,5191,Upper,1,17,8.3
user_000000,2026-08-08,49.4,1458,84,177,46,18,3,6112,Rest,,,7.9
user_000000,2026-08-09,49.7,2221,80,320,69,48,4,13869,Upper,1,12,6.8
user_000000,2026-08-10,49.7,2126,108,266,70,59,4,12123,Push,2,8,8.3
user_000000,2026-08-11,49.6,1728,89,235,48,52,2,3738,Legs,5,17,6.6
user_000000,2026-08-12,49.7,1468,79,189,44,40,1,14958,Legs,2,13,8.6
user_000000,2026-08-13,49.5,1745,108,227,45,39,1,4595,Upper,5,9,7.8
user_000000,2026-08-14,49.3,1790,91,262,42,21,3,10612,Push,4,20,8.5
user_000000,2026-08-15,49.1,1549,95,191,45,35,1,9699,Pull,4,9,6.7
user_000000,2026-08-16,49.1,1958,107,243,62,34,3,17740,Rest,,,7.0
user_000000,2026-08-17,49.1,1614,106,185,50,59,1,6241,Pull,1,14,7.5
user_000000,2026-08-18,49.0,1825,82,255,53,1,5,8925,Legs,4,20,6.3
user_000000,2026-08-19,49.0,1524,94,179,48,22,3,4692,Push,5,6,7.7
user_000000,2026-08-20,49.0,1630,89,233,38,12,1,7485,Push,5,18,6.3
user_000000,2026-08-21,48.9,1518,93,210,34,22,4,4648,Legs,3,9,7.7
user_000000,2026-08-22,48.9,1780,79,240,56,15,2,11752,Legs,3,14,8.4
user_000000,2026-08-23,48.8,2359,85,372,59,58,5,4692,Push,1,20,7.5
user_000000,2026-08-24,48.9,1634,92,204,50,18,1,9369,Rest,,,7.7
user_000000,2026-08-25,48.6,1837,103,237,53,25,3,15456,Legs,3,7,7.1
user_000000,2026-08-26,48.5,1849,85,258,53,60,3,11244,Rest,,,8.0
user_000000,2026-08-27,48.4,1434,96,177,38,20,2,10061,Upper,1,15,7.2
user_000000,2026-08-28,48.4,1747,84,229,55,21,2,5702,Upper,3,6,7.7
user_000000,2026-08-29,48.2,1558,86,218,38,28,1,5078,Legs,2,6,6.3
user_000000,2026-08-30,48.2,1764,101,250,40,20,5,9249,Legs,3,20,6.7
user_000000,2026-08-31,48.1,1938,85,278,54,44,5,6573,Push,0,15,9.0
user_000000,2026-09-01,47.9,2395,94,363,63,47,4,17857,Legs,5,18,6.6
user_000000,2026-09-02,47.8,2164,94,303,64,58,1,17174,Pull,0,19,6.3
user_000000,2026-09-03,47.6,2149,100,327,49,41,3,17641,Push,5,18,7.2
user_000000,2026-09-04,47.5,2327,103,328,67,47,4,15653,Pull,0,6,6.7
user_000000,2026-09-05,47.2,1689,90,231,45,12,3,9392,Upper,3,13,7.5
user_000000,2026-09-06,47.0,1391,95,156,43,47,1,3468,Legs,3,9,6.0
user_000000,2026-09-07,47.2,1851,77,262,55,27,2,17769,Legs,1,18,6.5
user_000000,2026-09-08,47.1,1732,101,233,44,23,4,5758,Rest,,,6.7
user_000000,2026-09-09,47.0,1559,89,222,35,3,2,12347,Push,4,17,7.6
user_000000,2026-09-10,46.9,1695,92,235,43,45,2,13568,Rest,,,8.2
user_000000,2026-09-11,46.9,1757,91,247,45,0,1,8890,Rest,,,8.3
user_000000,2026-09-12,47.0,1680,82,230,48,31,1,16785,Upper,3,10,7.9
user_000000,2026-09-13,47.2,2171,76,307,71,54,4,8708,Push,5,19,8.7
user_000000,2026-09-14,47.0,1654,98,230,38,6,5,12002,Pull,1,10,7.9
user_000000,2026-09-15,47.2,1532,75,200,48,13,3,7708,Upper,2,18,7.2
user_000000,2026-09-16,47.3,1939,99,289,43,48,5,5110,Upper,5,8,5.7
user_000000,2026-09-17,47.5,1886,97,262,50,20,2,9102,Push,5,12,5.9
user_000000,2026-09-18,47.6,1482,83,193,42,48,1,5797,Rest,,,7.8
user_000000,2026-09-19,47.3,1413,96,183,33,22,2,3217,Upper,5,8,8.3
user_000000,2026-09-20,47.2,1981,90,259,65,37,3,7117,Pull,2,17,8.7
user_000000,2026-09-21,47.3,2351,83,336,75,50,4,16661,Upper,3,9,8.8
user_000000,2026-09-22,47.4,1500,96,198,36,34,3,15898,Legs,2,7,6.1
user_000000,2026-09-23,47.2,1795,89,227,59,35,3,12535,Legs,3,15,5.5
user_000000,2026-09-24,47.4,1936,77,281,56,60,3,7495,Legs,3,10,7.7
user_000000,2026-09-25,47.3,1783,91,231,55,47,2,3280,Push,4,9,5.9
user_000000,2026-09-26,47.1,1791,87,228,59,51,1,16028,Legs,3,16,6.7
user_000000,2026-09-27,47.2,2055,86,277,67,38,4,10761,Push,3,11,9.0
user_000000,2026-09-28,46.9,1576,92,221,36,4,3,10689,Push,4,8,7.2
user_000000,2026-09-29,47.2,2008,102,265,60,59,3,11832,Legs,2,10,6.0
user_000000,2026-09-30,47.3,1642,92,224,42,35,1,16676,Rest,,,7.7
user_000000,2026-10-01,47.2,1796,86,255,48,14,5,14673,Legs,0,7,8.7
user_000000,2026-10-02,47.3,1667,98,204,51,26,1,12336,Push,0,7,8.5
user_000000,2026-10-03,47.1,2364,77,352,72,58,4,17615,Push,0,7,8.1
user_000000,2026-10-04,47.1,1587,92,208,43,11,3,8070,Push,1,19,6.4
user_000000,2026-10-05,47.0,2271,85,323,71,56,5,7019,Push,1,9,8.9
user_000000,2026-10-06,47.3,1604,101,201,44,48,2,3998,Legs,3,15,7.1
user_000000,2026-10-07,47.0,1957,87,283,53,35,5,4589,Push,1,10,7.5
user_000000,2026-10-08,47.1,2070,83,304,58,44,4,17420,Upper,1,15,7.3
user_000000,2026-10-09,47.4,1616,84,239,36,53,1,7940,Pull,1,20,8.6
user_000000,2026-10-10,47.5,1606,100,198,46,27,2,4718,Push,1,15,8.1
user_000000,2026-10-11,47.4,2344,89,371,56,54,5,6259,Rest,,,8.0
user_000000,2026-10-12,47.6,1559,95,189,47,29,5,3362,Legs,1,18,7.6
user_000000,2026-10-13,47.5,1862,100,271,42,49,1,15507,Legs,2,13,6.8
user_000000,2026-10-14,47.4,1591,88,204,47,39,5,17411,Legs,4,18,8.2
user_000000,2026-10-15,47.4,1603,90,223,39,48,1,8577,Legs,5,6,7.4
user_000000,2026-10-16,47.2,1427,99,152,47,15,4,16982,Rest,,,7.8
user_000000,2026-10-17,47.0,1127,92,129,27,3,4,9469,Rest,,,6.1
user_000000,2026-10-18,47.1,1373,85,175,37,44,1,6625,Pull,5,6,7.3
user_000000,2026-10-19,47.1,1108,102,103,32,0,3,7191,Legs,1,7,6.5
user_000000,2026-10-20,47.1,1681,96,232,41,33,3,17093,Upper,1,17,7.4
user_000000,2026-10-21,46.9,1340,99,146,40,45,1,5086,Pull,1,6,7.3
user_000000,2026-10-22,47.1,2020,82,315,48,44,4,17787,Upper,0,11,6.3
user_000000,2026-10-23,46.8,1579,97,219,35,47,5,5999,Legs,4,14,6.1
user_000000,2026-10-24,46.7,1850,101,249,50,48,2,16795,Legs,4,18,6.5
user_000000,2026-10-25,46.5,1540,83,221,36,32,5,4388,Push,2,15,7.8
user_000000,2026-10-26,46.4,1395,85,167,43,47,3,3377,Upper,0,14,8.4
user_000000,2026-10-27,46.1,1519,95,179,47,54,2,9787,Rest,,,9.0
user_000000,2026-10-28,46.2,1789,77,260,49,24,4,13617,Push,1,8,8.0
user_000000,2026-10-29,46.4,1219,100,135,31,29,2,17088,Pull,3,11,7.0
user_000000,2026-10-30,46.2,1446,93,165,46,13,5,7906,Legs,2,12,5.6
user_000000,2026-10-31,46.0,1355,97,145,43,43,3,10476,Pull,3,7,5.7
user_000000,2026-11-01,45.8,1771,89,257,43,49,4,17043,Legs,2,11,6.2
user_000000,2026-11-02,45.8,1297,92,149,37,0,1,6648,Pull,0,19,5.5
user_000000,2026-11-03,45.9,1431,74,178,47,20,2,12115,Upper,0,18,6.8
user_000000,2026-11-04,45.7,1184,84,140,32,28,3,10954,Rest,,,7.4
user_000000,2026-11-05,45.5,1851,96,252,51,15,4,13774,Pull,3,14,7.4
user_000000,2026-11-06,45.8,1406,95,171,38,43,3,5406,Rest,,,7.0
user_000000,2026-11-07,45.8,1291,77,176,31,34,2,8877,Push,5,19,6.4
user_000000,2026-11-08,45.5,1498,75,196,46,37,3,13319,Push,0,9,6.3
user_000000,2026-11-09,45.4,1371,93,180,31,35,3,10684,Push,3,9,6.9
user_000000,2026-11-10,45.5,1040,82,115,28,38,1,7163,Push,1,6,8.3
user_000000,2026-11-11,45.5,1853,78,284,45,58,3,16691,Rest,,,6.6
user_000000,2026-11-12,45.5,1041,78,108,33,20,1,4977,Pull,2,15,6.8
user_000000,2026-11-13,45.6,1219,75,142,39,14,2,4486,Legs,5,7,7.2
user_000000,2026-11-14,45.3,1349,92,171,33,5,1,17561,Legs,0,15,8.0
user_000000,2026-11-15,45.4,1081,97,117,25,16,3,10003,Push,3,10,5.7
user_000000,2026-11-16,45.4,1646,75,242,42,3,3,15404,Pull,0,14,7.0
user_000000,2026-11-17,45.6,2235,72,372,51,49,4,17823,Legs,0,17,8.3
user_000000,2026-11-18,45.7,1671,78,225,51,50,5,4729,Push,3,20,6.9
user_000000,2026-11-19,45.9,1062,93,114,26,30,1,7673,Pull,4,20,5.8
user_000000,2026-11-20,45.7,1236,77,142,40,2,2,12535,Upper,5,7,7.1
user_000000,2026-11-21,45.4,1099,92,104,35,2,4,5088,Push,2,20,7.6
user_000000,2026-11-22,45.4,1477,89,179,45,44,5,5334,Push,5,12,6.6
user_000000,2026-11-23,45.1,1258,87,142,38,57,3,8655,Rest,,,6.3
user_000000,2026-11-24,45.1,1384,88,168,40,18,5,17788,Rest,,,8.2
user_000000,2026-11-25,44.8,1750,92,224,54,40,2,16327,Upper,0,16,8.9
user_000000,2026-11-26,44.9,1435,92,170,43,9,4,16760,Legs,1,14,7.2
user_000000,2026-11-27,45.1,1033,82,120,25,4,2,4552,Push,5,10,8.7
user_000001,2026-07-01,51.5,2086,109,300,50,38,5,6416,Pull,3,13,7.5
user_000001,2026-07-02,51.3,1991,107,276,51,60,3,10580,Push,5,20,8.1
user_000001,2026-07-03,51.1,2184,85,308,68,42,3,12042,Legs,2,19,8.6
user_000001,2026-07-04,51.3,1817,92,261,45,35,1,9221,Upper,1,18,7.6
user_000001,2026-07-05,51.4,1991,83,300,51,35,4,3535,Push,0,15,7.9
user_000001,2026-07-06,51.5,1681,83,245,41,36,3,3303,Rest,,,6.0
user_000001,2026-07-07,51.7,1651,101,215,43,18,2,5091,Legs,5,15,6.1
user_000001,2026-07-08,51.4,1894,96,247,58,48,3,7397,Pull,1,13,8.0
user_000001,2026-07-09,51.2,1544,92,195,44,21,1,5236,Pull,3,15,7.9
user_000001,2026-07-10,51.2,2033,100,289,53,31,3,12939,Upper,3,10,8.9
user_000001,2026-07-11,51.3,1986,95,298,46,6,4,12381,Upper,2,10,7.1
user_000001,2026-07-12,51.6,2002,108,244,66,31,1,9897,Pull,3,10,5.6
user_000001,2026-07-13,51.8,1914,105,270,46,30,2,12259,Upper,1,10,8.2
user_000001,2026-07-14,51.6,2087,98,318,47,32,3,16138,Push,4,14,8.9
user_000001,2026-07-15,51.9,1764,90,261,40,4,3,13937,Pull,4,10,5.6
user_000001,2026-07-16,52.1,1972,99,250,64,41,2,15537,Legs,4,11,5.9
user_000001,2026-07-17,52.0,1698,95,244,38,5,2,13300,Push,1,10,7.4
user_000001,2026-07-18,52.1,1570,110,170,50,2,2,7634,Push,2,6,8.8
user_000001,2026-07-19,52.3,1953,91,260,61,29,3,9945,Legs,2,6,6.4
user_000001,2026-07-20,52.5,2032,108,283,52,13,3,6332,Legs,5,6,8.2
user_000001,2026-07-21,52.5,2005,94,270,61,25,2,9782,Pull,0,13,7.6
user_000001,2026-07-22,52.6,2159,114,275,67,38,4,8472,Rest,,,7.0
user_000001,2026-07-23,52.8,1949,91,268,57,59,1,15115,Upper,2,6,7.6
user_000001,2026-07-24,53.1,1983,100,254,63,28,2,14481,Upper,2,14,8.9
user_000001,2026-07-25,53.1,2324,92,372,52,30,3,12225,Push,1,13,8.9
user_000001,2026-07-26,53.3,1982,85,271,62,60,3,6256,Pull,0,18,7.2
user_000001,2026-07-27,53.4,2105,88,310,57,55,1,17786,Pull,0,17,6.5
user_000001,2026-07-28,53.6,1565,115,175,45,2,4,7531,Pull,3,17,7.9
user_000001,2026-07-29,53.6,1644,104,217,40,24,4,5651,Upper,3,18,6.4
user_000001,2026-07-30,53.6,2569,105,409,57,52,4,17787,Rest,,,7.1
user_000001,2026-07-31,53.7,2007,105,255,63,46,3,8980,Legs,3,8,7.0
user_000001,2026-08-01,53.5,1910,94,289,42,0,1,6314,Legs,3,17,6.8
user_000001,2026-08-02,53.5,2579,95,408,63,45,5,15957,Upper,3,12,8.4
user_000001,2026-08-03,53.4,2397,92,334,77,49,5,15992,Push,5,10,7.1
user_000001,2026-08-04,53.6,1986,96,288,50,6,4,9571,Pull,3,11,7.0
user_000001,2026-08-05,53.9,2140,98,293,64,48,3,7831,Push,4,17,6.5
user_000001,2026-08-06,53.8,1621,108,187,49,6,1,4022,Upper,4,19,5.7
user_000001,2026-08-07,53.9,2284,110,317,64,57,4,4528,Upper,5,17,7.7
user_000001,2026-08-08,53.9,1899,95,283,43,49,2,11292,Upper,5,7,6.8
user_000001,2026-08-09,54.2,1671,107,214,43,12,5,6240,Push,3,8,8.1
user_000001,2026-08-10,54.3,1692,108,216,44,11,2,13860,Push,4,7,8.5
user_000001,2026-08-11,54.5,1961,118,244,57,22,2,10016,Pull,1,20,6.8
user_000001,2026-08-12,54.5,2221,106,330,53,33,3,17788,Upper,5,18,5.9
user_000001,2026-08-13,54.7,1795,98,254,43,51,2,8695,Upper,0,8,6.6
user_000001,2026-08-14,54.6,2481,105,342,77,45,5,10684,Legs,4,10,8.2
user_000001,2026-08-15,54.4,1982,106,286,46,30,4,4144,Pull,0,9,9.0
user_000001,2026-08-16,54.3,1807,114,223,51,8,1,8999,Legs,3,19,6.3
user_000001,2026-08-17,54.3,2464,95,341,80,59,2,15700,Pull,4,19,6.2
user_000001,2026-08-18,54.6,2276,90,335,64,17,3,17146,Rest,,,6.8
user_000001,2026-08-19,54.6,1964,98,276,52,16,5,4191,Upper,4,19,7.2
user_000001,2026-08-20,54.9,1882,102,238,58,12,1,7156,Rest,,,7.1
user_000001,2026-08-21,55.2,2278,107,296,74,55,2,17266,Legs,5,19,5.8
user_000001,2026-08-22,55.4,1719,109,224,43,0,2,3204,Push,4,17,8.9
user_000001,2026-08-23,55.3,2007,115,272,51,44,3,11447,Pull,3,19,6.0
user_000001,2026-08-24,55.3,1750,90,253,42,34,1,5737,Rest,,,7.9
user_000001,2026-08-25,55.4,2364,90,357,64,29,3,16361,Pull,0,12,6.5
user_000001,2026-08-26,55.3,1793,99,248,45,14,3,5049,Push,5,17,7.9
user_000001,2026-08-27,55.1,1707,98,241,39,3,2,9972,Rest,,,8.9
user_000001,2026-08-28,55.4,1746,94,221,54,9,1,6801,Legs,2,10,7.8
user_000001,2026-08-29,55.1,2748,107,409,76,40,4,17834,Push,1,19,5.5
user_000001,2026-08-30,55.4,2141,88,301,65,23,2,10910,Rest,,,7.7
user_000001,2026-08-31,55.5,2002,100,288,50,29,1,14389,Push,3,15,7.4
user_000001,2026-09-01,55.8,1688,113,192,52,54,3,3215,Pull,4,8,8.8
user_000001,2026-09-02,55.7,2549,116,393,57,54,4,13846,Pull,2,14,5.8
user_000001,2026-09-03,55.7,2095,108,301,51,17,5,11940,Legs,4,13,6.1
user_000001,2026-09-04,55.5,1825,114,214,57,22,1,17206,Pull,5,19,8.8
user_000001,2026-09-05,55.5,2278,107,323,62,5,1,15624,Push,5,20,6.9
user_000001,2026-09-06,55.5,2497,93,385,65,59,3,17919,Pull,0,13,8.0
user_000001,2026-09-07,55.5,1856,111,245,48,34,2,5677,Legs,5,8,6.2
user_000001,2026-09-08,55.6,1907,99,281,43,43,2,4417,Pull,0,18,7.6
user_000001,2026-09-09,55.5,2204,100,334,52,52,1,13246,Upper,0,12,7.6
user_000001,2026-09-10,55.7,1779,96,243,47,9,1,3941,Pull,4,11,6.3
user_000001,2026-09-11,56.0,1711,101,239,39,42,1,7799,Push,5,16,7.8
user_000001,2026-09-12,56.1,2407,97,363,63,5,5,13390,Push,2,14,8.6
user_000001,2026-09-13,56.3,1827,123,237,43,25,1,7522,Rest,,,8.8
user_000001,2026-09-14,56.4,2751,113,379,87,49,4,14616,Legs,1,9,7.7
user_000001,2026-09-15,56.2,1937,114,251,53,50,1,4470,Upper,1,16,7.6
user_000001,2026-09-16,56.4,2143,103,282,67,4,4,16612,Rest,,,6.5
user_000001,2026-09-17,56.3,1652,103,202,48,0,5,8683,Upper,1,15,6.7
user_000001,2026-09-18,56.1,1997,119,243,61,32,1,6389,Rest,,,6.4
user_000001,2026-09-19,56.0,2093,107,279,61,55,1,15646,Legs,1,9,5.6
user_000001,2026-09-20,56.0,2485,94,354,77,49,5,4441,Push,4,14,6.1
user_000001,2026-09-21,56.0,2124,112,293,56,16,4,13408,Upper,4,7,7.2
user_000001,2026-09-22,55.9,2442,119,343,66,33,5,3767,Pull,5,8,6.1
user_000001,2026-09-23,55.9,2304,121,293,72,47,4,10800,Rest,,,7.3
user_000001,2026-09-24,56.1,2248,102,307,68,33,5,15717,Legs,3,12,6.2
user_000001,2026-09-25,56.3,1902,118,263,42,20,1,10143,Legs,5,18,8.4
user_000001,2026-09-26,56.5,1741,115,201,53,22,3,8598,Legs,0,17,6.7
user_000001,2026-09-27,56.4,2238,113,298,66,41,2,10063,Legs,3,9,7.1
user_000001,2026-09-28,56.5,2167,92,308,63,60,3,6794,Upper,3,11,8.3
user_000001,2026-09-29,56.5,2350,96,370,54,32,5,10749,Legs,4,9,8.6
user_000001,2026-09-30,56.6,2016,95,283,56,26,4,8527,Rest,,,7.5
user_000001,2026-10-01,56.5,2023,121,252,59,8,4,9661,Pull,3,10,8.5
user_000001,2026-10-02,56.8,1882,119,230,54,4,3,4165,Legs,4,20,5.7
user_000001,2026-10-03,57.0,1913,105,263,49,46,1,3735,Upper,4,16,6.3
user_000001,2026-10-04,57.1,2211,111,291,67,49,2,16190,Legs,4,8,6.1
user_000001,2026-10-05,57.1,1364,119,123,44,27,2,8022,Rest,,,6.1
user_000001,2026-10-06,57.0,1617,91,230,37,14,4,5836,Upper,1,9,7.4
user_000001,2026-10-07,57.1,1601,103,205,41,26,1,7157,Push,1,20,7.0
user_000001,2026-10-08,56.9,1598,114,173,50,19,4,6642,Pull,2,13,6.7
user_000001,2026-10-09,56.9,1560,106,176,48,37,2,12019,Legs,3,14,5.8
user_000001,2026-10-10,57.1,1490,103,175,42,0,5,11611,Upper,4,18,7.2
user_000001,2026-10-11,57.1,1384,105,151,40,6,3,9109,Upper,5,15,7.1
user_000001,2026-10-12,57.1,1905,116,259,45,37,4,16700,Legs,2,14,6.7
user_000001,2026-10-13,57.3,1465,104,161,45,21,4,9483,Upper,5,9,8.0
user_000001,2026-10-14,56.9,1398,110,163,34,8,2,7279,Pull,1,11,7.4
user_000001,2026-10-15,56.9,1558,95,209,38,55,3,3376,Push,3,16,7.7
user_000001,2026-10-16,56.7,1623,111,189,47,16,5,11822,Legs,4,16,8.6
user_000001,2026-10-17,56.8,1257,120,129,29,2,1,5631,Push,4,6,8.9
user_000001,2026-10-18,56.7,1770,115,233,42,35,3,6832,Push,4,11,6.5
user_000001,2026-10-19,56.5,1985,110,258,57,55,3,7819,Push,2,17,5.8
user_000001,2026-10-20,56.5,1131,96,117,31,8,3,8941,Rest,,,6.8
user_000001,2026-10-21,56.2,1276,123,133,28,25,2,15398,Legs,1,12,6.4
user_000001,2026-10-22,56.3,2072,100,292,56,49,5,16175,Rest,,,8.5
user_000001,2026-10-23,56.0,1822,121,222,50,31,5,12170,Push,4,16,8.0
user_000001,2026-10-24,55.9,1846,105,253,46,9,4,17332,Push,3,7,5.8
user_000001,2026-10-25,55.8,1433,98,168,41,40,1,14665,Pull,3,16,8.5
user_000001,2026-10-26,55.7,1360,107,161,32,23,4,14756,Rest,,,7.5
user_000001,2026-10-27,55.5,1335,111,135,39,18,2,12131,Legs,3,14,7.8
user_000001,2026-10-28,55.6,1416,117,147,40,6,2,10586,Rest,,,7.9
user_000001,2026-10-29,55.3,1532,119,156,48,18,5,13232,Push,3,15,5.7
user_000001,2026-10-30,55.0,1418,114,164,34,18,2,17697,Rest,,,6.6
user_000001,2026-10-31,55.2,1266,113,127,34,59,1,3198,Pull,5,19,6.7
user_000001,2026-11-01,54.9,1833,96,270,41,33,4,13441,Rest,,,8.5
user_000001,2026-11-02,54.9,1804,112,240,44,11,3,16903,Rest,,,8.9
user_000001,2026-11-03,54.9,1717,118,219,41,41,2,17645,Legs,2,17,8.2
user_000001,2026-11-04,55.0,1369,95,155,41,4,5,9619,Upper,1,14,8.6
user_000001,2026-11-05,55.2,1588,93,214,40,42,2,12314,Legs,1,19,8.5
user_000001,2026-11-06,55.3,1474,111,172,38,18,2,14294,Upper,5,13,7.1
user_000001,2026-11-07,55.1,1876,104,257,48,37,2,17301,Rest,,,8.3
user_000001,2026-11-08,55.1,1333,91,177,29,58,2,4346,Pull,3,17,7.6
user_000001,2026-11-09,55.3,1732,106,228,44,3,1,14398,Upper,3,14,8.4
user_000001,2026-11-10,55.4,1835,97,265,43,24,1,14948,Legs,0,19,8.1
user_000001,2026-11-11,55.6,1874,112,262,42,3,5,12935,Rest,,,8.2
user_000001,2026-11-12,55.5,1426,91,162,46,19,3,6872,Upper,1,15,8.1
user_000001,2026-11-13,55.5,1395,90,171,39,28,4,6245,Pull,4,16,8.0
user_000001,2026-11-14,55.3,2067,97,269,67,40,4,15129,Upper,3,11,7.7
user_000001,2026-11-15,55.5,1783,101,212,59,7,4,17557,Rest,,,6.0
user_000001,2026-11-16,55.3,1624,94,195,52,6,3,13944,Upper,2,13,7.6
user_000001,2026-11-17,55.4,1471,97,192,35,60,2,9249,Pull,3,15,7.6
user_000001,2026-11-18,55.1,1648,94,219,44,41,1,9175,Push,3,6,9.0
user_000001,2026-11-19,54.9,1355,118,142,35,29,2,6355,Rest,,,8.3
user_000001,2026-11-20,55.1,1203,93,138,31,9,5,4957,Push,3,15,7.8
user_000001,2026-11-21,55.3,1573,110,182,45,39,3,6719,Upper,5,13,6.0
user_000001,2026-11-22,55.2,1203,120,111,31,2,1,10344,Legs,4,12,8.0
user_000001,2026-11-23,55.5,1747,105,208,55,44,1,17455,Push,5,16,7.9
user_000001,2026-11-24,55.2,1213,119,110,33,4,3,9171,Legs,2,6,7.6
user_000001,2026-11-25,55.1,1624,120,205,36,32,4,6841,Pull,0,20,8.5
user_000001,2026-11-26,55.1,1347,118,131,39,47,2,7480,Upper,5,8,8.9
user_000001,2026-11-27,55.3,1690,89,248,38,47,1,17778,Pull,4,17,8.8
user_000002,2026-07-01,51.3,1985,97,253,65,22,5,14894,Rest,,,8.4
user_000002,2026-07-02,51.2,2554,112,360,74,43,5,15441,Legs,3,8,6.6
user_000002,2026-07-03,51.4,1883,112,226,59,5,1,9517,Push,5,8,9.0
user_000002,2026-07-04,51.7,1964,101,282,48,8,5,13993,Pull,2,18,5.8
user_000002,2026-07-05,51.9,2211,100,329,55,49,3,16339,Legs,3,10,6.7
user_000002,2026-07-06,51.7,2175,108,276,71,34,2,10225,Pull,4,17,8.3
user_000002,2026-07-07,51.7,1926,94,293,42,23,4,9117,Pull,0,18,7.4
user_000002,2026-07-08,51.8,2242,92,329,62,57,4,13493,Legs,5,6,7.0
user_000002,2026-07-09,51.8,1727,90,254,39,40,1,12535,Rest,,,5.9
user_000002,2026-07-10,51.6,1834,105,259,42,8,5,13114,Push,5,8,7.8
user_000002,2026-07-11,51.4,1733,100,232,45,42,1,10707,Legs,3,6,6.8
user_000002,2026-07-12,51.4,1939,104,266,51,34,5,9272,Legs,0,10,8.1
user_000002,2026-07-13,51.2,1910,87,260,58,33,4,4626,Push,5,10,8.8
user_000002,2026-07-14,50.9,1663,107,194,51,10,2,10169,Pull,3,16,7.7
user_000002,2026-07-15,50.9,1909,85,291,45,33,2,12026,Push,2,20,5.9
user_000002,2026-07-16,51.0,1406,82,166,46,2,1,7287,Upper,5,19,5.6
user_000002,2026-07-17,51.2,1872,94,248,56,25,5,6212,Push,1,8,6.5
user_000002,2026-07-18,51.1,1975,85,294,51,41,4,7570,Push,5,10,8.3
user_000002,2026-07-19,50.8,2308,90,334,68,40,5,11638,Pull,2,16,7.5
user_000002,2026-07-20,50.6,1517,83,186,49,32,2,3387,Push,4,7,8.0
user_000002,2026-07-21,50.4,2375,85,340,75,43,5,16034,Push,1,18,8.3
user_000002,2026-07-22,50.6,1820,97,232,56,0,3,10624,Rest,,,9.0
user_000002,2026-07-23,50.6,1903,89,281,47,46,4,7287,Pull,0,6,7.1
user_000002,2026-07-24,50.9,2414,88,358,70,56,3,17612,Upper,5,13,6.8
user_000002,2026-07-25,50.9,1757,109,220,49,9,4,9195,Rest,,,6.8
user_000002,2026-07-26,51.0,1781,102,224,53,29,3,5714,Upper,3,7,6.4
user_000002,2026-07-27,50.9,1880,85,250,60,6,3,16207,Legs,2,19,7.6
user_000002,2026-07-28,51.0,2322,82,359,62,53,4,16837,Upper,1,18,8.4
user_000002,2026-07-29,50.9,2506,100,387,62,30,5,13008,Pull,5,10,6.8
user_000002,2026-07-30,50.7,2818,95,434,78,53,5,15472,Push,3,9,8.1
user_000002,2026-07-31,51.0,1960,93,271,56,0,2,5253,Pull,1,12,6.6
user_000002,2026-08-01,51.1,1681,83,245,41,57,1,3420,Rest,,,7.4
user_000002,2026-08-02,51.3,1779,83,238,55,12,5,17732,Legs,2,8,7.8
user_000002,2026-08-03,51.5,1936,82,285,52,20,3,10279,Pull,5,14,6.1
user_000002,2026-08-04,51.8,1674,92,214,50,49,1,5189,Upper,1,15,8.5
user_000002,2026-08-05,51.8,1658,103,226,38,34,1,6566,Upper,3,9,6.5
user_000002,2026-08-06,51.6,2111,86,318,55,52,2,16336,Pull,3,11,6.3
user_000002,2026-08-07,51.4,1976,99,278,52,56,4,3083,Legs,4,14,8.9
user_000002,2026-08-08,51.3,1424,92,174,40,4,5,7509,Push,5,7,5.7
user_000002,2026-08-09,51.3,1683,101,223,43,31,1,16007,Legs,3,18,5.8
user_000002,2026-08-10,51.1,1583,92,198,47,25,2,9631,Upper,0,18,5.5
user_000002,2026-08-11,50.9,1580,84,203,48,8,5,7022,Pull,1,9,6.3
user_000002,2026-08-12,50.7,1745,100,226,49,3,3,13261,Rest,,,5.7
user_000002,2026-08-13,50.4,2091,106,293,55,53,3,8843,Pull,1,9,8.4
user_000002,2026-08-14,50.6,2162,104,324,50,51,2,13932,Rest,,,5.5
user_000002,2026-08-15,50.3,1395,110,142,43,4,1,9391,Legs,4,20,6.3
user_000002,2026-08-16,50.3,1609,84,199,53,40,2,9024,Pull,0,9,8.6
user_000002,2026-08-17,50.4,1567,94,210,39,12,1,6900,Upper,1,14,8.0
user_000002,2026-08-18,50.5,1983,105,276,51,12,2,10733,Rest,,,5.7
user_000002,2026-08-19,50.3,1956,82,272,60,36,3,15499,Push,4,7,7.0
user_000002,2026-08-20,50.3,2193,87,342,53,60,4,13055,Rest,,,6.8
user_000002,2026-08-21,50.4,1566,95,193,46,39,1,4640,Rest,,,7.9
user_000002,2026-08-22,50.7,1752,103,227,48,56,1,13297,Legs,3,14,7.9
user_000002,2026-08-23,50.6,1938,95,259,58,55,4,8563,Pull,2,9,6.3
user_000002,2026-08-24,50.3,1846,82,285,42,49,3,4328,Pull,0,20,7.3
user_000002,2026-08-25,50.0,1823,87,245,55,17,3,11307,Rest,,,8.8
user_000002,2026-08-26,50.1,1544,80,225,36,0,1,5921,Push,3,16,6.5
user_000002,2026-08-27,49.9,2603,97,412,63,46,5,17070,Upper,5,6,5.7
user_000002,2026-08-28,49.7,1614,95,196,50,10,5,5506,Pull,1,11,7.5
user_000002,2026-08-29,49.9,1908,91,251,60,10,1,16259,Legs,4,10,8.7
user_000002,2026-08-30,50.1,1804,91,252,48,10,4,4864,Push,0,6,8.6
user_000002,2026-08-31,49.9,1707,92,220,51,54,1,4170,Legs,2,17,8.0
user_000002,2026-09-01,49.9,1868,96,263,48,18,3,7583,Pull,4,11,5.7
user_000002,2026-09-02,49.9,1997,94,304,45,19,3,17154,Upper,1,11,5.7
user_000002,2026-09-03,49.8,2424,84,369,68,45,5,12745,Pull,0,15,6.3
user_000002,2026-09-04,49.9,1760,104,210,56,14,3,15313,Upper,2,15,8.6
user_000002,2026-09-05,50.1,1968,81,294,52,49,1,9722,Push,1,13,7.1
user_000002,2026-09-06,50.3,1739,88,232,51,51,2,11580,Push,3,13,6.5
user_000002,2026-09-07,50.0,2086,81,301,62,39,3,15521,Rest,,,6.2
user_000002,2026-09-08,49.7,1768,96,256,40,19,2,17296,Upper,4,6,7.8
user_000002,2026-09-09,49.9,1626,103,200,46,17,3,6267,Push,1,9,7.5
user_000002,2026-09-10,49.8,1772,109,217,52,26,3,12720,Legs,4,11,7.5
user_000002,2026-09-11,50.1,2434,109,351,66,35,5,17658,Pull,4,16,5.6
user_000002,2026-09-12,50.0,1816,97,231,56,9,5,4136,Upper,3,13,7.1
user_000002,2026-09-13,50.1,1900,97,279,44,34,2,14569,Pull,4,11,7.6
user_000002,2026-09-14,50.4,2506,103,357,74,52,4,11177,Push,2,15,7.8
user_000002,2026-09-15,50.7,1563,88,197,47,49,1,5451,Legs,2,14,6.0
user_000002,2026-09-16,50.6,2119,83,296,67,5,4,17032,Push,0,7,5.7
user_000002,2026-09-17,50.6,1477,98,197,33,4,5,4221,Rest,,,5.8
user_000002,2026-09-18,50.5,1711,96,235,43,1,5,11440,Legs,0,15,8.8
user_000002,2026-09-19,50.8,1593,85,203,49,12,1,4888,Push,1,11,8.0
user_000002,2026-09-20,50.7,1692,108,216,44,43,2,6216,Pull,5,7,7.3
user_000002,2026-09-21,50.9,1827,88,245,55,29,2,6888,Legs,0,6,6.7
user_000002,2026-09-22,51.0,1857,101,244,53,5,4,12333,Pull,0,6,6.4
user_000002,2026-09-23,51.0,1840,103,249,48,18,1,11606,Rest,,,6.4
user_000002,2026-09-24,50.9,2108,85,289,68,57,5,3089,Push,1,6,7.7
user_000002,2026-09-25,50.7,1876,93,241,60,7,2,16266,Rest,,,7.0
user_000002,2026-09-26,50.4,1628,81,209,52,17,1,13544,Push,5,16,7.5
user_000002,2026-09-27,50.1,1920,84,261,60,25,1,17911,Upper,2,18,8.4
user_000002,2026-09-28,50.4,2507,85,382,71,44,3,8118,Legs,3,8,7.1
user_000002,2026-09-29,50.6,1945,82,303,45,33,5,4500,Legs,2,7,5.7
user_000002,2026-09-30,50.4,1881,90,279,45,38,4,3712,Upper,1,8,5.7
user_000002,2026-10-01,50.6,2234,108,329,54,49,2,13454,Rest,,,7.1
user_000002,2026-10-02,50.6,1940,87,290,48,9,3,13172,Upper,2,12,7.6
user_000002,2026-10-03,50.6,2024,81,317,48,39,1,13166,Legs,2,16,8.6
user_000002,2026-10-04,50.8,2151,89,325,55,54,3,10170,Legs,4,19,5.8
user_000002,2026-10-05,50.9,2153,108,275,69,43,3,10187,Legs,2,13,5.9
user_000002,2026-10-06,50.6,1671,108,213,43,28,2,12929,Pull,1,8,7.3
user_000002,2026-10-07,50.7,1585,94,210,41,13,1,5610,Push,2,20,6.2
user_000002,2026-10-08,50.6,1991,89,303,47,54,3,12329,Rest,,,6.6
user_000002,2026-10-09,50.6,1768,104,230,48,25,4,5394,Pull,5,19,6.4
user_000002,2026-10-10,50.7,1886,82,295,42,54,1,14875,Pull,1,15,6.0
user_000002,2026-10-11,50.6,2198,84,317,66,43,4,10783,Upper,5,12,7.6
user_000002,2026-10-12,50.4,1489,90,199,37,17,5,5067,Legs,1,9,7.9
user_000002,2026-10-13,50.6,1922,99,242,62,21,5,7540,Legs,4,19,8.6
user_000002,2026-10-14,50.5,2279,95,306,75,47,2,13275,Pull,4,6,6.3
user_000002,2026-10-15,50.6,1407,92,190,31,19,2,7850,Upper,2,12,6.3
user_000002,2026-10-16,50.6,1552,108,190,40,17,1,11550,Push,4,16,5.9
user_000002,2026-10-17,50.7,1767,88,239,51,19,5,5395,Legs,5,10,7.5
user_000002,2026-10-18,51.0,2154,105,321,50,21,2,17229,Legs,2,10,8.0
user_000002,2026-10-19,51.0,1531,84,220,35,8,1,8142,Upper,4,10,8.7
user_000002,2026-10-20,51.3,1813,107,218,57,10,2,10059,Pull,5,15,7.2
user_000002,2026-10-21,51.1,2072,91,310,52,46,4,8978,Upper,0,10,8.3
user_000002,2026-10-22,51.3,1433,107,168,37,32,2,3671,Pull,0,8,7.8
user_000002,2026-10-23,51.4,1903,94,258,55,12,3,10885,Upper,3,11,5.9
user_000002,2026-10-24,51.6,1946,89,276,54,1,4,17799,Pull,5,7,7.3
user_000002,2026-10-25,51.4,2121,99,303,57,29,4,11377,Upper,0,7,7.6
user_000002,2026-10-26,51.1,1643,92,222,43,9,1,10534,Rest,,,8.3
user_000002,2026-10-27,50.9,1788,108,213,56,54,1,10155,Rest,,,6.6
user_000002,2026-10-28,50.7,1901,95,243,61,41,1,15011,Push,0,12,6.2
user_000002,2026-10-29,50.7,1483,86,206,35,0,3,3577,Pull,4,15,5.6
user_000002,2026-10-30,50.6,2123,85,322,55,51,4,16881,Upper,3,20,8.4
user_000002,2026-10-31,50.4,1753,93,253,41,2,1,8027,Rest,,,8.6
user_000002,2026-11-01,50.4,1658,104,216,42,8,1,15064,Legs,3,19,7.4
user_000002,2026-11-02,50.6,1968,89,304,44,57,1,15081,Upper,4,6,5.6
user_000002,2026-11-03,50.5,1686,85,242,42,14,4,7265,Legs,1,15,8.7
user_000002,2026-11-04,50.3,1878,84,264,54,37,3,6744,Push,1,11,6.3
user_000002,2026-11-05,50.4,2159,103,277,71,20,3,13086,Pull,1,20,6.7
user_000002,2026-11-06,50.5,2179,107,278,71,33,5,13545,Pull,3,8,7.6
user_000002,2026-11-07,50.5,1765,96,217,57,36,1,7137,Rest,,,6.5
user_000002,2026-11-08,50.7,1890,100,251,54,44,4,5363,Push,2,9,6.6
user_000002,2026-11-09,50.5,1588,94,204,44,3,5,7056,Upper,0,18,6.6
user_000002,2026-11-10,50.4,1447,96,178,39,6,2,6886,Upper,5,7,7.4
user_000002,2026-11-11,50.2,1930,97,273,50,57,2,9615,Pull,2,15,6.8
user_000002,2026-11-12,50.3,2064,104,277,60,56,3,10989,Upper,1,14,8.2
user_000002,2026-11-13,50.6,2141,95,312,57,38,2,9795,Upper,1,10,6.1
user_000002,2026-11-14,50.8,2039,91,286,59,37,2,17090,Push,2,15,8.6
user_000002,2026-11-15,50.9,1891,104,263,47,12,2,15623,Rest,,,7.6
user_000002,2026-11-16,50.8,2179,107,278,71,41,5,11705,Pull,3,15,7.8
user_000002,2026-11-17,51.1,2240,104,339,52,59,3,9226,Pull,0,12,6.9
user_000002,2026-11-18,51.2,2550,104,385,66,60,5,3068,Legs,5,10,7.0
user_000002,2026-11-19,51.3,2139,96,279,71,43,5,13111,Rest,,,6.0
user_000002,2026-11-20,51.1,2013,107,295,45,18,2,15948,Legs,5,6,8.0
user_000002,2026-11-21,51.0,2056,107,254,68,24,2,5144,Push,1,15,6.0
user_000002,2026-11-22,51.1,1936,104,236,64,19,5,16832,Upper,2,17,8.2
user_000002,2026-11-23,51.0,1923,93,291,43,17,5,5609,Pull,3,8,7.3
user_000002,2026-11-24,50.7,1671,103,200,51,27,3,7365,Pull,2,6,8.1
user_000002,2026-11-25,50.7,1717,82,246,45,16,5,3586,Rest,,,5.8
user_000002,2026-11-26,50.8,1874,81,257,58,26,4,3797,Legs,4,10,8.1
user_000002,2026-11-27,50.9,1664,84,215,52,31,1,3130,Legs,2,20,7.2
user_000003,2026-07-01,51.2,1108,112,93,32,29,1,8678,Upper,5,14,8.8
user_000003,2026-07-02,51.3,1374,106,143,42,13,2,14043,Push,3,14,8.1
user_000003,2026-07-03,51.3,1088,108,92,32,26,1,6860,Push,1,13,6.9
user_000003,2026-07-04,51.0,1362,100,146,42,27,2,13458,Upper,0,17,5.9
user_000003,2026-07-05,50.6,1548,82,206,44,34,4,17111,Upper,3,18,6.3
user_000003,2026-07-06,50.3,1956,84,279,56,54,5,13251,Upper,2,12,7.7
user_000003,2026-07-07,50.5,1785,103,242,45,43,4,11112,Upper,2,16,8.7
user_000003,2026-07-08,50.2,1601,103,196,45,43,5,7848,Rest,,,8.8
user_000003,2026-07-09,50.4,1324,92,149,40,40,2,9565,Pull,5,19,5.6
user_000003,2026-07-10,50.6,1080,98,100,32,9,1,5357,Pull,4,10,5.6
user_000003,2026-07-11,50.5,1435,100,153,47,4,2,16058,Upper,5,6,7.5
user_000003,2026-07-12,50.7,1373,89,171,37,49,1,10998,Pull,2,15,5.6
user_000003,2026-07-13,50.6,1318,108,154,30,54,2,5293,Pull,0,16,7.1
user_000003,2026-07-14,50.3,1220,96,128,36,37,1,7476,Push,1,19,8.0
user_000003,2026-07-15,50.0,1200,93,135,32,52,3,5897,Upper,3,13,8.2
user_000003,2026-07-16,49.9,1345,88,165,37,5,5,15942,Legs,2,9,6.5
user_000003,2026-07-17,49.7,1098,93,123,26,36,1,5178,Rest,,,8.4
user_000003,2026-07-18,49.3,1427,100,178,35,10,3,17506,Rest,,,7.5
user_000003,2026-07-19,49.4,1369,104,155,37,41,3,12537,Upper,1,20,7.0
user_000003,2026-07-20,49.5,1072,99,115,24,0,2,6919,Push,5,18,7.2
user_000003,2026-07-21,49.3,1368,83,178,36,59,4,11617,Pull,1,12,7.7
user_000003,2026-07-22,49.4,1944,107,235,64,35,5,17420,Push,2,8,5.9
user_000003,2026-07-23,49.3,1074,83,127,26,15,1,4165,Pull,2,12,6.6
user_000003,2026-07-24,49.4,1546,103,180,46,28,2,17958,Pull,4,18,6.5
user_000003,2026-07-25,49.7,1510,94,189,42,10,3,11940,Push,1,13,8.6
user_000003,2026-07-26,49.9,1076,88,118,28,5,5,5420,Legs,1,13,8.3
user_000003,2026-07-27,49.7,1526,85,193,46,43,2,16972,Rest,,,8.5
user_000003,2026-07-28,49.7,1410,106,152,42,37,4,10629,Pull,5,18,8.9
user_000003,2026-07-29,49.8,1376,94,178,32,46,3,9471,Pull,3,13,8.0
user_000003,2026-07-30,49.8,1204,83,128,40,25,1,12996,Upper,2,18,8.8
user_000003,2026-07-31,49.7,1717,101,236,41,38,5,9260,Legs,1,18,9.0
user_000003,2026-08-01,49.5,1074,84,126,26,3,2,7036,Rest,,,7.8
user_000003,2026-08-02,49.3,1456,91,201,32,8,3,10579,Push,0,17,7.9
user_000003,2026-08-03,49.3,1327,94,150,39,19,1,16085,Legs,2,17,8.6
user_000003,2026-08-04,49.3,1349,81,173,37,28,2,14122,Push,4,20,7.9
user_000003,2026-08-05,49.0,1071,96,93,35,8,1,5619,Push,0,14,6.4
user_000003,2026-08-06,49.2,1070,95,105,30,4,2,6081,Upper,5,20,7.2
user_000003,2026-08-07,48.9,1092,86,115,32,0,1,3544,Push,1,10,8.9
user_000003,2026-08-08,49.1,1372,106,156,36,26,1,11707,Legs,5,14,6.1
user_000003,2026-08-09,48.8,1257,86,136,41,9,3,3120,Rest,,,8.1
user_000003,2026-08-10,48.5,1395,104,166,35,42,2,12921,Pull,3,19,7.0
user_000003,2026-08-11,48.2,1681,80,239,45,51,5,4879,Pull,3,8,8.6
user_000003,2026-08-12,48.2,1320,84,165,36,38,4,6359,Rest,,,7.2
user_000003,2026-08-13,47.9,1143,92,124,31,42,1,11521,Pull,2,20,8.3
user_000003,2026-08-14,47.7,1108,86,110,36,28,2,5153,Upper,4,17,6.9
user_000003,2026-08-15,47.8,1060,86,125,24,38,1,6473,Upper,1,6,7.6
user_000003,2026-08-16,47.6,1566,97,209,38,28,1,13872,Upper,2,18,7.7
user_000003,2026-08-17,47.5,1486,89,197,38,56,2,13941,Rest,,,6.0
user_000003,2026-08-18,47.8,1584,94,221,36,41,4,15817,Rest,,,6.8
user_000003,2026-08-19,47.5,1238,85,139,38,26,3,9421,Rest,,,7.5
user_000003,2026-08-20,47.6,1415,100,157,43,7,4,14389,Push,2,16,7.6
user_000003,2026-08-21,47.3,1243,101,122,39,7,5,4251,Legs,2,10,6.3
user_000003,2026-08-22,47.4,1593,92,214,41,44,2,13354,Upper,5,19,8.9
user_000003,2026-08-23,47.6,1268,82,163,32,6,2,6590,Legs,0,12,6.4
user_000003,2026-08-24,47.6,1412,84,188,36,35,1,9530,Rest,,,8.4
user_000003,2026-08-25,47.7,1511,98,201,35,55,4,8209,Legs,2,7,8.7
user_000003,2026-08-26,47.6,1546,97,177,50,58,3,3524,Rest,,,5.8
user_000003,2026-08-27,47.2,1420,81,202,32,32,3,7801,Push,4,19,7.7
user_000003,2026-08-28,47.3,1340,77,186,32,22,5,12758,Push,0,15,7.7
user_000003,2026-08-29,47.3,1101,84,126,29,18,4,11505,Legs,1,7,8.6
user_000003,2026-08-30,47.4,1290,96,150,34,23,5,3863,Push,4,10,8.0
user_000003,2026-08-31,47.1,1056,80,112,32,42,1,10422,Push,1,12,6.9
user_000003,2026-09-01,46.8,1362,76,197,30,17,2,9367,Rest,,,7.6
user_000003,2026-09-02,46.5,1415,75,200,35,10,2,6303,Pull,2,16,7.2
user_000003,2026-09-03,46.4,1752,87,225,56,34,5,9679,Rest,,,8.9
user_000003,2026-09-04,46.3,1111,88,120,31,11,2,9820,Legs,4,14,6.0
user_000003,2026-09-05,46.1,1323,97,137,43,47,1,13481,Pull,4,13,6.6
user_000003,2026-09-06,46.0,1880,88,256,56,56,5,10721,Rest,,,8.2
user_000003,2026-09-07,45.8,1107,85,131,27,43,1,12383,Push,2,13,5.5
user_000003,2026-09-08,45.5,1391,75,194,35,44,3,14797,Rest,,,6.6
user_000003,2026-09-09,45.6,1535,98,180,47,33,4,3273,Rest,,,8.7
user_000003,2026-09-10,45.6,1403,87,167,43,32,2,11345,Push,3,11,6.5
user_000003,2026-09-11,45.2,1039,92,116,23,1,4,4870,Push,0,19,5.7
user_000003,2026-09-12,45.1,1617,72,231,45,47,4,7228,Push,1,15,7.3
user_000003,2026-09-13,45.2,1439,81,182,43,27,4,8957,Pull,5,11,8.8
user_000003,2026-09-14,45.3,1188,96,120,36,52,3,3971,Upper,2,14,5.8
user_000003,2026-09-15,45.2,1330,89,176,30,21,3,13987,Rest,,,8.1
user_000003,2026-09-16,45.2,1347,77,172,39,16,1,17128,Push,2,10,6.5
user_000003,2026-09-17,45.1,1215,78,147,35,1,1,16101,Pull,2,6,7.2
user_000003,2026-09-18,45.2,1319,94,148,39,31,5,10979,Pull,0,17,7.1
user_000003,2026-09-19,45.1,1038,87,105,30,4,2,15819,Push,3,17,7.1
user_000003,2026-09-20,45.3,1333,80,179,33,4,4,9509,Rest,,,5.8
user_000003,2026-09-21,45.3,2008,98,260,64,54,5,16861,Pull,0,10,6.9
user_000003,2026-09-22,45.3,1328,97,145,40,41,1,16362,Upper,3,14,8.1
user_000003,2026-09-23,45.0,1300,79,156,40,38,3,10419,Rest,,,6.0
user_000003,2026-09-24,45.0,1749,84,234,53,44,5,5775,Upper,3,16,6.7
user_000003,2026-09-25,45.1,1316,96,161,32,25,4,10563,Push,2,11,6.4
user_000003,2026-09-26,45.0,1036,78,118,28,16,4,3092,Rest,,,6.5
user_000003,2026-09-27,44.8,1135,97,108,35,1,5,6176,Pull,3,11,6.5
user_000003,2026-09-28,45.0,1834,88,276,42,49,5,6747,Rest,,,5.8
user_000003,2026-09-29,45.2,1261,72,169,33,14,4,11720,Upper,2,10,6.1
user_000003,2026-09-30,44.8,1198,92,140,30,54,1,12240,Push,0,8,6.9
user_000003,2026-10-01,45.0,1324,87,145,44,25,4,8870,Upper,3,15,8.2
user_000003,2026-10-02,44.8,1663,79,249,39,57,3,17079,Legs,5,18,6.2
user_000003,2026-10-03,44.7,1096,93,127,24,11,3,9549,Pull,4,9,6.9
user_000003,2026-10-04,44.6,1644,88,233,40,29,4,14745,Pull,0,11,8.8
user_000003,2026-10-05,44.6,1438,80,203,34,38,2,16721,Legs,4,16,7.3
user_000003,2026-10-06,44.6,1031,96,92,31,9,5,7308,Upper,2,12,6.6
user_000003,2026-10-07,44.8,1758,85,224,58,58,4,5137,Rest,,,6.4
user_000003,2026-10-08,44.8,1558,90,196,46,56,2,14480,Pull,0,13,7.5
user_000003,2026-10-09,44.4,1055,94,109,27,29,2,6092,Upper,1,9,8.6
user_000003,2026-10-10,44.2,1568,72,239,36,59,4,4579,Push,5,6,6.4
user_000003,2026-10-11,44.3,1335,88,149,43,23,4,15944,Upper,4,14,8.1
user_000003,2026-10-12,44.5,1398,92,154,46,31,3,12503,Rest,,,8.9
user_000003,2026-10-13,44.4,1037,76,127,25,20,1,9611,Push,4,14,6.3
user_000003,2026-10-14,44.2,1439,91,181,39,3,1,13361,Rest,,,7.1
user_000003,2026-10-15,44.0,1140,94,128,28,5,4,10736,Push,1,6,6.7
user_000003,2026-10-16,43.8,1492,93,172,48,6,5,11772,Push,3,17,8.0
user_000003,2026-10-17,44.0,1356,85,182,32,32,1,13504,Upper,1,8,7.5
user_000003,2026-10-18,43.9,1642,79,237,42,51,2,6198,Legs,4,12,6.8
user_000003,2026-10-19,43.8,1567,71,233,39,57,1,11605,Push,0,12,7.7
user_000003,2026-10-20,43.7,1551,80,202,47,14,2,17945,Push,3,6,5.8
user_000003,2026-10-21,43.6,1576,86,209,44,9,1,12774,Pull,0,18,6.5
user_000003,2026-10-22,43.6,1843,77,269,51,32,5,9954,Legs,4,17,6.2
user_000003,2026-10-23,43.6,1408,85,195,32,4,2,11119,Pull,5,19,8.0
user_000003,2026-10-24,43.6,1302,91,140,42,51,2,6782,Legs,3,19,8.5
user_000003,2026-10-25,43.6,1220,71,144,40,5,5,9707,Upper,1,15,6.6
user_000003,2026-10-26,43.7,1311,91,149,39,14,1,6834,Upper,3,8,7.9
user_000003,2026-10-27,43.8,1198,73,159,30,58,1,10344,Pull,3,11,6.2
user_000003,2026-10-28,43.9,1285,83,155,37,7,2,5602,Legs,5,6,6.1
user_000003,2026-10-29,43.6,1631,93,200,51,33,4,8134,Upper,0,19,6.4
user_000003,2026-10-30,43.7,1310,71,162,42,23,3,6400,Upper,3,16,6.7
user_000003,2026-10-31,43.6,1653,89,232,41,25,4,8547,Rest,,,6.9
user_000003,2026-11-01,43.8,1455,94,173,43,17,3,15742,Push,0,19,7.1
user_000003,2026-11-02,43.6,1104,91,113,32,57,1,7411,Rest,,,6.0
user_000003,2026-11-03,43.7,1178,90,137,30,42,2,8705,Push,4,7,5.9
user_000003,2026-11-04,43.8,1307,77,162,39,24,2,8604,Rest,,,5.9
user_000003,2026-11-05,43.9,1648,81,232,44,48,4,7580,Push,4,17,7.4
user_000003,2026-11-06,44.1,1609,85,207,49,24,4,7334,Push,1,9,8.7
user_000003,2026-11-07,44.0,1490,83,195,42,44,1,7062,Upper,2,17,6.3
user_000003,2026-11-08,44.3,1530,86,184,50,54,4,7587,Pull,5,18,8.8
user_000003,2026-11-09,44.2,1366,83,191,30,35,5,8388,Legs,2,16,5.7
user_000003,2026-11-10,44.2,1273,81,154,37,7,2,9065,Rest,,,6.7
user_000003,2026-11-11,44.3,1221,76,155,33,28,2,7956,Legs,4,14,8.1
user_000003,2026-11-12,44.0,1350,73,170,42,45,2,6576,Legs,1,14,8.5
user_000003,2026-11-13,43.8,1824,94,245,52,57,3,15819,Upper,2,13,8.9
user_000003,2026-11-14,43.8,1394,77,168,46,13,1,5031,Legs,4,10,6.3
user_000003,2026-11-15,43.8,1692,93,231,44,11,4,11663,Pull,0,6,8.5
user_000003,2026-11-16,43.7,1763,86,258,43,15,1,17997,Upper,0,9,5.7
user_000003,2026-11-17,43.6,1798,73,255,54,32,3,12419,Pull,5,9,6.2
user_000003,2026-11-18,43.6,2010,84,270,66,48,4,7523,Rest,,,6.8
user_000003,2026-11-19,43.6,2021,74,294,61,42,3,16894,Upper,2,16,5.7
user_000003,2026-11-20,43.6,1766,92,246,46,55,2,5813,Pull,1,9,8.3
user_000003,2026-11-21,43.7,2103,94,326,47,59,4,17551,Pull,0,18,6.5
user_000003,2026-11-22,43.7,1709,77,240,49,59,2,9995,Upper,3,13,8.4
user_000003,2026-11-23,43.6,1678,88,246,38,56,1,12688,Rest,,,8.1
user_000003,2026-11-24,43.8,1747,80,233,55,37,2,10478,Upper,1,9,7.7
user_000003,2026-11-25,43.8,2130,90,321,54,30,4,17418,Push,4,20,6.1
user_000003,2026-11-26,43.6,2149,74,308,69,38,4,16705,Legs,5,10,7.3
user_000003,2026-11-27,43.6,1716,87,225,52,39,2,15543,Rest,,,7.3
user_000004,2026-07-01,51.5,1349,106,148,37,2,3,3973,Upper,1,19,5.7
user_000004,2026-07-02,51.7,2050,100,291,54,52,4,7476,Pull,4,11,7.5
user_000004,2026-07-03,51.5,1520,111,188,36,4,5,12145,Upper,1,13,5.8
user_000004,2026-07-04,51.8,2131,110,299,55,42,3,14613,Legs,3,13,7.5
user_000004,2026-07-05,51.8,2051,96,302,51,58,4,9005,Pull,0,8,6.3
user_000004,2026-07-06,52.0,1692,110,223,40,31,4,3949,Push,4,6,5.9
user_000004,2026-07-07,51.9,1946,94,289,46,34,5,10145,Pull,5,15,7.5
user_000004,2026-07-08,52.1,2312,92,351,60,54,5,9858,Push,1,19,7.3
user_000004,2026-07-09,51.9,2147,86,327,55,31,4,14156,Pull,2,6,7.4
user_000004,2026-07-10,52.0,2316,108,345,56,36,5,9659,Rest,,,8.6
user_000004,2026-07-11,51.9,2017,101,275,57,35,4,14277,Rest,,,6.6
user_000004,2026-07-12,52.1,2068,100,291,56,43,4,4067,Legs,2,7,9.0
user_000004,2026-07-13,52.3,1622,86,225,42,8,2,14350,Pull,1,7,8.0
user_000004,2026-07-14,52.5,1983,103,251,63,56,3,9777,Upper,1,20,6.6
user_000004,2026-07-15,52.4,1911,93,279,47,7,2,14625,Legs,4,7,8.2
user_000004,2026-07-16,52.5,2129,109,268,69,50,2,16256,Pull,4,14,8.0
user_000004,2026-07-17,52.5,1962,107,244,62,4,5,16439,Push,5,16,6.5
user_000004,2026-07-18,52.2,1572,91,203,44,34,1,12769,Rest,,,6.1
user_000004,2026-07-19,52.5,1586,86,207,46,26,5,3661,Pull,4,13,6.9
user_000004,2026-07-20,52.3,1783,101,248,43,9,2,16444,Legs,4,14,6.4
user_000004,2026-07-21,52.2,2146,105,283,66,48,4,14261,Upper,0,16,8.9
user_000004,2026-07-22,52.0,1889,96,266,49,40,3,4108,Rest,,,6.7
user_000004,2026-07-23,51.9,1575,107,199,39,20,5,5094,Legs,1,11,8.7
user_000004,2026-07-24,51.6,1895,106,271,43,51,2,10749,Legs,1,13,6.9
user_000004,2026-07-25,51.3,1998,98,280,54,40,4,13526,Legs,0,10,6.3
user_000004,2026-07-26,51.5,1782,100,251,42,35,3,3833,Pull,1,16,8.8
user_000004,2026-07-27,51.3,1477,110,185,33,7,3,3390,Legs,5,7,6.2
user_000004,2026-07-28,51.1,1846,83,248,58,51,4,5315,Pull,3,9,8.4
user_000004,2026-07-29,51.0,1865,95,243,57,16,1,12731,Upper,2,6,8.2
user_000004,2026-07-30,50.9,1818,94,257,46,53,3,6103,Legs,0,6,8.2
user_000004,2026-07-31,50.9,2015,110,270,55,19,5,14934,Rest,,,5.8
user_000004,2026-08-01,50.7,1885,109,252,49,54,2,13808,Rest,,,7.4
user_000004,2026-08-02,50.6,2010,106,248,66,49,5,10054,Rest,,,7.2
user_000004,2026-08-03,50.3,1854,106,254,46,35,4,11076,Upper,3,18,7.8
user_000004,2026-08-04,50.5,2086,86,305,58,25,5,16557,Rest,,,8.6
user_000004,2026-08-05,50.3,1659,96,222,43,11,3,6109,Rest,,,8.4
user_000004,2026-08-06,50.4,2033,94,313,45,15,3,17614,Upper,1,9,8.4
user_000004,2026-08-07,50.2,2016,102,276,56,43,3,4072,Legs,1,16,6.6
user_000004,2026-08-08,50.0,1577,107,204,37,23,4,7773,Legs,4,6,5.6
user_000004,2026-08-09,49.7,1719,88,245,43,16,5,10565,Legs,5,19,5.5
user_000004,2026-08-10,49.8,1808,80,255,52,40,2,13541,Pull,1,15,8.6
user_000004,2026-08-11,50.0,1606,87,229,38,16,1,8019,Rest,,,7.7
user_000004,2026-08-12,49.7,1583,96,194,47,6,1,8499,Push,1,18,8.9
user_000004,2026-08-13,49.5,2059,91,318,47,57,5,10758,Legs,4,11,7.1
user_000004,2026-08-14,49.5,2042,94,286,58,18,5,14266,Push,3,16,7.7
user_000004,2026-08-15,49.7,2087,106,274,63,40,4,16063,Upper,3,19,7.1
user_000004,2026-08-16,49.8,2342,99,311,78,35,5,17015,Legs,3,15,7.8
user_000004,2026-08-17,50.0,1708,94,234,44,8,4,7694,Push,1,12,8.0
user_000004,2026-08-18,50.0,1847,95,234,59,43,3,12872,Rest,,,7.6
user_000004,2026-08-19,49.8,1294,109,120,42,55,1,4192,Pull,2,17,8.1
user_000004,2026-08-20,49.5,1843,80,284,43,35,4,7175,Rest,,,7.5
user_000004,2026-08-21,49.5,1561,81,208,45,38,1,3940,Rest,,,6.9
user_000004,2026-08-22,49.7,1948,89,299,44,25,3,17349,Rest,,,5.8
user_000004,2026-08-23,49.8,1997,92,306,45,58,1,11000,Pull,4,12,5.9
user_000004,2026-08-24,49.8,1763,85,259,43,28,4,7568,Push,2,11,6.2
user_000004,2026-08-25,49.7,1472,98,198,32,27,1,5233,Upper,4,9,8.6
user_000004,2026-08-26,49.6,1963,90,259,63,36,5,8433,Rest,,,7.6
user_000004,2026-08-27,49.8,1903,104,257,51,20,2,13990,Rest,,,5.8
user_000004,2026-08-28,49.6,1540,81,196,48,5,2,10287,Push,4,8,7.4
user_000004,2026-08-29,49.7,1715,98,234,43,20,4,4853,Rest,,,6.8
user_000004,2026-08-30,49.4,2022,104,253,66,56,1,12785,Upper,5,15,7.7
user_000004,2026-08-31,49.6,1614,100,200,46,35,1,5811,Upper,3,11,6.5
user_000004,2026-09-01,49.4,2035,103,264,63,41,3,17628,Push,3,11,7.5
user_000004,2026-09-02,49.5,2380,103,348,64,47,4,15319,Legs,0,18,7.1
user_000004,2026-09-03,49.7,1874,82,274,50,24,4,11956,Legs,1,14,7.3
user_000004,2026-09-04,49.5,1611,82,233,39,13,3,13186,Legs,0,10,7.8
user_000004,2026-09-05,49.5,1814,95,237,54,6,5,11395,Rest,,,8.8
user_000004,2026-09-06,49.5,1739,106,205,55,28,4,8746,Rest,,,7.0
user_000004,2026-09-07,49.2,1525,85,195,45,31,3,6239,Rest,,,6.4
user_000004,2026-09-08,49.3,1507,86,203,39,13,3,3504,Pull,5,15,8.4
user_000004,2026-09-09,49.2,1795,100,216,59,60,3,5895,Pull,2,7,6.6
user_000004,2026-09-10,49.1,1902,92,262,54,29,3,10514,Upper,3,12,6.2
user_000004,2026-09-11,48.9,1784,98,249,44,36,5,5222,Legs,2,19,7.1
user_000004,2026-09-12,49.1,2164,81,352,48,54,5,4459,Upper,1,11,5.7
user_000004,2026-09-13,49.0,2435,89,387,59,59,4,11099,Push,1,12,8.8
user_000004,2026-09-14,48.9,1963,91,267,59,50,3,3267,Push,2,20,7.4
user_000004,2026-09-15,49.1,1735,101,245,39,55,2,11956,Rest,,,8.5
user_000004,2026-09-16,49.1,1733,79,253,45,8,1,6192,Legs,2,19,8.5
user_000004,2026-09-17,49.1,1367,96,176,31,2,2,4260,Rest,,,8.2
user_000004,2026-09-18,48.9,1968,79,287,56,16,4,17233,Rest,,,7.2
user_000004,2026-09-19,48.7,1596,94,206,44,49,2,3590,Legs,5,15,6.9
user_000004,2026-09-20,48.8,1300,85,150,40,11,3,5966,Pull,5,7,7.4
user_000004,2026-09-21,49.0,1789,105,214,57,25,3,5375,Push,0,13,6.8
user_000004,2026-09-22,49.2,1641,91,200,53,1,1,12173,Legs,1,7,6.1
user_000004,2026-09-23,49.0,1761,101,211,57,46,2,9128,Rest,,,5.7
user_000004,2026-09-24,48.8,1951,105,268,51,54,5,3849,Legs,3,15,8.4
user_000004,2026-09-25,48.6,1628,94,214,44,19,1,8226,Rest,,,7.4
user_000004,2026-09-26,48.4,1879,78,259,59,24,5,3730,Legs,2,17,6.2
user_000004,2026-09-27,48.2,1650,89,238,38,39,1,8003,Push,2,12,7.1
user_000004,2026-09-28,48.1,2009,93,281,57,42,4,8922,Upper,0,6,6.7
user_000004,2026-09-29,48.2,1263,98,130,39,57,1,5016,Rest,,,6.5
user_000004,2026-09-30,48.0,1645,90,202,53,4,1,6446,Pull,0,9,5.6
user_000004,2026-10-01,48.3,1578,103,197,42,13,4,9618,Upper,4,6,6.4
user_000004,2026-10-02,48.1,1551,89,184,51,3,1,8937,Push,3,18,8.9
user_000004,2026-10-03,48.3,1599,101,211,39,2,1,15504,Pull,1,18,6.6
user_000004,2026-10-04,48.2,1794,97,221,58,47,1,17899,Push,3,11,5.9
user_000004,2026-10-05,48.3,2142,100,278,70,39,4,13485,Legs,3,12,6.0
user_000004,2026-10-06,48.2,1998,80,289,58,11,5,17346,Push,2,19,6.1
user_000004,2026-10-07,48.2,1559,91,193,47,13,1,5224,Upper,4,20,5.7
user_000004,2026-10-08,48.3,2001,80,319,45,51,3,16866,Pull,0,19,7.5
user_000004,2026-10-09,48.6,1899,101,241,59,45,4,5033,Push,1,16,7.2
user_000004,2026-10-10,48.7,1842,79,251,58,21,1,15417,Push,1,9,8.0
user_000004,2026-10-11,48.5,1711,92,212,55,35,2,17096,Pull,4,10,8.4
user_000004,2026-10-12,48.4,1877,92,258,53,50,4,5167,Legs,3,9,7.8
user_000004,2026-10-13,48.5,2024,103,277,56,7,5,16989,Upper,1,8,7.4
user_000004,2026-10-14,48.2,1791,97,245,47,29,4,6478,Legs,1,14,8.1
user_000004,2026-10-15,48.1,1957,89,299,45,40,4,7573,Upper,3,19,7.7
user_000004,2026-10-16,48.2,1587,96,222,35,31,2,3369,Push,5,19,8.3
user_000004,2026-10-17,48.4,1674,88,236,42,16,3,15715,Pull,5,19,7.2
user_000004,2026-10-18,48.1,2248,93,316,68,35,5,14938,Legs,4,6,6.2
user_000004,2026-10-19,48.3,2344,94,330,72,7,2,14806,Rest,,,7.8
user_000004,2026-10-20,48.4,1946,80,303,46,33,3,3742,Legs,5,17,5.9
user_000004,2026-10-21,48.4,2251,103,336,55,14,5,15409,Rest,,,7.7
user_000004,2026-10-22,48.4,1873,101,266,45,38,2,3506,Rest,,,7.8
user_000004,2026-10-23,48.7,2015,93,269,63,5,4,8256,Upper,1,9,7.8
user_000004,2026-10-24,48.5,1933,80,293,49,22,1,7675,Upper,0,11,6.3
user_000004,2026-10-25,48.2,1863,83,250,59,36,1,9860,Push,2,18,6.4
user_000004,2026-10-26,48.2,2307,101,352,55,20,3,17147,Pull,3,16,8.7
user_000004,2026-10-27,47.9,2207,84,344,55,9,4,17858,Push,2,17,7.2
user_000004,2026-10-28,47.7,2455,101,335,79,56,4,5397,Upper,2,16,7.0
user_000004,2026-10-29,48.1,2297,89,357,57,17,1,12984,Push,3,11,7.9
user_000004,2026-10-30,48.4,2283,102,336,59,32,1,11090,Legs,0,11,6.9
user_000004,2026-10-31,48.4,2163,93,315,59,30,3,11412,Pull,3,16,7.4
user_000004,2026-11-01,48.5,2297,100,337,61,20,5,12301,Legs,1,11,8.9
user_000004,2026-11-02,48.8,2403,85,374,63,39,3,17377,Legs,4,11,6.1
user_000004,2026-11-03,48.7,2202,85,335,58,32,3,17032,Pull,4,9,6.1
user_000004,2026-11-04,48.9,1974,103,287,46,36,1,10279,Push,5,19,7.5
user_000004,2026-11-05,49.0,2799,81,441,79,59,5,15712,Pull,3,20,6.7
user_000004,2026-11-06,49.1,1966,86,284,54,14,4,5340,Push,4,12,7.2
user_000004,2026-11-07,49.0,2033,80,282,65,21,2,5546,Rest,,,7.1
user_000004,2026-11-08,48.9,2215,105,316,59,7,5,7208,Upper,0,19,7.1
user_000004,2026-11-09,49.0,2098,100,303,54,42,2,10153,Push,1,20,8.9
user_000004,2026-11-10,49.2,2095,102,307,51,13,4,5201,Legs,2,6,5.9
user_000004,2026-11-11,49.2,2276,95,321,68,45,1,13434,Legs,0,17,6.1
user_000004,2026-11-12,49.5,1904,90,269,52,32,1,12858,Pull,3,19,7.8
user_000004,2026-11-13,49.7,2522,95,405,58,34,4,17911,Rest,,,8.4
user_000004,2026-11-14,49.8,2396,97,358,64,31,3,14363,Push,2,19,8.9
user_000004,2026-11-15,49.6,2537,102,350,81,41,4,16779,Push,0,20,7.9
user_000004,2026-11-16,49.9,2503,103,354,75,43,5,11311,Pull,4,18,7.8
user_000004,2026-11-17,50.0,1817,89,255,49,28,3,3636,Pull,1,19,8.9
user_000004,2026-11-18,50.2,2395,80,350,75,48,3,7725,Upper,5,16,8.1
user_000004,2026-11-19,50.0,2209,107,299,65,45,1,15510,Legs,2,11,7.1
user_000004,2026-11-20,50.1,2107,94,291,63,49,3,8488,Legs,4,10,8.8
user_000004,2026-11-21,50.5,2073,93,279,65,12,3,7622,Legs,1,11,5.7
user_000004,2026-11-22,50.5,2135,95,333,47,12,4,15165,Rest,,,5.5
user_000004,2026-11-23,50.6,2088,86,310,56,47,1,5029,Push,3,12,8.7
user_000004,2026-11-24,50.8,1429,84,181,41,15,4,12607,Push,4,7,5.8
user_000004,2026-11-25,51.0,1807,86,260,47,42,3,17601,Rest,,,8.3
user_000004,2026-11-26,51.1,1542,110,163,50,1,1,15467,Push,4,8,8.6
user_000004,2026-11-27,51.3,1525,106,183,41,20,5,12650,Pull,0,19,6.4
user_000005,2026-07-01,51.4,1092,113,97,28,15,2,7283,Push,1,7,8.8
user_000005,2026-07-02,51.2,1088,88,121,28,0,1,5756,Push,0,6,5.8
user_000005,2026-07-03,51.1,1090,86,128,26,10,5,5337,Rest,,,8.2
user_000005,2026-07-04,51.0,1646,89,210,50,36,5,14163,Rest,,,5.8
user_000005,2026-07-05,50.6,1088,87,113,32,13,2,8630,Upper,0,13,7.0
user_000005,2026-07-06,50.4,1330,85,153,42,19,2,14157,Pull,4,15,6.9
user_000005,2026-07-07,50.2,1986,95,253,66,59,5,10188,Rest,,,8.7
user_000005,2026-07-08,49.9,1203,101,112,39,40,1,15765,Legs,2,11,7.2
user_000005,2026-07-09,50.1,1719,101,205,55,34,1,17305,Push,2,7,7.9
user_000005,2026-07-10,50.0,1085,104,111,25,34,1,4540,Push,0,15,6.0
user_000005,2026-07-11,49.6,1077,105,90,33,24,1,8053,Upper,2,8,7.9
user_000005,2026-07-12,49.8,1197,91,143,29,38,1,5824,Legs,0,10,9.0
user_000005,2026-07-13,50.0,1578,102,207,38,52,4,6643,Push,5,19,8.9
user_000005,2026-07-14,49.9,1418,84,167,46,40,4,3185,Push,3,9,8.1
user_000005,2026-07-15,49.6,1076,82,115,32,15,2,9121,Rest,,,6.6
user_000005,2026-07-16,49.8,1074,94,116,26,33,2,7415,Push,3,18,7.1
user_000005,2026-07-17,49.7,1076,94,121,24,39,2,6308,Legs,4,17,7.9
user_000005,2026-07-18,49.6,1304,98,156,32,5,4,17475,Rest,,,7.3
user_000005,2026-07-19,49.8,1265,84,149,37,13,5,13863,Push,3,8,6.6
user_000005,2026-07-20,49.5,1230,95,127,38,6,4,6067,Rest,,,8.8
user_000005,2026-07-21,49.3,1647,83,223,47,52,3,17418,Push,5,17,8.9
user_000005,2026-07-22,49.0,1608,105,180,52,59,4,10437,Upper,2,11,6.2
user_000005,2026-07-23,48.7,1279,96,145,35,51,2,15285,Rest,,,8.5
user_000005,2026-07-24,48.7,1278,91,134,42,37,4,9149,Rest,,,8.2
user_000005,2026-07-25,48.9,1066,100,99,30,7,1,9846,Legs,0,18,6.3
user_000005,2026-07-26,48.8,2031,91,284,59,58,5,13414,Rest,,,8.2
user_000005,2026-07-27,48.8,1543,87,193,47,35,2,17919,Rest,,,7.5
user_000005,2026-07-28,48.9,1551,87,213,39,50,3,11238,Legs,3,12,7.2
user_000005,2026-07-29,48.7,1067,107,90,31,0,1,11702,Upper,4,18,8.9
user_000005,2026-07-30,48.7,1331,92,153,39,32,3,9506,Push,1,19,7.0
user_000005,2026-07-31,48.9,1536,94,182,48,44,2,15092,Rest,,,8.2
user_000005,2026-08-01,48.6,1143,93,132,27,55,1,12551,Pull,3,9,6.5
user_000005,2026-08-02,48.5,1066,105,94,30,9,5,15881,Legs,1,17,6.4
user_000005,2026-08-03,48.6,1241,79,148,37,51,4,3659,Rest,,,6.8
user_000005,2026-08-04,48.6,1630,80,206,54,30,5,16111,Pull,4,7,7.2
user_000005,2026-08-05,48.9,1447,106,150,47,27,3,7554,Upper,1,16,8.5
user_000005,2026-08-06,48.8,1340,97,148,40,51,2,4834,Push,4,14,5.6
user_000005,2026-08-07,48.8,1117,94,120,29,5,5,13761,Upper,1,7,6.3
user_000005,2026-08-08,48.5,1159,94,117,35,19,2,4461,Rest,,,5.7
user_000005,2026-08-09,48.4,1071,85,104,35,9,3,14327,Upper,2,15,6.7
user_000005,2026-08-10,48.4,2082,102,288,58,41,4,15967,Pull,1,16,5.6
user_000005,2026-08-11,48.4,2029,86,275,65,47,3,10569,Push,4,7,8.1
user_000005,2026-08-12,48.5,1670,104,201,50,53,1,11218,Pull,2,8,6.1
user_000005,2026-08-13,48.6,2024,90,272,64,57,3,14775,Upper,1,9,6.5
user_000005,2026-08-14,48.9,1827,98,262,43,56,2,8200,Push,2,19,5.8
user_000005,2026-08-15,48.6,2381,92,384,53,60,3,16553,Pull,1,20,7.9
user_000005,2026-08-16,48.4,1321,89,167,33,7,1,3766,Rest,,,7.2
user_000005,2026-08-17,48.4,1937,91,283,49,52,3,17181,Pull,2,8,8.9
user_000005,2026-08-18,48.4,1990,79,315,46,35,3,15293,Push,4,19,8.8
user_000005,2026-08-19,48.7,1954,105,244,62,2,4,17121,Rest,,,8.0
user_000005,2026-08-20,48.7,2152,84,301,68,52,5,5926,Upper,1,15,8.4
user_000005,2026-08-21,48.7,1869,82,248,61,30,4,12666,Rest,,,8.4
user_000005,2026-08-22,48.7,2013,89,268,65,32,5,12773,Rest,,,7.0
user_000005,2026-08-23,49.0,1601,83,234,37,40,1,3874,Pull,2,16,6.5
user_000005,2026-08-24,48.9,1848,99,246,52,38,1,15446,Upper,4,18,6.4
user_000005,2026-08-25,49.1,1845,89,244,57,34,1,15880,Pull,3,7,7.4
user_000005,2026-08-26,49.0,1952,82,262,64,45,5,11486,Push,1,6,8.0
user_000005,2026-08-27,48.7,1478,100,166,46,34,1,6760,Rest,,,7.3
user_000005,2026-08-28,48.9,1962,95,283,50,17,3,13161,Legs,3,7,5.8
user_000005,2026-08-29,48.8,1791,107,235,47,17,1,11907,Push,3,6,6.0
user_000005,2026-08-30,49.0,1805,81,278,41,21,1,16991,Upper,1,19,6.8
user_000005,2026-08-31,48.9,2150,98,282,70,50,4,13559,Upper,4,9,8.8
user_000005,2026-09-01,49.1,1856,84,254,56,58,3,7216,Legs,1,18,5.8
user_000005,2026-09-02,49.3,1875,89,247,59,50,2,15921,Legs,2,7,7.1
user_000005,2026-09-03,49.4,1704,94,206,56,30,3,3749,Pull,1,6,7.3
user_000005,2026-09-04,49.6,1867,83,260,55,28,4,8841,Pull,2,19,8.2
user_000005,2026-09-05,49.6,1641,93,207,49,51,3,8809,Rest,,,5.8
user_000005,2026-09-06,49.6,1621,90,214,45,45,3,14483,Upper,3,14,5.6
user_000005,2026-09-07,49.7,1332,80,163,40,49,1,5251,Push,2,6,7.5
user_000005,2026-09-08,49.9,1855,105,253,47,10,2,17999,Legs,2,9,9.0
user_000005,2026-09-09,49.9,1737,103,203,57,24,3,6915,Legs,0,11,6.7
user_000005,2026-09-10,49.6,1662,80,214,54,34,2,4593,Pull,0,8,5.8
user_000005,2026-09-11,49.3,1759,97,246,43,27,1,16885,Rest,,,8.4
user_000005,2026-09-12,49.2,1968,81,312,44,2,4,15007,Rest,,,6.7
user_000005,2026-09-13,49.2,1588,93,196,48,12,2,16523,Rest,,,7.8
user_000005,2026-09-14,49.3,1985,94,256,65,50,3,9467,Pull,0,9,7.8
user_000005,2026-09-15,49.4,1663,94,207,51,4,2,4866,Legs,4,10,7.9
user_000005,2026-09-16,49.7,2021,103,301,45,11,1,17812,Upper,4,12,6.3
user_000005,2026-09-17,49.7,1882,103,255,50,57,4,10549,Pull,4,20,5.6
user_000005,2026-09-18,49.9,1835,94,232,59,16,5,10421,Push,4,6,6.3
user_000005,2026-09-19,49.8,1670,89,243,38,17,1,11052,Pull,3,6,5.6
user_000005,2026-09-20,50.0,1514,99,167,50,11,3,12661,Upper,4,14,8.7
user_000005,2026-09-21,50.1,1687,97,228,43,46,1,17780,Upper,4,19,8.5
user_000005,2026-09-22,50.5,1738,106,234,42,2,1,7971,Upper,2,18,7.9
user_000005,2026-09-23,50.2,1630,96,208,46,14,5,15563,Upper,2,16,8.7
user_000005,2026-09-24,50.2,1141,107,104,33,34,1,4368,Pull,4,8,8.3
user_000005,2026-09-25,50.3,1654,92,236,38,18,1,13624,Push,0,11,5.9
user_000005,2026-09-26,50.2,1794,94,233,54,24,4,11837,Upper,3,17,8.6
user_000005,2026-09-27,50.1,1513,81,187,49,8,3,7358,Rest,,,8.2
user_000005,2026-09-28,50.1,1739,109,238,39,45,2,4482,Legs,5,17,7.6
user_000005,2026-09-29,50.2,1998,105,273,54,31,3,12238,Push,4,14,8.1
user_000005,2026-09-30,50.2,1831,100,243,51,27,2,17729,Upper,0,20,5.6
user_000005,2026-10-01,50.2,1098,101,97,34,4,2,4389,Rest,,,5.8
user_000005,2026-10-02,49.9,1789,92,263,41,57,2,15427,Upper,4,17,6.8
user_000005,2026-10-03,50.1,1440,102,159,44,0,4,6329,Legs,5,13,7.8
user_000005,2026-10-04,50.0,1947,98,265,55,5,1,16563,Upper,4,6,6.9
user_000005,2026-10-05,49.8,1614,81,219,46,42,1,8662,Upper,0,15,8.3
user_000005,2026-10-06,49.8,1254,101,145,30,14,1,5898,Legs,4,15,8.6
user_000005,2026-10-07,50.1,1939,100,261,55,19,2,16304,Push,5,18,5.7
user_000005,2026-10-08,49.9,1556,101,189,44,30,4,6561,Push,5,11,6.0
user_000005,2026-10-09,50.2,1763,103,241,43,8,1,14610,Push,1,15,7.6
user_000005,2026-10-10,50.3,2005,87,304,49,54,1,16811,Rest,,,7.0
user_000005,2026-10-11,50.2,1994,94,274,58,54,4,14762,Upper,2,17,8.4
user_000005,2026-10-12,50.3,1699,93,217,51,13,1,8706,Pull,5,18,5.8
user_000005,2026-10-13,50.5,1738,81,250,46,19,2,11738,Rest,,,7.5
user_000005,2026-10-14,50.2,1757,108,212,53,21,1,8176,Legs,0,15,7.9
user_000005,2026-10-15,50.4,1470,106,185,34,59,1,6526,Legs,2,18,8.7
user_000005,2026-10-16,50.4,1743,97,242,43,24,1,13446,Legs,4,16,6.0
user_000005,2026-10-17,50.2,2259,85,347,59,32,5,14968,Push,2,17,8.6
user_000005,2026-10-18,50.4,1613,107,195,45,10,2,10634,Pull,4,19,8.7
user_000005,2026-10-19,50.7,2160,107,298,60,45,5,4091,Push,0,15,5.8
user_000005,2026-10-20,51.0,1697,110,213,45,28,1,4662,Pull,2,20,6.5
user_000005,2026-10-21,50.9,1702,86,227,50,30,1,3697,Pull,3,19,7.9
user_000005,2026-10-22,51.1,1752,107,241,40,43,1,3532,Upper,2,11,8.9
user_000005,2026-10-23,50.8,1617,96,225,37,22,4,10455,Legs,3,9,5.8
user_000005,2026-10-24,51.1,1669,92,242,37,0,3,16870,Push,0,12,6.1
user_000005,2026-10-25,51.0,1570,93,196,46,3,1,7782,Upper,1,10,7.9
user_000005,2026-10-26,50.9,2334,86,349,66,58,5,9556,Upper,0,14,8.1
user_000005,2026-10-27,51.2,1608,103,218,36,57,2,6257,Upper,5,12,7.3
user_000005,2026-10-28,51.1,1806,99,231,54,5,1,14778,Legs,2,19,6.3
user_000005,2026-10-29,50.9,1770,101,220,54,1,3,11225,Pull,3,16,7.7
user_000005,2026-10-30,50.9,2150,110,279,66,60,5,4571,Push,2,11,6.7
user_000005,2026-10-31,51.1,2038,92,314,46,48,3,12715,Pull,5,6,8.5
user_000005,2026-11-01,51.0,1536,100,194,40,60,1,5779,Pull,1,13,7.6
user_000005,2026-11-02,51.1,2336,98,333,68,54,4,16041,Legs,0,19,5.8
user_000005,2026-11-03,51.3,1617,98,196,49,45,4,8311,Upper,2,18,7.2
user_000005,2026-11-04,51.4,1717,109,219,45,23,5,8457,Upper,0,17,6.8
user_000005,2026-11-05,51.5,1729,98,224,49,60,2,14404,Upper,4,6,7.8
user_000005,2026-11-06,51.4,2243,86,360,51,54,5,10991,Upper,5,13,6.9
user_000005,2026-11-07,51.3,1561,105,184,45,40,1,7898,Pull,1,10,7.4
user_000005,2026-11-08,51.4,1942,92,281,50,57,3,9310,Pull,3,9,7.4
user_000005,2026-11-09,51.5,1476,96,165,48,36,2,11187,Push,0,16,8.4
user_000005,2026-11-10,51.7,1670,96,209,50,22,1,14060,Legs,4,6,7.5
user_000005,2026-11-11,51.7,1450,83,203,34,29,3,10422,Push,4,19,6.6
user_000005,2026-11-12,51.6,1625,104,192,49,41,2,14783,Legs,0,16,6.2
user_000005,2026-11-13,51.4,1696,96,211,52,59,4,3071,Rest,,,7.1
user_000005,2026-11-14,51.1,1590,113,172,50,23,5,6157,Rest,,,7.6
user_000005,2026-11-15,51.3,1309,96,166,29,46,2,3530,Legs,4,13,7.5
user_000005,2026-11-16,51.0,1373,112,148,37,17,1,13753,Rest,,,6.7
user_000005,2026-11-17,51.2,1543,85,186,51,16,4,7754,Rest,,,8.3
user_000005,2026-11-18,51.4,1170,90,135,30,0,2,8297,Pull,1,6,6.3
user_000005,2026-11-19,51.1,1623,109,191,47,37,4,14906,Upper,2,8,6.8
user_000005,2026-11-20,51.4,2015,81,299,55,5,4,16850,Legs,4,8,5.9
user_000005,2026-11-21,51.5,1383,102,156,39,47,3,5425,Legs,0,8,7.8
user_000005,2026-11-22,51.7,1273,85,150,37,10,5,12480,Pull,0,10,8.3
user_000005,2026-11-23,51.5,1733,97,217,53,13,5,15654,Push,2,10,7.0
user_000005,2026-11-24,51.7,1214,97,139,30,20,1,5436,Legs,5,8,5.6
user_000005,2026-11-25,51.6,1684,108,196,52,46,3,3831,Legs,3,7,5.8
user_000005,2026-11-26,51.5,1302,87,162,34,6,5,3310,Upper,3,19,8.0
user_000005,2026-11-27,51.3,1779,87,252,47,51,2,4949,Rest,,,6.2
user_000006,2026-07-01,51.4,1540,94,210,36,42,3,14871,Push,2,6,6.6
user_000006,2026-07-02,51.3,1374,91,158,42,49,2,8176,Legs,0,19,8.9
user_000006,2026-07-03,51.3,1372,90,163,40,28,5,14712,Push,4,16,7.3
user_000006,2026-07-04,51.1,1285,108,121,41,10,3,9724,Rest,,,9.0
user_000006,2026-07-05,50.8,1479,84,198,39,27,3,13515,Push,5,20,8.7
user_000006,2026-07-06,50.6,1158,85,128,34,50,2,8742,Upper,4,17,8.5
user_000006,2026-07-07,50.6,1430,85,196,34,50,2,16167,Legs,5,11,8.3
user_000006,2026-07-08,50.2,1435,87,202,31,53,3,12232,Push,2,17,6.1
user_000006,2026-07-09,50.4,1299,82,164,35,51,1,16756,Rest,,,6.7
user_000006,2026-07-10,50.2,1211,87,128,39,56,2,7254,Push,3,13,6.5
user_000006,2026-07-11,49.9,1568,94,217,36,32,3,14626,Rest,,,8.0
user_000006,2026-07-12,50.0,1356,108,150,36,31,2,9412,Rest,,,7.4
user_000006,2026-07-13,50.2,1565,100,190,45,52,5,5706,Rest,,,7.0
user_000006,2026-07-14,50.1,1690,101,227,42,32,4,13134,Upper,0,10,6.1
user_000006,2026-07-15,50.1,1548,87,201,44,31,5,9908,Upper,0,12,7.1
user_000006,2026-07-16,50.0,1285,102,127,41,32,2,7748,Upper,0,16,7.9
user_000006,2026-07-17,50.0,1079,83,126,27,55,1,6066,Legs,3,20,8.8
user_000006,2026-07-18,49.9,1642,96,220,42,37,4,14390,Legs,0,20,8.7
user_000006,2026-07-19,49.8,1243,103,129,35,16,4,9634,Push,2,7,5.8
user_000006,2026-07-20,49.7,1846,93,274,42,51,5,14420,Push,4,7,8.3
user_000006,2026-07-21,49.5,1365,83,166,41,25,5,11035,Push,5,9,7.4
user_000006,2026-07-22,49.4,1158,103,101,38,4,3,9559,Pull,1,14,7.6
user_000006,2026-07-23,49.3,1473,92,175,45,45,3,6425,Rest,,,6.8
user_000006,2026-07-24,49.3,1210,81,136,38,9,5,6702,Upper,4,14,8.8
user_000006,2026-07-25,49.5,1071,102,105,27,38,1,10648,Upper,4,6,6.3
user_000006,2026-07-26,49.6,1075,79,120,31,1,2,7275,Pull,0,19,7.8
user_000006,2026-07-27,49.6,1371,105,141,43,24,5,16300,Rest,,,5.5
user_000006,2026-07-28,49.8,1074,107,103,26,20,3,7704,Push,4,17,7.6
user_000006,2026-07-29,49.5,1767,90,255,43,52,5,10697,Upper,4,10,7.0
user_000006,2026-07-30,49.1,1323,91,161,35,56,3,11616,Legs,3,8,6.0
user_000006,2026-07-31,49.2,1187,84,125,39,8,5,4825,Rest,,,8.0
user_000006,2026-08-01,49.0,1534,79,219,38,40,1,7630,Pull,2,11,8.3
user_000006,2026-08-02,49.0,1201,99,136,29,26,3,10644,Pull,1,7,7.5
user_000006,2026-08-03,48.8,1085,85,121,29,8,3,4832,Pull,4,13,9.0
user_000006,2026-08-04,48.9,1851,86,280,43,39,5,13533,Legs,5,6,7.8
user_000006,2026-08-05,48.7,1286,80,156,38,36,3,12279,Rest,,,6.2
user_000006,2026-08-06,48.4,1068,88,125,24,20,1,5758,Rest,,,7.9
user_000006,2026-08-07,48.3,1942,95,278,50,54,3,17776,Pull,0,10,7.5
user_000006,2026-08-08,48.4,1064,85,118,28,23,2,11423,Rest,,,7.1
user_000006,2026-08-09,48.5,1456,101,164,44,31,1,16552,Rest,,,7.2
user_000006,2026-08-10,48.4,1335,97,158,35,26,1,12016,Pull,1,11,8.0
user_000006,2026-08-11,48.6,1064,85,127,24,10,1,9922,Pull,3,13,6.7
user_000006,2026-08-12,48.6,1067,88,127,23,50,1,5303,Push,3,15,6.4
user_000006,2026-08-13,48.4,1300,79,174,32,48,1,7599,Push,3,9,6.6
user_000006,2026-08-14,48.2,1064,84,119,28,6,2,4867,Rest,,,8.3
user_000006,2026-08-15,48.2,1364,91,169,36,41,3,12492,Legs,3,15,5.6
user_000006,2026-08-16,47.9,1317,100,137,41,11,5,7497,Upper,4,16,6.0
user_000006,2026-08-17,48.1,1628,78,248,36,57,4,9554,Rest,,,8.2
user_000006,2026-08-18,48.2,1063,102,94,31,6,3,5121,Push,0,7,8.8
user_000006,2026-08-19,48.0,1077,101,103,29,31,1,14447,Push,0,7,8.9
user_000006,2026-08-20,47.9,1178,83,135,34,6,5,7950,Upper,2,7,5.9
user_000006,2026-08-21,48.1,1324,103,138,40,36,3,14023,Legs,4,20,6.5
user_000006,2026-08-22,48.3,1062,102,87,34,8,5,4294,Upper,4,17,8.6
user_000006,2026-08-23,48.0,1617,82,203,53,54,2,13453,Rest,,,8.6
user_000006,2026-08-24,48.2,1530,104,193,38,60,3,15214,Rest,,,5.6
user_000006,2026-08-25,48.0,1774,84,247,50,59,5,7735,Upper,3,8,8.9
user_000006,2026-08-26,47.9,1350,94,158,38,30,3,9171,Rest,,,8.0
user_000006,2026-08-27,47.6,1543,82,189,51,25,5,10277,Pull,1,18,5.6
user_000006,2026-08-28,47.7,1365,99,159,37,5,2,13798,Rest,,,6.5
user_000006,2026-08-29,47.9,1057,90,100,33,9,3,6794,Upper,1,19,6.3
user_000006,2026-08-30,48.1,1326,88,167,34,46,3,6188,Push,5,12,7.9
user_000006,2026-08-31,48.1,1490,101,168,46,28,4,14558,Rest,,,8.1
user_000006,2026-09-01,48.3,1438,87,169,46,58,4,6521,Legs,2,18,7.1
user_000006,2026-09-02,48.0,1063,88,126,23,19,4,3758,Pull,5,7,9.0
user_000006,2026-09-03,48.2,1062,101,106,26,7,1,4379,Rest,,,7.7
user_000006,2026-09-04,48.3,1335,102,135,43,43,1,10882,Legs,5,18,8.7
user_000006,2026-09-05,47.9,1458,101,160,46,20,5,10926,Push,2,19,7.0
user_000006,2026-09-06,47.9,1589,98,189,49,56,4,7520,Legs,5,12,5.6
user_000006,2026-09-07,48.0,1466,82,181,46,48,4,3810,Pull,1,10,8.3
user_000006,2026-09-08,47.9,1927,93,247,63,59,5,5330,Rest,,,7.9
user_000006,2026-09-09,47.8,1335,78,186,31,3,2,14753,Legs,5,19,7.6
user_000006,2026-09-10,48.0,1372,85,159,44,17,3,16908,Push,0,17,5.8
user_000006,2026-09-11,48.2,1223,78,158,31,39,1,13325,Rest,,,6.0
user_000006,2026-09-12,48.1,1277,89,165,29,43,3,15121,Pull,1,17,5.6
user_000006,2026-09-13,48.2,1061,101,108,25,2,2,13782,Rest,,,8.1
user_000006,2026-09-14,48.2,1606,77,239,38,33,5,8889,Legs,4,6,5.9
user_000006,2026-09-15,48.2,1439,92,180,39,35,5,4021,Push,1,14,8.3
user_000006,2026-09-16,48.2,1829,83,246,57,59,3,11597,Upper,3,17,6.9
user_000006,2026-09-17,48.0,1088,93,116,28,22,2,9416,Upper,4,6,7.2
user_000006,2026-09-18,48.1,1192,98,137,28,23,2,4006,Pull,0,7,7.2
user_000006,2026-09-19,48.2,1168,84,136,32,31,4,4407,Push,4,6,6.4
user_000006,2026-09-20,48.2,1977,87,306,45,48,3,8899,Push,5,13,8.7
user_000006,2026-09-21,48.3,2061,95,274,65,39,4,9044,Legs,0,6,6.5
user_000006,2026-09-22,48.2,2424,92,370,64,58,5,12534,Legs,2,10,5.6
user_000006,2026-09-23,48.1,1470,89,184,42,16,4,12844,Legs,0,18,7.8
user_000006,2026-09-24,48.4,2073,92,316,49,14,5,11553,Pull,4,16,8.6
user_000006,2026-09-25,48.3,1232,105,113,40,35,1,8338,Pull,4,11,7.3
user_000006,2026-09-26,48.6,1896,78,297,44,2,1,12120,Pull,4,15,5.9
user_000006,2026-09-27,48.3,1725,99,213,53,19,1,14273,Upper,4,14,6.0
user_000006,2026-09-28,48.5,1851,102,228,59,35,4,6049,Rest,,,8.8
user_000006,2026-09-29,48.7,1381,82,189,33,46,2,8954,Rest,,,8.6
user_000006,2026-09-30,48.5,1683,102,195,55,29,2,8701,Upper,1,19,8.7
user_000006,2026-10-01,48.3,1914,89,259,58,58,2,17405,Rest,,,5.6
user_000006,2026-10-02,48.2,1772,103,232,48,7,2,13541,Push,3,16,5.9
user_000006,2026-10-03,48.0,1567,90,223,35,0,5,8700,Pull,5,11,6.7
user_000006,2026-10-04,48.2,2314,95,344,62,59,5,12456,Pull,1,8,5.9
user_000006,2026-10-05,48.5,1512,104,193,36,29,2,7013,Rest,,,7.5
user_000006,2026-10-06,48.6,1624,92,206,48,7,3,6646,Upper,4,18,6.5
user_000006,2026-10-07,48.3,1518,95,181,46,33,1,5799,Legs,5,7,8.5
user_000006,2026-10-08,48.5,1363,103,141,43,6,2,3996,Pull,3,18,5.8
user_000006,2026-10-09,48.2,1414,87,163,46,60,1,16709,Rest,,,6.3
user_000006,2026-10-10,48.3,1355,87,182,31,28,3,6731,Push,3,11,8.2
user_000006,2026-10-11,48.1,1664,81,236,44,34,2,10292,Rest,,,6.0
user_000006,2026-10-12,48.1,1464,79,206,36,3,3,13350,Push,2,13,6.2
user_000006,2026-10-13,48.2,2388,102,360,60,58,4,15230,Pull,1,13,8.5
user_000006,2026-10-14,48.0,1965,85,296,49,37,2,12511,Pull,4,17,8.0
user_000006,2026-10-15,48.0,1461,84,207,33,2,1,3183,Push,5,20,8.5
user_000006,2026-10-16,48.0,2140,98,311,56,60,4,6918,Pull,3,12,8.4
user_000006,2026-10-17,47.8,1968,89,286,52,36,4,17412,Pull,1,17,6.3
user_000006,2026-10-18,47.9,1361,94,163,37,18,2,3999,Legs,3,17,7.7
user_000006,2026-10-19,47.8,1722,104,232,42,33,4,6874,Rest,,,5.6
user_000006,2026-10-20,47.8,1774,86,236,54,38,2,11120,Legs,2,16,6.5
user_000006,2026-10-21,47.6,1877,94,274,45,52,3,14041,Rest,,,5.9
user_000006,2026-10-22,47.8,1695,102,234,39,47,1,14643,Push,5,13,7.7
user_000006,2026-10-23,48.0,1783,99,241,47,2,1,9520,Legs,4,16,8.0
user_000006,2026-10-24,47.8,1818,85,239,58,36,1,16354,Push,3,13,7.7
user_000006,2026-10-25,47.8,2005,82,273,65,23,3,17183,Upper,1,14,6.4
user_000006,2026-10-26,47.8,1411,86,179,39,17,5,5606,Push,1,9,7.1
user_000006,2026-10-27,47.8,2060,101,297,52,36,5,6965,Pull,4,20,5.7
user_000006,2026-10-28,47.9,1826,98,237,54,59,3,17129,Legs,3,7,6.4
user_000006,2026-10-29,48.0,1793,96,242,49,58,2,8620,Pull,1,8,8.7
user_000006,2026-10-30,48.2,1489,80,218,33,12,2,12099,Legs,2,15,5.8
user_000006,2026-10-31,48.1,1923,80,286,51,35,2,17186,Rest,,,8.2
user_000006,2026-11-01,48.0,1754,81,245,50,55,1,9675,Legs,2,18,8.7
user_000006,2026-11-02,48.1,2046,82,308,54,43,3,12759,Rest,,,7.5
user_000006,2026-11-03,47.9,1717,92,245,41,35,2,9233,Pull,1,10,5.7
user_000006,2026-11-04,47.6,1744,85,234,52,60,3,7217,Legs,1,10,6.5
user_000006,2026-11-05,47.5,1320,94,146,40,1,1,3178,Pull,3,13,7.2
user_000006,2026-11-06,47.3,2108,85,325,52,46,4,10124,Upper,2,9,7.6
user_000006,2026-11-07,47.2,2208,97,338,52,52,3,17713,Rest,,,6.9
user_000006,2026-11-08,47.4,2167,94,306,63,57,5,6895,Upper,0,16,8.0
user_000006,2026-11-09,47.2,1722,95,241,42,29,5,5332,Push,2,11,5.7
user_000006,2026-11-10,47.4,1968,82,311,44,40,2,5130,Legs,4,17,8.6
user_000006,2026-11-11,47.7,2412,101,331,76,56,5,9374,Legs,2,10,7.1
user_000006,2026-11-12,47.9,1715,100,214,51,24,2,8379,Pull,5,15,8.1
user_000006,2026-11-13,47.7,1984,81,289,56,57,4,7089,Upper,1,8,8.2
user_000006,2026-11-14,47.6,1603,100,204,43,15,4,3199,Pull,3,13,8.0
user_000006,2026-11-15,47.6,1539,101,178,47,27,2,8371,Upper,1,14,7.1
user_000006,2026-11-16,47.4,1951,98,257,59,57,3,8920,Upper,5,14,8.2
user_000006,2026-11-17,47.6,2082,96,303,54,39,4,5278,Legs,4,16,6.1
user_000006,2026-11-18,47.7,1888,102,253,52,15,4,12584,Upper,1,20,8.7
user_000006,2026-11-19,47.4,1991,93,290,51,48,4,12660,Pull,4,13,7.5
user_000006,2026-11-20,47.6,1888,103,243,56,58,2,14497,Pull,5,19,7.6
user_000006,2026-11-21,47.6,1695,91,209,55,37,2,8957,Rest,,,7.2
user_000006,2026-11-22,47.6,2029,87,292,57,6,1,17609,Legs,5,12,7.8
user_000006,2026-11-23,47.8,1653,92,229,41,11,3,5456,Pull,0,8,5.6
user_000006,2026-11-24,47.6,1357,84,172,37,60,1,3296,Legs,5,17,8.9
user_000006,2026-11-25,47.7,1938,88,257,62,43,3,8003,Pull,5,15,5.9
user_000006,2026-11-26,47.5,1653,89,205,53,15,3,10107,Legs,2,17,5.6
user_000006,2026-11-27,47.2,2391,100,329,75,60,5,13195,Pull,4,8,5.6
user_000007,2026-07-01,51.6,1455,86,172,47,18,3,15796,Pull,3,16,6.6
user_000007,2026-07-02,51.5,1241,105,131,33,35,1,7516,Pull,0,7,8.7
user_000007,2026-07-03,51.7,1238,96,128,38,11,3,8854,Pull,4,6,6.9
user_000007,2026-07-04,51.8,1094,93,122,26,1,1,9389,Legs,4,10,8.0
user_000007,2026-07-05,51.7,1539,112,185,39,50,4,8728,Pull,4,11,7.0
user_000007,2026-07-06,51.9,1212,101,139,28,34,3,7380,Legs,3,7,7.0
user_000007,2026-07-07,51.8,1408,98,164,40,55,1,17551,Legs,3,19,6.1
user_000007,2026-07-08,51.8,1383,91,167,39,1,2,10484,Legs,4,20,7.2
user_000007,2026-07-09,51.6,1535,112,193,35,33,4,14228,Upper,3,8,8.1
user_000007,2026-07-10,51.2,1631,107,204,43,55,4,13524,Rest,,,5.9
user_000007,2026-07-11,50.9,1088,98,102,32,18,2,5190,Upper,2,10,7.7
user_000007,2026-07-12,51.0,1851,107,232,55,42,5,17909,Push,2,13,7.9
user_000007,2026-07-13,50.9,1084,97,120,24,44,1,8153,Legs,1,19,8.1
user_000007,2026-07-14,50.9,1402,108,166,34,8,5,17223,Push,3,17,6.2
user_000007,2026-07-15,50.9,1507,108,190,35,18,4,16073,Rest,,,8.9
user_000007,2026-07-16,50.8,1085,96,119,25,0,5,8479,Legs,1,18,6.4
user_000007,2026-07-17,51.1,1544,86,210,40,46,3,9482,Push,0,16,7.7
user_000007,2026-07-18,50.7,1222,99,121,38,28,1,15791,Push,0,17,7.2
user_000007,2026-07-19,50.4,1486,89,206,34,32,5,11687,Upper,3,10,7.2
user_000007,2026-07-20,50.1,1728,98,208,56,53,4,15090,Upper,3,17,6.1
user_000007,2026-07-21,50.2,1344,95,160,36,16,2,16523,Upper,1,14,8.9
user_000007,2026-07-22,50.0,1636,99,202,48,24,3,17633,Push,5,9,7.8
user_000007,2026-07-23,50.1,1560,84,198,48,42,5,5264,Pull,3,7,6.5
user_000007,2026-07-24,49.8,1580,88,217,40,50,4,13360,Legs,0,11,7.8
user_000007,2026-07-25,49.9,1448,82,208,32,58,4,9727,Legs,5,12,5.8
user_000007,2026-07-26,49.8,1110,107,112,26,17,2,10182,Upper,5,14,7.2
user_000007,2026-07-27,49.9,1359,100,161,35,31,1,14730,Upper,3,19,8.8
user_000007,2026-07-28,49.9,1211,109,106,39,27,5,4009,Upper,1,15,8.2
user_000007,2026-07-29,49.8,1950,88,296,46,60,5,14588,Upper,2,17,5.9
user_000007,2026-07-30,49.8,1075,98,101,31,17,1,8077,Upper,4,15,8.0
user_000007,2026-07-31,49.8,1809,83,241,57,30,5,15693,Rest,,,8.8
user_000007,2026-08-01,49.4,1307,102,155,31,28,5,11956,Push,0,14,8.8
user_000007,2026-08-02,49.4,1313,99,146,37,47,3,13490,Pull,4,7,6.5
user_000007,2026-08-03,49.2,1344,88,158,40,45,2,16251,Upper,5,15,6.6
user_000007,2026-08-04,49.3,1719,104,220,47,37,5,14458,Pull,2,7,7.2
user_000007,2026-08-05,49.1,1401,101,166,37,23,5,6813,Legs,4,8,8.2
user_000007,2026-08-06,49.3,1072,88,108,32,7,3,5899,Rest,,,6.9
user_000007,2026-08-07,49.6,1357,95,170,33,4,5,17414,Pull,2,7,7.4
user_000007,2026-08-08,49.7,1645,80,248,37,45,5,4466,Rest,,,8.1
user_000007,2026-08-09,49.4,1266,106,125,38,44,2,17533,Upper,0,6,6.5
user_000007,2026-08-10,49.2,1162,87,127,34,47,5,3603,Pull,1,13,8.9
user_000007,2026-08-11,49.2,1072,91,114,28,13,3,5633,Upper,0,20,7.9
user_000007,2026-08-12,49.1,1285,87,151,37,34,4,12531,Push,2,7,6.1
user_000007,2026-08-13,49.2,1070,82,118,30,5,3,13189,Upper,2,9,8.8
user_000007,2026-08-14,48.9,1627,106,204,43,38,5,14561,Pull,2,13,5.7
user_000007,2026-08-15,48.5,1068,103,92,32,20,2,3841,Legs,2,11,5.9
user_000007,2026-08-16,48.5,1281,81,165,33,54,1,14613,Legs,0,15,8.8
user_000007,2026-08-17,48.7,1226,80,159,30,36,2,4537,Upper,2,16,7.8
user_000007,2026-08-18,48.4,1183,88,129,35,44,3,5862,Pull,2,11,7.9
user_000007,2026-08-19,48.6,1065,93,108,29,8,5,3171,Rest,,,6.0
user_000007,2026-08-20,48.4,1065,87,114,29,11,3,6799,Push,1,19,6.9
user_000007,2026-08-21,48.3,1141,100,120,29,18,1,16446,Legs,1,10,6.8
user_000007,2026-08-22,48.1,1196,91,145,28,26,1,15824,Push,3,8,6.4
user_000007,2026-08-23,47.9,1181,93,137,29,32,3,6482,Legs,1,7,7.8
user_000007,2026-08-24,47.6,1123,77,125,35,41,1,16687,Rest,,,8.4
user_000007,2026-08-25,47.6,1367,90,164,39,42,4,14255,Pull,4,19,7.8
user_000007,2026-08-26,47.5,1340,88,166,36,3,3,11326,Pull,4,20,8.7
user_000007,2026-08-27,47.3,1597,99,199,45,37,5,14469,Push,0,7,5.5
user_000007,2026-08-28,47.4,1208,83,138,36,19,1,15552,Push,3,10,6.5
user_000007,2026-08-29,47.5,1155,81,147,27,51,1,3951,Upper,3,18,5.9
user_000007,2026-08-30,47.2,1424,78,188,40,4,2,14224,Upper,2,17,6.3
user_000007,2026-08-31,46.9,1321,86,161,37,46,3,3488,Upper,1,14,8.1
user_000007,2026-09-01,46.7,1715,81,242,47,22,1,11454,Upper,3,8,8.5
user_000007,2026-09-02,46.4,1859,75,275,51,51,4,15423,Legs,4,9,7.9
user_000007,2026-09-03,46.4,1525,88,210,37,16,2,16183,Legs,3,20,5.9
user_000007,2026-09-04,46.2,1455,99,168,43,10,3,11921,Pull,4,16,8.9
user_000007,2026-09-05,46.2,1044,85,122,24,9,1,4345,Upper,5,19,6.8
user_000007,2026-09-06,46.2,1829,79,250,57,54,4,12943,Pull,3,16,6.3
user_000007,2026-09-07,46.0,1877,91,259,53,38,3,13965,Upper,4,14,6.2
user_000007,2026-09-08,45.9,1440,84,186,40,42,2,6926,Upper,1,8,8.3
user_000007,2026-09-09,45.7,1762,85,225,58,24,3,15600,Rest,,,7.3
user_000007,2026-09-10,45.5,1866,86,250,58,44,3,16196,Pull,2,12,7.2
user_000007,2026-09-11,45.7,1489,89,191,41,15,5,7992,Rest,,,6.4
user_000007,2026-09-12,45.6,1751,87,245,47,50,3,6498,Push,1,12,8.9
user_000007,2026-09-13,45.8,1342,92,176,30,31,3,3267,Rest,,,6.2
user_000007,2026-09-14,45.9,1635,98,214,43,45,3,7992,Pull,3,9,8.3
user_000007,2026-09-15,45.9,1782,91,224,58,14,4,16530,Pull,3,6,6.6
user_000007,2026-09-16,45.9,1796,78,263,48,52,4,15197,Rest,,,6.4
user_000007,2026-09-17,46.0,1590,96,207,42,15,2,12101,Upper,1,8,8.5
user_000007,2026-09-18,45.9,1174,82,135,34,14,1,4023,Pull,5,9,6.9
user_000007,2026-09-19,45.9,1290,79,176,30,19,1,3843,Legs,0,9,6.8
user_000007,2026-09-20,45.8,1606,88,210,46,29,4,10523,Push,4,15,6.3
user_000007,2026-09-21,45.7,1603,94,201,47,54,1,16562,Push,4,20,7.4
user_000007,2026-09-22,45.7,1392,85,191,32,6,1,12366,Pull,2,14,6.3
user_000007,2026-09-23,45.8,2207,92,318,63,49,5,11003,Legs,3,17,5.8
user_000007,2026-09-24,46.1,1843,100,246,51,24,4,12842,Upper,2,7,5.5
user_000007,2026-09-25,45.8,1306,91,150,38,2,2,14159,Push,2,18,7.2
user_000007,2026-09-26,45.5,1329,86,154,41,21,1,3308,Rest,,,8.5
user_000007,2026-09-27,45.7,1502,84,215,34,9,2,6436,Push,1,14,9.0
user_000007,2026-09-28,45.3,1455,99,159,47,25,4,5514,Legs,2,13,6.3
user_000007,2026-09-29,45.4,1321,90,166,33,9,3,14422,Legs,2,14,6.8
user_000007,2026-09-30,45.2,1531,92,194,43,10,5,15532,Upper,3,9,5.9
user_000007,2026-10-01,45.2,1130,79,127,34,2,5,6728,Pull,1,10,6.1
user_000007,2026-10-02,45.5,1398,99,174,34,52,2,5086,Legs,0,12,6.8
user_000007,2026-10-03,45.3,1173,99,111,37,4,5,8352,Rest,,,7.6
user_000007,2026-10-04,45.0,1879,74,263,59,50,4,5867,Pull,3,8,6.1
user_000007,2026-10-05,44.9,1664,81,218,52,46,1,17382,Push,0,12,7.7
user_000007,2026-10-06,44.7,1728,73,260,44,16,4,11102,Upper,3,19,6.9
user_000007,2026-10-07,44.4,1724,88,244,44,43,4,11639,Push,0,9,5.7
user_000007,2026-10-08,44.4,1508,92,195,40,3,3,15399,Pull,3,20,6.9
user_000007,2026-10-09,44.1,1102,95,104,34,9,1,5879,Legs,3,19,8.5
user_000007,2026-10-10,44.1,1457,85,187,41,5,4,17034,Legs,2,18,8.0
user_000007,2026-10-11,43.8,1200,78,159,28,3,5,14182,Legs,5,17,5.7
user_000007,2026-10-12,43.6,1551,79,212,43,4,1,17563,Rest,,,6.9
user_000007,2026-10-13,43.7,1308,93,144,40,19,2,7191,Pull,5,7,5.6
user_000007,2026-10-14,43.6,1063,89,107,31,7,2,9345,Pull,0,12,5.9
user_000007,2026-10-15,43.7,1153,83,140,29,9,2,17740,Upper,2,15,8.0
user_000007,2026-10-16,43.9,1433,83,201,33,1,4,5141,Upper,3,7,8.6
user_000007,2026-10-17,43.8,1666,78,217,54,56,2,15468,Pull,4,13,7.3
user_000007,2026-10-18,43.9,1761,96,252,41,9,3,16788,Legs,3,17,5.5
user_000007,2026-10-19,43.7,1739,96,242,43,31,5,6314,Legs,2,9,6.8
user_000007,2026-10-20,43.8,1616,75,248,36,42,3,6406,Legs,0,14,6.5
user_000007,2026-10-21,43.6,1548,81,198,48,2,2,16803,Rest,,,7.2
user_000007,2026-10-22,43.6,1807,85,252,51,40,5,8433,Push,0,20,8.3
user_000007,2026-10-23,43.8,1593,93,195,49,57,2,6976,Pull,1,14,6.6
user_000007,2026-10-24,44.0,1552,74,224,40,22,1,15225,Legs,2,19,7.3
user_000007,2026-10-25,44.1,1607,84,221,43,34,5,4525,Rest,,,8.3
user_000007,2026-10-26,44.2,1087,90,103,35,45,1,5243,Rest,,,6.2
user_000007,2026-10-27,44.1,1640,96,215,44,37,3,16744,Rest,,,6.8
user_000007,2026-10-28,44.0,1406,94,163,42,27,1,8516,Legs,2,9,8.2
user_000007,2026-10-29,44.0,1522,78,199,46,41,3,5940,Pull,3,12,7.6
user_000007,2026-10-30,43.8,1439,75,206,35,18,1,16482,Legs,2,19,8.7
user_000007,2026-10-31,43.6,1941,70,296,53,58,5,3242,Push,3,12,6.9
user_000007,2026-11-01,43.7,1731,89,247,43,17,1,16336,Upper,5,10,8.5
user_000007,2026-11-02,43.7,1529,95,195,41,32,3,3995,Upper,2,15,6.8
user_000007,2026-11-03,43.6,1358,89,174,34,10,2,11839,Upper,5,14,8.4
user_000007,2026-11-04,43.6,1385,92,171,37,7,4,16359,Push,0,15,8.5
user_000007,2026-11-05,43.7,1581,79,224,41,54,3,8119,Legs,4,12,5.8
user_000007,2026-11-06,43.9,1861,84,289,41,60,2,17040,Legs,5,13,8.3
user_000007,2026-11-07,44.2,1584,94,194,48,15,1,15246,Pull,1,12,5.9
user_000007,2026-11-08,44.4,1752,85,254,44,50,5,7454,Pull,4,6,6.1
user_000007,2026-11-09,44.2,1198,94,129,34,41,1,9158,Upper,2,19,6.7
user_000007,2026-11-10,44.0,1423,91,168,43,22,1,17812,Push,4,9,7.2
user_000007,2026-11-11,44.2,1478,80,204,38,1,4,6211,Upper,5,17,8.2
user_000007,2026-11-12,44.3,1619,73,217,51,46,2,7457,Push,4,13,8.8
user_000007,2026-11-13,44.1,1592,95,222,36,19,3,14073,Rest,,,8.5
user_000007,2026-11-14,44.3,1497,84,189,45,12,3,12884,Legs,2,13,6.6
user_000007,2026-11-15,44.5,1498,75,196,46,9,4,14543,Push,0,6,5.5
user_000007,2026-11-16,44.4,1923,75,264,63,4,2,16471,Legs,3,7,6.2
user_000007,2026-11-17,44.2,1260,92,151,32,11,1,6709,Push,2,15,5.6
user_000007,2026-11-18,44.4,1442,74,201,38,13,2,13648,Pull,3,16,7.7
user_000007,2026-11-19,44.3,1312,85,171,32,52,2,4804,Legs,2,10,6.6
user_000007,2026-11-20,44.1,1397,73,175,45,28,2,13311,Upper,0,17,6.5
user_000007,2026-11-21,44.1,1463,92,168,47,19,3,12551,Rest,,,7.0
user_000007,2026-11-22,44.2,1294,87,160,34,38,3,9201,Rest,,,7.5
user_000007,2026-11-23,43.9,1476,82,179,48,24,5,13180,Pull,4,7,6.3
user_000007,2026-11-24,44.2,1322,89,147,42,2,5,5547,Rest,,,6.3
user_000007,2026-11-25,44.0,1630,72,223,50,43,4,9968,Upper,5,9,6.9
user_000007,2026-11-26,43.6,1760,89,261,40,27,5,13907,Legs,0,6,8.8
user_000007,2026-11-27,43.6,2090,79,340,46,49,5,12982,Pull,0,19,7.4
user_000008,2026-07-01,51.5,1768,98,236,48,46,5,5692,Upper,3,17,7.1
user_000008,2026-07-02,51.3,1212,85,146,32,45,1,5005,Legs,2,8,7.2
user_000008,2026-07-03,51.4,1148,93,113,36,27,1,7931,Push,0,6,7.9
user_000008,2026-07-04,51.4,1466,102,179,38,23,4,13244,Pull,4,17,6.9
user_000008,2026-07-05,51.2,1260,95,130,40,49,2,7086,Upper,5,6,8.3
user_000008,2026-07-06,51.0,1416,103,170,36,52,2,15326,Rest,,,7.3
user_000008,2026-07-07,51.2,1455,103,182,35,27,5,12907,Push,1,14,8.9
user_000008,2026-07-08,50.9,1436,87,182,40,49,2,15533,Rest,,,5.5
user_000008,2026-07-09,50.7,1171,91,123,35,39,1,9875,Upper,3,13,6.4
user_000008,2026-07-10,50.9,1519,94,207,35,31,3,11402,Pull,1,20,7.3
user_000008,2026-07-11,51.1,1387,94,183,31,14,5,7586,Upper,2,15,7.2
user_000008,2026-07-12,51.2,1088,86,123,28,18,3,3964,Rest,,,7.4
user_000008,2026-07-13,50.9,1088,86,114,32,34,1,9906,Rest,,,8.9
user_000008,2026-07-14,50.7,1129,85,114,37,48,2,3921,Legs,2,18,7.7
user_000008,2026-07-15,50.8,1635,108,195,47,53,3,14308,Pull,0,10,7.1
user_000008,2026-07-16,50.7,1595,91,193,51,55,3,16784,Pull,4,10,8.3
user_000008,2026-07-17,50.9,1456,86,188,40,58,2,14887,Pull,2,6,8.6
user_000008,2026-07-18,50.9,1092,83,109,36,6,4,10737,Push,1,13,6.9
user_000008,2026-07-19,50.9,1211,85,130,39,29,2,3963,Pull,5,14,6.3
user_000008,2026-07-20,50.9,2130,105,306,54,59,5,11089,Legs,3,18,8.6
user_000008,2026-07-21,51.0,1221,83,139,37,33,1,12032,Pull,1,9,8.4
user_000008,2026-07-22,50.8,1350,82,161,42,38,4,5726,Rest,,,7.0
user_000008,2026-07-23,50.8,2083,94,312,51,59,5,17990,Push,2,15,8.3
user_000008,2026-07-24,50.6,1256,108,116,40,22,3,12826,Rest,,,5.6
user_000008,2026-07-25,50.4,1097,95,123,25,12,1,8097,Push,3,6,5.5
user_000008,2026-07-26,50.4,1128,102,117,28,14,4,9074,Pull,3,16,8.0
user_000008,2026-07-27,50.1,1781,109,208,57,60,4,13506,Rest,,,8.2
user_000008,2026-07-28,50.1,1077,83,112,33,15,4,12122,Rest,,,6.2
user_000008,2026-07-29,49.9,1699,86,224,51,48,2,16123,Rest,,,7.1
user_000008,2026-07-30,49.9,1202,96,146,26,37,2,13902,Upper,1,12,5.7
user_000008,2026-07-31,49.6,1770,87,225,58,57,5,3891,Pull,0,9,7.8
user_000008,2026-08-01,49.6,1146,94,116,34,15,1,9173,Upper,1,9,7.6
user_000008,2026-08-02,49.5,1779,91,239,51,48,4,15871,Rest,,,6.9
user_000008,2026-08-03,49.4,1426,80,173,46,36,2,11012,Pull,2,18,7.3
user_000008,2026-08-04,49.5,1275,106,143,31,6,3,16248,Legs,3,19,8.7
user_000008,2026-08-05,49.6,1130,82,142,26,27,1,5178,Upper,0,17,7.9
user_000008,2026-08-06,49.6,1168,106,105,36,7,5,10273,Push,5,15,6.9
user_000008,2026-08-07,49.7,1571,104,201,39,12,5,16219,Rest,,,6.5
user_000008,2026-08-08,49.6,1536,85,218,36,20,5,15455,Upper,3,20,8.7
user_000008,2026-08-09,49.6,1076,106,109,24,8,5,4305,Legs,1,13,5.5
user_000008,2026-08-10,49.6,1074,104,97,30,14,2,4912,Rest,,,6.9
user_000008,2026-08-11,49.8,1223,93,152,27,8,3,8049,Legs,4,20,8.9
user_000008,2026-08-12,49.5,1319,90,152,39,24,4,6870,Push,3,16,8.9
user_000008,2026-08-13,49.3,1072,102,112,24,11,4,7804,Push,5,18,8.7
user_000008,2026-08-14,48.9,1212,103,137,28,52,1,11344,Rest,,,8.5
user_000008,2026-08-15,48.9,1126,79,135,30,9,3,7075,Legs,3,11,8.5
user_000008,2026-08-16,48.8,1277,102,143,33,27,5,7565,Rest,,,5.8
user_000008,2026-08-17,48.9,1641,87,222,45,32,5,13636,Pull,5,10,6.1
user_000008,2026-08-18,48.7,1297,102,157,29,27,1,16952,Legs,1,20,8.1
user_000008,2026-08-19,48.8,1066,91,108,30,31,2,6732,Legs,0,15,8.5
user_000008,2026-08-20,48.6,1175,79,154,27,23,4,16004,Push,1,6,7.4
user_000008,2026-08-21,48.8,2156,103,319,52,33,4,14195,Legs,1,14,5.9
user_000008,2026-08-22,48.9,1415,97,169,39,10,3,4390,Upper,2,8,6.4
user_000008,2026-08-23,49.0,1609,81,238,37,5,4,3561,Push,4,8,6.2
user_000008,2026-08-24,48.8,2006,96,257,66,37,4,15115,Upper,1,8,8.9
user_000008,2026-08-25,48.5,1784,82,256,48,25,2,11001,Legs,4,18,6.4
user_000008,2026-08-26,48.2,1517,85,193,45,15,5,6914,Upper,0,6,6.1
user_000008,2026-08-27,48.1,2048,104,264,64,32,5,17450,Upper,5,15,6.4
user_000008,2026-08-28,48.3,2224,104,290,72,51,4,15110,Legs,4,8,7.2
user_000008,2026-08-29,48.6,2275,99,319,67,55,3,14474,Push,3,11,7.7
user_000008,2026-08-30,48.5,1930,97,282,46,1,2,12937,Upper,2,17,6.3
user_000008,2026-08-31,48.7,1614,100,218,38,8,2,10647,Upper,3,20,5.5
user_000008,2026-09-01,48.8,2071,82,312,55,56,2,15751,Rest,,,6.2
user_000008,2026-09-02,49.0,1777,84,241,53,14,2,15424,Rest,,,6.0
user_000008,2026-09-03,48.7,1881,80,271,53,7,3,10308,Legs,4,6,5.6
user_000008,2026-09-04,48.9,1943,87,275,55,24,1,10855,Legs,0,10,7.8
user_000008,2026-09-05,48.9,1563,92,202,43,57,1,3469,Push,0,8,7.8
user_000008,2026-09-06,49.2,2245,105,292,73,50,4,8565,Legs,3,17,7.8
user_000008,2026-09-07,49.4,2060,99,281,60,4,3,6327,Rest,,,8.0
user_000008,2026-09-08,49.5,1564,88,222,36,49,1,8647,Rest,,,6.0
user_000008,2026-09-09,49.7,2006,107,264,58,26,3,9762,Push,0,16,6.9
user_000008,2026-09-10,49.7,2245,82,351,57,36,4,7921,Pull,2,13,7.6
user_000008,2026-09-11,49.8,2269,99,349,53,57,4,9851,Legs,0,6,8.6
user_000008,2026-09-12,49.6,1752,93,255,40,16,3,4175,Legs,3,20,7.0
user_000008,2026-09-13,49.6,1626,108,213,38,8,2,7984,Push,3,16,8.7
user_000008,2026-09-14,49.9,2277,109,323,61,38,2,16004,Legs,3,10,8.6
user_000008,2026-09-15,49.7,1904,91,277,48,11,1,9736,Rest,,,8.8
user_000008,2026-09-16,49.8,2191,97,327,55,48,2,11832,Upper,0,18,7.3
user_000008,2026-09-17,49.7,2257,100,300,73,60,4,8427,Push,4,7,5.9
user_000008,2026-09-18,49.5,2025,97,281,57,35,2,14226,Push,0,11,8.6
user_000008,2026-09-19,49.4,1917,91,269,53,29,1,11279,Legs,4,8,5.7
user_000008,2026-09-20,49.7,2554,95,377,74,52,5,15549,Upper,5,8,6.9
user_000008,2026-09-21,49.8,1864,87,280,44,15,4,4423,Legs,3,12,8.9
user_000008,2026-09-22,49.9,2102,86,309,58,48,1,17023,Rest,,,6.3
user_000008,2026-09-23,50.0,2252,97,349,52,46,5,12641,Pull,2,18,8.2
user_000008,2026-09-24,50.1,1779,99,249,43,8,2,12017,Rest,,,6.6
user_000008,2026-09-25,50.2,1815,95,262,43,22,5,3069,Pull,3,7,7.0
user_000008,2026-09-26,50.2,1793,94,235,53,18,5,6213,Upper,3,19,6.6
user_000008,2026-09-27,50.0,2149,109,309,53,54,4,5831,Push,0,7,8.9
user_000008,2026-09-28,49.9,2078,104,285,58,21,2,12134,Rest,,,6.1
user_000008,2026-09-29,49.7,1868,90,260,52,13,5,13528,Rest,,,8.0
user_000008,2026-09-30,49.7,1873,102,247,53,51,2,7623,Upper,3,19,6.4
user_000008,2026-10-01,49.8,2017,92,293,53,32,2,14499,Push,3,18,5.9
user_000008,2026-10-02,49.9,2229,100,311,65,26,4,17310,Rest,,,7.1
user_000008,2026-10-03,49.9,1873,106,234,57,8,2,17182,Rest,,,8.8
user_000008,2026-10-04,50.1,2006,87,293,54,29,2,16670,Legs,1,6,8.6
user_000008,2026-10-05,50.0,1760,102,212,56,11,4,10028,Push,1,17,8.4
user_000008,2026-10-06,49.9,2191,97,336,51,43,5,8414,Pull,2,12,7.3
user_000008,2026-10-07,49.8,2037,92,307,49,41,3,10815,Upper,1,12,7.5
user_000008,2026-10-08,50.0,1780,86,233,56,43,3,3886,Pull,2,18,6.2
user_000008,2026-10-09,50.2,1779,99,222,55,33,2,9492,Pull,1,6,6.9
user_000008,2026-10-10,50.0,1770,94,227,54,8,4,16266,Pull,4,8,7.3
user_000008,2026-10-11,49.8,2062,84,328,46,40,5,4729,Push,5,17,7.1
user_000008,2026-10-12,49.7,2027,86,270,67,48,1,13479,Legs,0,19,7.8
user_000008,2026-10-13,49.5,1784,89,231,56,33,2,10709,Rest,,,8.4
user_000008,2026-10-14,49.7,1889,86,276,49,28,2,3235,Pull,4,17,5.7
user_000008,2026-10-15,49.8,1686,82,236,46,29,1,3607,Rest,,,5.9
user_000008,2026-10-16,50.0,2407,83,368,67,56,5,5675,Legs,5,11,6.1
user_000008,2026-10-17,50.1,1085,80,135,25,11,1,9033,Pull,5,10,7.1
user_000008,2026-10-18,50.1,1530,85,221,34,42,3,4220,Upper,0,12,9.0
user_000008,2026-10-19,50.0,1669,104,203,49,15,5,11168,Push,1,6,6.0
user_000008,2026-10-20,49.9,1323,99,153,35,6,4,11804,Legs,1,8,7.2
user_000008,2026-10-21,50.0,1532,80,204,44,33,3,11861,Push,0,16,7.2
user_000008,2026-10-22,49.7,1076,83,132,24,2,5,3855,Legs,3,13,6.9
user_000008,2026-10-23,49.6,1551,106,194,39,43,3,8547,Push,5,10,7.1
user_000008,2026-10-24,49.7,1382,80,180,38,7,3,5380,Pull,1,13,8.9
user_000008,2026-10-25,49.6,1319,94,157,35,9,3,9420,Rest,,,5.7
user_000008,2026-10-26,49.3,1590,96,207,42,58,4,5119,Upper,1,13,7.2
user_000008,2026-10-27,49.2,1538,81,200,46,16,3,11587,Upper,0,19,6.0
user_000008,2026-10-28,49.3,1217,83,138,37,44,1,10461,Upper,2,7,7.6
user_000008,2026-10-29,49.2,1699,95,206,55,36,3,14762,Push,3,15,7.8
user_000008,2026-10-30,49.3,1071,92,106,31,24,1,4871,Rest,,,8.0
user_000008,2026-10-31,49.2,1740,83,235,52,51,5,6952,Upper,1,7,5.7
user_000008,2026-11-01,49.3,1155,97,131,27,60,1,16943,Push,5,18,5.5
user_000008,2026-11-02,49.3,1078,82,129,26,0,4,9188,Push,2,6,7.2
user_000008,2026-11-03,49.5,1353,81,183,33,14,3,5380,Rest,,,8.0
user_000008,2026-11-04,49.4,1619,79,220,47,46,4,8149,Pull,0,11,8.1
user_000008,2026-11-05,49.4,1074,84,108,34,36,1,3240,Push,5,20,6.1
user_000008,2026-11-06,49.5,1631,100,220,39,39,5,9612,Push,2,20,8.7
user_000008,2026-11-07,49.1,1245,89,139,37,55,1,15537,Pull,4,6,6.5
user_000008,2026-11-08,49.3,1500,96,180,44,46,2,10023,Rest,,,8.2
user_000008,2026-11-09,49.5,1677,106,230,37,29,5,16300,Push,1,8,5.7
user_000008,2026-11-10,49.8,1571,83,222,39,34,3,9766,Upper,2,10,8.1
user_000008,2026-11-11,49.5,1744,106,204,56,55,2,17163,Pull,0,17,6.2
user_000008,2026-11-12,49.1,1432,94,165,44,48,4,12808,Legs,1,7,7.5
user_000008,2026-11-13,49.2,1078,90,121,26,60,1,4728,Pull,5,19,6.7
user_000008,2026-11-14,48.8,1263,93,153,31,25,3,6058,Rest,,,8.1
user_000008,2026-11-15,48.7,1307,101,156,31,10,4,11089,Push,4,19,5.6
user_000008,2026-11-16,48.5,1549,92,203,41,58,2,17718,Upper,5,6,7.5
user_000008,2026-11-17,48.4,1066,103,87,34,6,3,7112,Legs,0,7,8.4
user_000008,2026-11-18,48.6,1561,98,200,41,23,5,15152,Legs,2,15,5.7
user_000008,2026-11-19,48.6,1604,89,195,52,39,3,13291,Upper,3,11,8.7
user_000008,2026-11-20,48.6,1448,97,166,44,17,4,5957,Legs,2,16,6.0
user_000008,2026-11-21,48.5,1459,93,166,47,26,5,4693,Legs,0,15,8.2
user_000008,2026-11-22,48.4,1356,84,183,32,15,3,10106,Legs,5,6,6.4
user_000008,2026-11-23,48.0,1159,103,126,27,25,4,4271,Legs,0,9,6.3
user_000008,2026-11-24,47.8,1060,82,120,28,37,1,4365,Push,5,18,8.2
user_000008,2026-11-25,47.5,1613,97,187,53,50,4,4234,Rest,,,8.3
user_000008,2026-11-26,47.6,1075,101,107,27,0,5,6068,Push,2,6,8.8
user_000008,2026-11-27,47.8,1503,88,191,43,46,2,8664,Push,3,10,7.2
user_000009,2026-07-01,51.3,1663,90,220,47,26,1,6887,Legs,3,7,8.1
user_000009,2026-07-02,51.0,1844,90,245,56,33,2,12060,Push,4,10,7.6
user_000009,2026-07-03,51.2,1980,95,256,64,46,4,10785,Legs,0,17,7.8
user_000009,2026-07-04,51.4,1444,91,180,40,27,3,8356,Push,0,14,6.9
user_000009,2026-07-05,51.4,1337,105,146,37,23,3,6096,Rest,,,6.5
user_000009,2026-07-06,51.5,1621,93,229,37,3,1,6203,Legs,3,9,5.5
user_000009,2026-07-07,51.4,1807,101,245,47,4,1,11649,Rest,,,8.9
user_000009,2026-07-08,51.3,1612,110,176,52,57,1,9568,Pull,0,13,8.3
user_000009,2026-07-09,51.4,1615,91,216,43,28,1,13570,Rest,,,8.6
user_000009,2026-07-10,51.1,1688,87,236,44,24,5,8849,Rest,,,8.7
user_000009,2026-07-11,50.8,1451,110,165,39,46,1,8186,Push,4,10,8.0
user_000009,2026-07-12,51.1,1460,100,166,44,33,1,6662,Rest,,,7.4
user_000009,2026-07-13,51.1,1946,87,296,46,41,4,8592,Legs,3,20,7.6
user_000009,2026-07-14,51.1,1783,92,248,47,34,3,4439,Pull,2,9,5.6
user_000009,2026-07-15,50.8,1221,112,128,29,14,3,5257,Legs,2,18,6.6
user_000009,2026-07-16,51.0,2017,91,276,61,58,1,17569,Push,2,16,7.6
user_000009,2026-07-17,50.9,1484,101,171,44,20,3,3180,Upper,5,14,6.1
user_000009,2026-07-18,51.0,1499,89,180,47,21,2,5054,Rest,,,6.6
user_000009,2026-07-19,51.1,1931,109,232,63,39,2,10096,Legs,0,7,8.5
user_000009,2026-07-20,50.8,1689,108,195,53,28,4,3551,Upper,4,20,5.6
user_000009,2026-07-21,50.7,1644,111,183,52,14,5,4981,Push,4,18,6.7
user_000009,2026-07-22,50.6,1597,96,211,41,28,2,3043,Push,2,10,6.6
user_000009,2026-07-23,50.5,2040,106,260,64,21,5,16530,Pull,5,14,7.2
user_000009,2026-07-24,50.4,1894,81,253,62,57,1,11719,Push,3,13,5.8
user_000009,2026-07-25,50.2,1846,98,260,46,32,2,7683,Push,3,15,8.3
user_000009,2026-07-26,50.3,1531,83,221,35,19,1,6156,Push,0,17,6.8
user_000009,2026-07-27,50.1,1746,85,230,54,16,1,7432,Legs,3,11,5.6
user_000009,2026-07-28,50.1,1514,84,209,38,43,3,7161,Pull,1,7,7.4
user_000009,2026-07-29,50.0,1665,103,203,49,18,2,16212,Pull,2,14,7.2
user_000009,2026-07-30,50.2,1522,109,177,42,0,5,12194,Legs,1,16,8.4
user_000009,2026-07-31,50.3,1945,106,279,45,50,3,8449,Push,2,13,8.8
user_000009,2026-08-01,50.3,1628,97,211,44,59,1,14559,Rest,,,8.6
user_000009,2026-08-02,50.3,1692,87,246,40,33,1,10428,Pull,3,7,8.9
user_000009,2026-08-03,50.3,1468,98,170,44,54,1,6076,Pull,3,16,7.3
user_000009,2026-08-04,50.3,1399,107,164,35,0,5,6641,Upper,1,8,5.6
user_000009,2026-08-05,50.1,1820,84,263,48,29,5,6197,Rest,,,6.1
user_000009,2026-08-06,50.1,1625,86,201,53,3,2,17774,Pull,4,18,7.8
user_000009,2026-08-07,50.4,2060,107,255,68,6,2,15075,Rest,,,7.8
user_000009,2026-08-08,50.4,1725,96,243,41,30,5,5637,Legs,2,19,7.8
user_000009,2026-08-09,50.3,1575,103,203,39,57,1,7567,Push,0,11,7.4
user_000009,2026-08-10,50.1,1355,86,174,35,15,1,3242,Rest,,,5.7
user_000009,2026-08-11,50.2,1871,104,258,47,25,4,11412,Pull,5,11,5.6
user_000009,2026-08-12,50.1,1811,109,229,51,10,5,15020,Rest,,,6.4
user_000009,2026-08-13,50.2,1744,107,212,52,2,2,12010,Upper,4,17,7.0
user_000009,2026-08-14,50.0,2486,99,356,74,56,5,17112,Push,3,14,6.5
user_000009,2026-08-15,50.0,1518,101,175,46,1,1,7448,Upper,0,16,7.1
user_000009,2026-08-16,49.9,2045,88,313,49,51,4,17189,Push,4,18,8.5
user_000009,2026-08-17,49.9,1931,102,248,59,56,4,5237,Legs,1,20,8.4
user_000009,2026-08-18,50.1,1642,88,219,46,4,3,10477,Pull,4,16,6.2
user_000009,2026-08-19,50.2,1720,84,238,48,14,1,14358,Legs,4,16,7.5
user_000009,2026-08-20,50.4,2053,88,297,57,40,5,12928,Push,4,7,6.9
user_000009,2026-08-21,50.5,1654,82,246,38,31,4,3175,Legs,4,20,5.9
user_000009,2026-08-22,50.3,1594,104,200,42,16,5,6185,Upper,3,8,6.7
user_000009,2026-08-23,50.3,1774,85,264,42,11,5,15592,Pull,5,20,7.0
user_000009,2026-08-24,50.6,2014,110,290,46,13,2,10093,Rest,,,6.5
user_000009,2026-08-25,50.8,1758,85,242,50,1,5,15633,Rest,,,9.0
user_000009,2026-08-26,50.5,1659,91,227,43,48,1,11578,Push,3,16,6.0
user_000009,2026-08-27,50.4,1702,103,219,46,13,4,16010,Legs,1,12,7.0
user_000009,2026-08-28,50.2,2293,107,329,61,50,5,15200,Upper,2,13,6.0
user_000009,2026-08-29,50.1,1577,104,207,37,8,5,12357,Rest,,,8.1
user_000009,2026-08-30,50.1,1777,102,214,57,20,1,17838,Push,3,12,5.7
user_000009,2026-08-31,50.0,1804,85,249,52,23,1,11426,Pull,0,7,7.2
user_000009,2026-09-01,50.0,1419,84,192,35,40,4,5192,Push,2,18,7.7
user_000009,2026-09-02,49.7,1562,84,212,42,13,4,11911,Rest,,,6.4
user_000009,2026-09-03,50.0,2226,91,326,62,29,4,16221,Rest,,,7.1
user_000009,2026-09-04,49.7,1442,81,185,42,29,1,10102,Push,2,7,5.9
user_000009,2026-09-05,49.9,2081,106,295,53,41,4,15960,Legs,3,15,9.0
user_000009,2026-09-06,49.8,1858,93,277,42,20,4,13209,Legs,4,7,7.5
user_000009,2026-09-07,50.0,1952,102,251,60,36,5,3125,Legs,0,9,7.7
user_000009,2026-09-08,50.0,1536,98,196,40,60,1,6506,Upper,1,20,6.7
user_000009,2026-09-09,50.1,1725,88,233,49,24,3,11642,Rest,,,8.8
user_000009,2026-09-10,50.1,1973,86,270,61,59,5,5459,Push,3,19,6.0
user_000009,2026-09-11,50.0,1895,89,252,59,46,5,10442,Pull,2,7,6.3
user_000009,2026-09-12,49.9,1254,101,127,38,23,1,17526,Push,4,17,7.5
user_000009,2026-09-13,49.9,1579,96,184,51,28,4,9939,Upper,4,14,6.6
user_000009,2026-09-14,49.8,1379,93,155,43,26,5,6842,Upper,1,15,7.5
user_000009,2026-09-15,49.6,1468,88,207,32,41,2,3118,Legs,5,12,7.1
user_000009,2026-09-16,49.6,1549,105,190,41,55,2,16931,Legs,0,13,5.7
user_000009,2026-09-17,49.7,1535,83,195,47,51,2,12902,Pull,1,18,7.5
user_000009,2026-09-18,49.3,1303,97,141,39,37,3,7558,Rest,,,5.7
user_000009,2026-09-19,49.1,1495,101,167,47,44,2,15979,Pull,1,20,6.6
user_000009,2026-09-20,49.3,1528,99,193,40,42,2,9943,Rest,,,6.7
user_000009,2026-09-21,48.9,1389,104,169,33,46,1,13470,Pull,5,15,8.7
user_000009,2026-09-22,48.8,1145,87,134,29,51,2,4232,Legs,3,12,8.1
user_000009,2026-09-23,48.5,1363,100,144,43,15,4,10304,Pull,2,16,7.2
user_000009,2026-09-24,48.4,1496,90,203,36,44,1,11059,Push,5,10,8.7
user_000009,2026-09-25,48.3,1449,97,182,37,32,2,5781,Pull,3,18,5.9
user_000009,2026-09-26,48.0,1385,79,166,45,41,1,15746,Rest,,,8.8
user_000009,2026-09-27,47.9,1778,102,221,54,46,4,11379,Upper,5,10,6.5
user_000009,2026-09-28,47.6,1173,96,132,29,15,3,11083,Upper,4,16,9.0
user_000009,2026-09-29,47.7,1891,86,254,59,59,3,13096,Rest,,,8.9
user_000009,2026-09-30,47.4,1285,94,144,37,22,1,7389,Push,2,12,7.5
user_000009,2026-10-01,47.5,1284,98,133,40,43,4,5049,Push,4,17,6.0
user_000009,2026-10-02,47.2,1518,104,181,42,53,3,13820,Upper,2,18,7.4
user_000009,2026-10-03,47.4,1599,86,199,51,7,5,16888,Legs,4,18,6.3
user_000009,2026-10-04,47.2,1660,96,220,44,31,3,17107,Push,5,12,8.1
user_000009,2026-10-05,46.9,1297,99,133,41,60,1,17275,Rest,,,8.6
user_000009,2026-10-06,46.8,1051,101,92,31,31,4,3498,Push,1,13,6.0
user_000009,2026-10-07,46.7,1202,96,137,30,11,3,9132,Upper,2,6,6.6
user_000009,2026-10-08,46.8,1443,81,201,35,33,4,10761,Rest,,,8.5
user_000009,2026-10-09,46.8,1551,97,203,39,17,4,17399,Rest,,,7.0
user_000009,2026-10-10,46.9,1091,101,102,31,29,1,7972,Upper,0,14,7.3
user_000009,2026-10-11,46.6,1050,87,108,30,59,1,9586,Rest,,,7.7
user_000009,2026-10-12,46.3,1446,78,189,42,42,3,3217,Push,5,7,7.4
user_000009,2026-10-13,46.5,1298,93,164,30,40,1,5391,Pull,2,12,6.1
user_000009,2026-10-14,46.4,1397,79,178,41,33,2,9601,Rest,,,5.5
user_000009,2026-10-15,46.2,1503,98,181,43,43,4,5572,Push,4,14,7.2
user_000009,2026-10-16,45.9,1497,82,209,37,39,5,17038,Upper,5,14,6.2
user_000009,2026-10-17,46.0,1300,90,145,40,51,3,4856,Push,1,14,6.9
user_000009,2026-10-18,46.1,1274,75,167,34,30,2,16207,Push,3,12,7.5
user_000009,2026-10-19,46.0,1511,78,203,43,21,3,14543,Upper,0,19,8.8
user_000009,2026-10-20,46.0,1131,88,125,31,10,1,17764,Push,0,13,8.0
user_000009,2026-10-21,46.2,1879,86,287,43,41,5,17448,Push,4,20,6.3
user_000009,2026-10-22,46.3,1387,75,193,35,47,2,14491,Push,4,15,7.8
user_000009,2026-10-23,46.2,1045,98,89,33,27,3,8250,Legs,2,18,6.1
user_000009,2026-10-24,46.4,1159,100,120,31,6,5,17804,Upper,5,12,5.8
user_000009,2026-10-25,46.3,1276,92,146,36,57,2,4868,Legs,0,20,8.0
user_000009,2026-10-26,46.4,1097,88,112,33,2,2,9646,Legs,5,18,9.0
user_000009,2026-10-27,46.4,1357,95,161,37,14,3,10940,Rest,,,6.1
user_000009,2026-10-28,46.5,1049,88,109,29,25,1,6097,Upper,3,9,6.1
user_000009,2026-10-29,46.4,1503,87,183,47,28,5,8270,Legs,1,9,5.8
user_000009,2026-10-30,46.5,1235,101,120,39,35,3,15890,Pull,4,10,6.8
user_000009,2026-10-31,46.3,1046,99,104,26,44,1,3919,Rest,,,6.8
user_000009,2026-11-01,46.0,1223,90,155,27,13,5,3347,Legs,3,9,8.2
user_000009,2026-11-02,45.8,1600,89,230,36,27,3,13411,Legs,1,9,5.8
user_000009,2026-11-03,45.5,1823,81,251,55,58,4,14637,Push,4,15,7.8
user_000009,2026-11-04,45.4,1268,81,155,36,45,3,9617,Push,3,6,8.2
user_000009,2026-11-05,45.4,1039,88,102,31,6,4,8258,Pull,0,14,7.6
user_000009,2026-11-06,45.3,1137,83,136,29,16,3,12505,Rest,,,8.8
user_000009,2026-11-07,45.0,1038,94,107,26,21,5,11107,Legs,2,18,9.0
user_000009,2026-11-08,45.2,1577,96,215,37,5,4,15580,Rest,,,7.0
user_000009,2026-11-09,45.0,1060,88,105,32,31,3,9485,Pull,5,19,7.4
user_000009,2026-11-10,45.0,1035,73,125,27,19,3,9746,Push,2,14,5.6
user_000009,2026-11-11,44.8,1153,78,145,29,16,1,15753,Upper,5,17,8.1
user_000009,2026-11-12,44.8,1398,95,151,46,38,3,10040,Push,5,20,6.0
user_000009,2026-11-13,44.7,1545,75,201,49,54,5,6506,Legs,2,20,6.4
user_000009,2026-11-14,44.6,1033,81,103,33,1,4,6885,Rest,,,5.5
user_000009,2026-11-15,44.4,1301,82,160,37,41,2,6444,Rest,,,8.4
user_000009,2026-11-16,44.2,1068,90,123,24,37,1,4912,Rest,,,6.2
user_000009,2026-11-17,44.0,1359,70,191,35,28,5,15285,Legs,3,7,5.9
user_000009,2026-11-18,44.0,1276,80,149,40,56,3,11183,Pull,3,17,6.1
user_000009,2026-11-19,44.0,1026,81,117,26,17,5,6443,Legs,3,6,7.1
user_000009,2026-11-20,43.9,1398,89,166,42,59,5,4164,Upper,1,17,6.4
user_000009,2026-11-21,44.0,1024,89,104,28,20,3,4320,Pull,5,6,8.3
user_000009,2026-11-22,44.2,1712,76,235,52,53,3,17721,Push,5,11,7.2
user_000009,2026-11-23,44.2,1283,79,163,35,50,2,8495,Legs,2,17,5.8
user_000009,2026-11-24,43.9,1412,82,172,44,11,1,15813,Rest,,,8.3
user_000009,2026-11-25,43.9,1397,79,169,45,20,5,12151,Pull,3,7,7.3
user_000009,2026-11-26,43.7,1434,81,201,34,12,5,13152,Pull,1,10,6.5
user_000009,2026-11-27,43.7,1024,79,114,28,9,2,10266,Legs,5,15,6.4
user_000010,2026-07-01,51.6,1684,87,235,44,42,4,8949,Pull,3,15,6.6
user_000010,2026-07-02,51.7,1436,100,169,40,50,2,11335,Rest,,,6.1
user_000010,2026-07-03,51.9,1454,113,165,38,1,1,12005,Push,4,6,5.6
user_000010,2026-07-04,51.7,1323,106,155,31,50,1,7767,Pull,1,10,8.8
user_000010,2026-07-05,51.8,1311,83,166,35,17,2,13770,Upper,3,15,5.7
user_000010,2026-07-06,51.7,1092,90,120,28,15,3,9249,Pull,0,12,6.4
user_000010,2026-07-07,51.5,1505,96,179,45,44,1,12231,Rest,,,8.1
user_000010,2026-07-08,51.3,1516,104,176,44,31,4,10811,Pull,4,17,8.2
user_000010,2026-07-09,51.1,1546,104,179,46,19,5,15788,Rest,,,8.2
user_000010,2026-07-10,51.1,1944,83,277,56,41,5,14139,Legs,2,7,6.7
user_000010,2026-07-11,51.1,1317,101,154,33,57,1,8047,Rest,,,7.4
user_000010,2026-07-12,51.2,1387,91,159,43,12,4,7859,Legs,3,16,8.6
user_000010,2026-07-13,51.0,1293,106,152,29,27,2,6463,Pull,3,11,8.0
user_000010,2026-07-14,51.1,1533,109,164,49,42,1,7524,Legs,4,6,6.0
user_000010,2026-07-15,50.8,1494,100,179,42,53,1,14931,Legs,3,19,7.2
user_000010,2026-07-16,51.0,1312,87,160,36,54,1,9749,Pull,0,11,6.6
user_000010,2026-07-17,50.9,1129,109,90,37,22,3,3216,Push,0,11,6.6
user_000010,2026-07-18,51.0,1666,91,231,42,19,3,11241,Legs,3,6,7.8
user_000010,2026-07-19,50.6,1568,105,206,36,0,1,17649,Upper,4,14,6.2
user_000010,2026-07-20,50.6,2231,89,318,67,55,5,7169,Rest,,,8.4
user_000010,2026-07-21,50.5,1581,92,211,41,38,3,7838,Upper,4,10,6.2
user_000010,2026-07-22,50.2,1693,85,228,49,27,5,10075,Pull,5,13,7.2
user_000010,2026-07-23,50.5,1867,100,243,55,37,4,8997,Push,0,11,8.4
user_000010,2026-07-24,50.4,1084,91,117,28,0,4,11679,Push,1,6,6.0
user_000010,2026-07-25,50.6,1579,94,195,47,40,2,17266,Legs,3,15,8.7
user_000010,2026-07-26,50.3,1326,99,147,38,37,2,6688,Legs,5,10,5.7
user_000010,2026-07-27,50.4,1729,87,235,49,60,3,6722,Rest,,,6.3
user_000010,2026-07-28,50.6,1630,96,208,46,40,3,15250,Push,1,18,6.3
user_000010,2026-07-29,50.5,1390,109,162,34,14,5,7711,Rest,,,6.8
user_000010,2026-07-30,50.4,1423,107,161,39,20,2,6302,Pull,0,18,6.3
user_000010,2026-07-31,50.4,1500,89,196,40,19,5,11372,Pull,0,13,7.7
user_000010,2026-08-01,50.4,1714,89,227,50,50,5,6149,Rest,,,7.5
user_000010,2026-08-02,50.5,1765,94,246,45,24,3,13938,Rest,,,8.8
user_000010,2026-08-03,50.4,1344,109,128,44,50,3,6105,Rest,,,7.2
user_000010,2026-08-04,50.5,1250,92,135,38,45,1,12404,Legs,1,18,5.5
user_000010,2026-08-05,50.2,1495,100,186,39,55,2,13232,Pull,0,11,7.4
user_000010,2026-08-06,50.4,1828,91,267,44,30,4,11457,Rest,,,7.8
user_000010,2026-08-07,50.6,1494,107,181,38,3,3,11807,Push,2,7,7.2
user_000010,2026-08-08,50.9,1421,107,156,41,39,1,6624,Upper,5,12,8.1
user_000010,2026-08-09,51.0,1316,111,128,40,10,3,5386,Pull,5,9,5.7
user_000010,2026-08-10,51.3,1869,96,252,53,54,4,8995,Upper,3,8,7.6
user_000010,2026-08-11,51.0,1166,107,99,38,21,3,6678,Pull,4,11,8.5
user_000010,2026-08-12,50.7,1122,111,93,34,17,3,12437,Rest,,,8.7
user_000010,2026-08-13,50.6,1082,96,107,30,29,1,10655,Push,0,9,7.3
user_000010,2026-08-14,50.6,1417,93,187,33,18,2,12115,Push,2,17,8.8
user_000010,2026-08-15,50.8,1483,89,176,47,13,1,17078,Push,0,13,8.6
user_000010,2026-08-16,50.9,1575,85,230,35,39,2,10562,Upper,1,17,8.0
user_000010,2026-08-17,51.1,1432,94,183,36,31,2,7226,Push,2,14,7.9
user_000010,2026-08-18,51.2,1373,104,138,45,34,1,8224,Legs,3,9,5.8
user_000010,2026-08-19,51.1,1663,101,218,43,25,5,16285,Push,1,11,5.8
user_000010,2026-08-20,50.8,1404,102,159,40,57,1,10428,Pull,0,10,6.7
user_000010,2026-08-21,51.0,1936,101,266,52,44,5,12086,Rest,,,5.7
user_000010,2026-08-22,51.1,1411,110,164,35,1,1,7543,Pull,0,18,7.7
user_000010,2026-08-23,50.9,1320,102,156,32,10,3,8816,Legs,5,10,6.9
user_000010,2026-08-24,50.7,1758,92,217,58,48,2,11476,Legs,5,10,7.8
user_000010,2026-08-25,50.4,1298,111,128,38,59,1,5354,Legs,3,14,8.0
user_000010,2026-08-26,50.3,1570,101,206,38,8,3,15269,Push,4,15,5.9
user_000010,2026-08-27,50.6,1732,83,251,44,23,3,6805,Legs,2,19,7.5
user_000010,2026-08-28,50.6,1256,108,134,32,4,2,12144,Pull,0,7,6.0
user_000010,2026-08-29,50.6,1349,95,150,41,6,4,14418,Pull,4,17,5.9
user_000010,2026-08-30,50.5,1812,100,236,52,55,4,9984,Push,1,6,7.9
user_000010,2026-08-31,50.4,1349,87,167,37,58,1,7339,Rest,,,7.3
user_000010,2026-09-01,50.1,1447,89,185,39,27,5,4136,Legs,1,19,8.3
user_000010,2026-09-02,50.3,1652,92,231,40,37,3,17261,Pull,0,11,6.8
user_000010,2026-09-03,50.5,1290,100,146,34,19,1,13194,Pull,1,14,7.5
user_000010,2026-09-04,50.6,2164,87,301,68,60,5,9419,Push,4,14,7.0
user_000010,2026-09-05,50.4,1632,103,215,40,26,3,11897,Push,0,20,8.8
user_000010,2026-09-06,50.3,1511,99,200,35,48,2,9364,Rest,,,6.7
user_000010,2026-09-07,50.3,1246,103,132,34,12,3,11851,Legs,0,18,7.3
user_000010,2026-09-08,50.5,1825,106,222,57,43,5,8600,Upper,3,16,5.5
user_000010,2026-09-09,50.3,2157,96,288,69,53,5,13369,Pull,1,19,7.7
user_000010,2026-09-10,50.4,1435,89,191,35,42,3,9030,Legs,3,13,8.5
user_000010,2026-09-11,50.3,1317,99,147,37,14,1,6841,Upper,1,19,6.3
user_000010,2026-09-12,50.2,1693,96,235,41,47,1,17123,Push,3,8,6.6
user_000010,2026-09-13,50.1,1588,100,198,44,20,1,15177,Push,5,11,7.8
user_000010,2026-09-14,49.9,2250,101,313,66,25,5,15070,Upper,0,8,7.6
user_000010,2026-09-15,50.1,1388,91,166,40,0,2,9396,Pull,1,18,8.6
user_000010,2026-09-16,49.8,1863,96,255,51,58,5,6630,Pull,5,7,6.8
user_000010,2026-09-17,50.0,1414,92,176,38,49,2,4243,Legs,2,20,6.1
user_000010,2026-09-18,50.2,1675,82,249,39,39,4,4081,Pull,5,6,6.9
user_000010,2026-09-19,50.4,1322,81,173,34,10,2,10450,Legs,3,18,6.5
user_000010,2026-09-20,50.3,1673,106,193,53,37,2,14261,Legs,2,17,8.6
user_000010,2026-09-21,50.1,1660,93,214,48,26,2,5131,Pull,2,14,8.5
user_000010,2026-09-22,50.1,1900,97,270,48,51,3,3268,Rest,,,6.7
user_000010,2026-09-23,49.8,1316,99,140,40,32,2,6461,Pull,4,12,7.7
user_000010,2026-09-24,49.9,1214,99,128,34,56,2,3127,Legs,2,7,8.2
user_000010,2026-09-25,50.1,1998,101,268,58,41,5,7962,Push,0,20,8.0
user_000010,2026-09-26,49.9,1198,80,143,34,9,1,4718,Rest,,,7.4
user_000010,2026-09-27,50.0,1852,99,265,44,41,5,14845,Rest,,,6.3
user_000010,2026-09-28,50.1,1588,110,179,48,54,3,7261,Rest,,,8.8
user_000010,2026-09-29,50.0,1799,80,264,47,34,1,13706,Push,0,11,7.2
user_000010,2026-09-30,49.7,1392,86,163,44,29,2,4959,Pull,3,7,8.1
user_000010,2026-10-01,49.8,1482,108,177,38,19,3,11005,Push,0,11,5.8
user_000010,2026-10-02,49.6,1917,100,269,49,48,5,7503,Legs,4,17,7.7
user_000010,2026-10-03,49.4,1869,97,251,53,26,3,5549,Legs,3,18,5.9
user_000010,2026-10-04,49.5,1932,92,247,64,48,2,17943,Pull,0,16,7.7
user_000010,2026-10-05,49.4,1408,92,179,36,19,3,16908,Upper,5,11,6.3
user_000010,2026-10-06,49.2,1605,97,203,45,3,1,17662,Legs,0,16,7.9
user_000010,2026-10-07,49.2,2002,101,269,58,52,4,11961,Pull,4,8,6.9
user_000010,2026-10-08,49.1,1798,99,229,54,48,2,14113,Pull,2,10,8.4
user_000010,2026-10-09,49.2,1468,88,198,36,26,5,6332,Push,3,15,7.4
user_000010,2026-10-10,49.3,1613,100,202,45,18,1,8488,Push,2,13,8.8
user_000010,2026-10-11,49.3,1571,97,199,43,7,3,16645,Push,5,15,8.6
user_000010,2026-10-12,49.4,1801,100,231,53,35,4,17542,Legs,5,20,6.7
user_000010,2026-10-13,49.1,1493,79,193,45,48,3,4901,Push,3,11,8.9
user_000010,2026-10-14,49.3,1772,89,237,52,39,3,9316,Upper,0,14,6.1
user_000010,2026-10-15,49.0,1463,99,179,39,30,2,11408,Push,5,7,7.5
user_000010,2026-10-16,49.0,1741,86,230,53,33,3,10459,Legs,4,12,6.9
user_000010,2026-10-17,49.0,2334,106,311,74,47,5,14071,Legs,4,11,6.6
user_000010,2026-10-18,48.8,1509,105,162,49,12,5,4483,Legs,3,13,5.6
user_000010,2026-10-19,48.9,1066,85,123,26,3,4,3455,Pull,1,13,6.7
user_000010,2026-10-20,48.9,1938,81,291,50,20,3,15704,Rest,,,8.7
user_000010,2026-10-21,49.1,1298,99,140,38,31,2,3373,Rest,,,6.4
user_000010,2026-10-22,49.2,1873,106,270,41,38,2,8515,Legs,2,14,7.8
user_000010,2026-10-23,49.1,1304,98,147,36,14,1,8914,Legs,5,13,7.0
user_000010,2026-10-24,48.9,1595,81,221,43,41,2,5380,Pull,0,20,8.8
user_000010,2026-10-25,49.1,1984,106,273,52,55,3,17959,Rest,,,6.1
user_000010,2026-10-26,49.2,1420,107,158,40,1,5,8971,Upper,1,16,8.5
user_000010,2026-10-27,49.0,1645,105,223,37,32,4,8539,Rest,,,7.1
user_000010,2026-10-28,49.1,1671,100,221,43,23,1,17074,Pull,4,20,8.6
user_000010,2026-10-29,48.9,1380,101,172,32,26,4,4242,Legs,3,15,8.5
user_000010,2026-10-30,49.1,1482,100,185,38,4,1,10346,Pull,3,9,5.5
user_000010,2026-10-31,49.1,1716,97,215,52,59,3,4595,Push,3,7,5.8
user_000010,2026-11-01,48.8,2063,98,267,67,47,5,8920,Rest,,,6.5
user_000010,2026-11-02,48.8,2113,95,278,69,29,4,13616,Push,0,6,8.9
user_000010,2026-11-03,48.8,1787,85,256,47,27,5,15011,Rest,,,7.3
user_000010,2026-11-04,49.0,2018,83,318,46,48,4,13963,Pull,5,13,8.8
user_000010,2026-11-05,49.1,1300,81,172,32,20,3,4008,Pull,2,14,7.0
user_000010,2026-11-06,48.8,1156,80,128,36,26,2,3243,Legs,2,6,8.6
user_000010,2026-11-07,48.6,1831,105,220,59,44,5,7893,Push,3,11,6.3
user_000010,2026-11-08,48.4,1917,87,282,49,39,3,7877,Rest,,,8.0
user_000010,2026-11-09,48.2,1546,96,205,38,38,1,11612,Upper,0,13,7.1
user_000010,2026-11-10,48.1,2488,96,364,72,42,3,15507,Rest,,,6.4
user_000010,2026-11-11,48.1,1706,104,210,50,0,2,14905,Pull,0,8,8.9
user_000010,2026-11-12,48.1,2134,85,309,62,59,4,4976,Push,3,10,7.2
user_000010,2026-11-13,47.9,1432,91,177,40,0,1,4086,Upper,3,19,5.7
user_000010,2026-11-14,47.9,1886,80,279,50,1,4,16654,Rest,,,6.7
user_000010,2026-11-15,48.0,1850,96,263,46,43,2,8723,Push,4,13,6.4
user_000010,2026-11-16,48.0,2072,86,315,52,31,1,15449,Pull,4,13,6.8
user_000010,2026-11-17,47.9,1633,83,215,49,0,2,6838,Rest,,,7.9
user_000010,2026-11-18,48.1,1914,82,266,58,45,2,12101,Legs,2,17,5.8
user_000010,2026-11-19,48.0,1828,98,233,56,6,5,15514,Upper,2,13,7.6
user_000010,2026-11-20,48.2,1889,97,247,57,53,3,6624,Pull,0,9,7.0
user_000010,2026-11-21,48.3,1650,101,226,38,13,4,3137,Legs,0,15,6.8
user_000010,2026-11-22,48.0,2021,99,296,49,37,4,8001,Pull,4,19,8.1
user_000010,2026-11-23,48.1,1641,88,230,41,11,4,7298,Upper,3,7,5.8
user_000010,2026-11-24,48.3,1951,88,267,59,51,2,8097,Legs,4,14,6.2
user_000010,2026-11-25,48.3,1787,81,260,47,10,2,15694,Push,4,19,7.2
user_000010,2026-11-26,48.4,1656,104,202,48,9,2,6048,Rest,,,7.8
user_000010,2026-11-27,48.5,2092,99,271,68,10,1,15777,Legs,0,14,6.3
user_000011,2026-07-01,51.8,2570,107,351,82,9,4,15811,Legs,5,12,5.6
user_000011,2026-07-02,51.6,2202,90,321,62,9,5,10576,Pull,1,10,8.7
user_000011,2026-07-03,51.5,2255,102,302,71,53,2,11414,Upper,3,8,6.9
user_000011,2026-07-04,51.3,2290,98,317,70,35,3,14385,Push,2,19,7.0
user_000011,2026-07-05,51.1,2333,112,343,57,30,2,9337,Pull,0,12,6.1
user_000011,2026-07-06,51.2,2606,101,384,74,32,5,12110,Upper,5,16,6.9
user_000011,2026-07-07,51.5,2057,101,303,49,29,3,6016,Pull,4,8,7.1
user_000011,2026-07-08,51.8,2346,88,341,70,33,4,8494,Pull,3,9,6.0
user_000011,2026-07-09,52.1,2173,110,278,69,45,2,13513,Upper,5,14,5.8
user_000011,2026-07-10,52.2,2011,84,313,47,51,1,3021,Upper,3,14,6.3
user_000011,2026-07-11,52.3,2554,94,369,78,45,5,6063,Push,0,11,7.1
user_000011,2026-07-12,52.2,2625,109,401,65,43,4,16459,Upper,1,12,7.1
user_000011,2026-07-13,52.1,2188,107,323,52,14,3,10951,Legs,5,18,7.6
user_000011,2026-07-14,52.1,2639,86,432,63,18,5,14387,Rest,,,8.7
user_000011,2026-07-15,51.9,2279,98,312,71,9,4,17190,Upper,1,13,8.8
user_000011,2026-07-16,52.2,2245,98,299,73,19,5,13667,Upper,4,12,6.3
user_000011,2026-07-17,52.1,2275,114,340,51,44,1,16968,Upper,3,13,7.8
user_000011,2026-07-18,51.9,1921,90,289,45,11,4,6625,Push,1,11,7.5
user_000011,2026-07-19,52.0,2769,86,469,61,54,5,16633,Legs,5,7,7.6
user_000011,2026-07-20,51.8,2403,112,347,63,54,3,11645,Push,0,17,6.3
user_000011,2026-07-21,51.6,2739,93,423,75,47,5,13849,Pull,4,12,5.7
user_000011,2026-07-22,51.9,1985,105,290,45,32,1,6634,Upper,0,18,5.6
user_000011,2026-07-23,51.7,2233,99,304,69,8,3,16567,Push,2,10,8.7
user_000011,2026-07-24,51.9,2557,106,396,61,57,3,17402,Push,2,18,6.0
user_000011,2026-07-25,52.2,2724,88,440,68,19,5,15830,Pull,4,7,7.1
user_000011,2026-07-26,52.2,2218,97,327,58,14,5,13370,Pull,4,11,7.6
user_000011,2026-07-27,52.1,2367,89,361,63,42,2,12163,Rest,,,7.1
user_000011,2026-07-28,52.3,2472,90,357,76,56,4,8469,Rest,,,7.2
user_000011,2026-07-29,52.2,1984,109,279,48,14,2,7104,Legs,2,11,8.2
user_000011,2026-07-30,52.3,1972,86,263,64,6,4,5203,Upper,0,10,7.3
user_000011,2026-07-31,52.2,2019,103,269,59,31,2,11157,Upper,1,6,6.4
user_000011,2026-08-01,52.1,2045,101,282,57,5,5,16634,Push,3,7,8.8
user_000011,2026-08-02,52.4,2173,86,329,57,34,1,10580,Push,4,10,7.9
user_000011,2026-08-03,52.3,1921,86,266,57,42,1,11669,Legs,5,16,7.8
user_000011,2026-08-04,52.4,2476,91,375,68,57,3,11715,Rest,,,6.7
user_000011,2026-08-05,52.5,2461,92,368,69,27,3,7487,Legs,3,16,6.0
user_000011,2026-08-06,52.3,2410,105,358,62,32,2,9228,Push,4,17,7.7
user_000011,2026-08-07,52.3,2284,106,330,60,49,1,17135,Legs,0,7,5.6
user_000011,2026-08-08,52.3,1289,96,161,29,59,2,17745,Rest,,,8.2
user_000011,2026-08-09,52.3,1097,83,126,29,2,1,8068,Pull,2,9,6.1
user_000011,2026-08-10,52.1,1099,84,130,27,28,1,12095,Legs,5,10,7.4
user_000011,2026-08-11,51.8,1100,102,119,24,16,5,13548,Legs,4,19,7.8
user_000011,2026-08-12,51.9,1093,82,126,29,21,1,15094,Rest,,,8.0
user_000011,2026-08-13,51.9,1165,88,138,29,59,2,7350,Rest,,,7.5
user_000011,2026-08-14,51.9,1210,97,129,34,36,4,3657,Rest,,,6.9
user_000011,2026-08-15,51.7,1092,85,134,24,44,1,3458,Legs,1,14,6.9
user_000011,2026-08-16,51.8,1408,88,192,32,41,2,6399,Rest,,,8.1
user_000011,2026-08-17,51.9,1250,109,136,30,20,1,14324,Push,3,12,8.8
user_000011,2026-08-18,51.6,1295,90,164,31,26,2,13334,Pull,1,10,7.8
user_000011,2026-08-19,51.2,1169,104,123,29,48,1,17657,Rest,,,8.5
user_000011,2026-08-20,51.0,1218,108,129,30,44,2,10326,Rest,,,6.8
user_000011,2026-08-21,51.1,1474,102,181,38,25,5,4909,Upper,0,17,8.5
user_000011,2026-08-22,51.2,1086,93,111,30,4,5,3721,Upper,1,12,8.0
user_000011,2026-08-23,51.1,1410,107,169,34,24,5,11481,Pull,5,15,7.7
user_000011,2026-08-24,51.1,1087,93,100,35,17,5,3406,Push,1,9,8.2
user_000011,2026-08-25,51.0,1912,93,250,60,37,5,17671,Push,2,13,8.0
user_000011,2026-08-26,50.9,1084,96,103,32,8,4,6563,Rest,,,8.3
user_000011,2026-08-27,50.8,1262,87,152,34,29,2,10932,Pull,0,14,8.6
user_000011,2026-08-28,50.9,1086,102,93,34,36,1,12607,Legs,1,19,8.3
user_000011,2026-08-29,50.6,1135,111,94,35,46,2,8071,Push,0,19,6.0
user_000011,2026-08-30,50.6,1082,82,112,34,54,1,6039,Upper,1,8,7.4
user_000011,2026-08-31,50.7,1222,102,118,38,55,2,6534,Rest,,,8.7
user_000011,2026-09-01,50.3,1084,99,109,28,56,2,10485,Rest,,,8.5
user_000011,2026-09-02,50.2,1080,103,113,24,5,5,3808,Rest,,,7.1
user_000011,2026-09-03,50.3,1913,95,255,57,57,5,10460,Legs,4,20,5.7
user_000011,2026-09-04,49.9,1212,84,138,36,9,2,12653,Push,4,12,7.7
user_000011,2026-09-05,49.9,1714,107,236,38,55,5,11364,Push,0,9,6.7
user_000011,2026-09-06,49.7,1332,106,146,36,26,3,15282,Upper,5,8,6.5
user_000011,2026-09-07,49.5,1177,102,118,33,4,4,8955,Legs,5,13,7.9
user_000011,2026-09-08,49.6,1244,96,143,32,38,3,5734,Pull,2,11,7.1
user_000011,2026-09-09,49.3,1074,101,109,26,20,1,14469,Rest,,,7.3
user_000011,2026-09-10,49.1,1171,102,130,27,5,3,8293,Pull,4,18,8.3
user_000011,2026-09-11,48.9,1132,85,135,28,10,5,16172,Rest,,,6.8
user_000011,2026-09-12,49.0,1069,85,117,29,2,3,11461,Push,2,16,5.9
user_000011,2026-09-13,49.0,1140,81,123,36,30,1,3156,Rest,,,7.8
user_000011,2026-09-14,48.9,1071,86,112,31,6,1,11035,Push,1,19,6.9
user_000011,2026-09-15,48.6,1722,90,228,50,48,5,10074,Upper,0,8,5.6
user_000011,2026-09-16,48.8,1225,92,149,29,10,3,13968,Pull,0,20,6.2
user_000011,2026-09-17,48.8,1068,81,123,28,29,2,12664,Upper,0,8,6.6
user_000011,2026-09-18,48.8,1351,84,184,31,57,4,5468,Rest,,,6.8
user_000011,2026-09-19,48.8,1584,93,222,36,37,4,16139,Legs,0,8,9.0
user_000011,2026-09-20,48.6,1297,101,158,29,54,1,14732,Pull,5,20,8.6
user_000011,2026-09-21,48.5,1386,81,171,42,55,2,15337,Pull,3,15,5.9
user_000011,2026-09-22,48.3,1263,95,142,35,9,5,6993,Rest,,,8.1
user_000011,2026-09-23,48.4,1065,92,109,29,21,3,5056,Push,1,18,8.9
user_000011,2026-09-24,48.1,1893,79,284,49,55,5,14603,Push,3,20,8.2
user_000011,2026-09-25,47.8,1466,84,179,46,18,4,10176,Upper,1,20,5.7
user_000011,2026-09-26,47.5,1059,80,133,23,33,1,11317,Legs,1,14,8.5
user_000011,2026-09-27,47.6,1405,88,162,45,24,5,7285,Rest,,,8.7
user_000011,2026-09-28,47.4,1057,90,118,25,11,2,3485,Rest,,,7.1
user_000011,2026-09-29,47.0,1082,97,115,26,15,3,9643,Rest,,,7.1
user_000011,2026-09-30,47.0,1054,85,120,26,18,2,12728,Legs,0,19,9.0
user_000011,2026-10-01,47.2,1723,97,237,43,49,4,10865,Push,5,14,5.7
user_000011,2026-10-02,47.0,1175,77,138,35,43,1,17267,Rest,,,6.6
user_000011,2026-10-03,47.1,1053,98,109,25,14,2,6621,Upper,3,15,6.4
user_000011,2026-10-04,46.8,1108,101,113,28,14,3,16004,Push,4,18,7.6
user_000011,2026-10-05,46.7,1300,81,172,32,33,2,14105,Pull,3,9,5.7
user_000011,2026-10-06,46.5,1050,86,100,34,2,2,6725,Rest,,,8.1
user_000011,2026-10-07,46.6,1102,91,117,30,35,1,10198,Legs,4,8,7.3
user_000011,2026-10-08,46.5,1371,92,172,35,27,2,16410,Rest,,,7.2
user_000011,2026-10-09,46.7,1048,81,109,32,31,1,10348,Pull,3,10,6.5
user_000011,2026-10-10,46.4,1106,98,102,34,42,1,14279,Push,5,20,6.3
user_000011,2026-10-11,46.4,1266,92,157,30,4,1,12241,Rest,,,6.5
user_000011,2026-10-12,46.1,1170,100,134,26,12,5,10693,Legs,0,11,6.4
user_000011,2026-10-13,46.0,1091,90,122,27,32,2,6707,Upper,3,17,7.4
user_000011,2026-10-14,46.1,1236,78,159,32,29,3,6525,Pull,5,13,6.6
user_000011,2026-10-15,46.2,2057,80,288,65,58,4,13972,Push,4,17,6.2
user_000011,2026-10-16,46.3,2026,75,292,62,33,5,17762,Rest,,,5.7
user_000011,2026-10-17,46.1,1689,80,241,45,30,2,14402,Upper,4,10,7.4
user_000011,2026-10-18,45.8,1718,90,218,54,56,2,16980,Legs,1,8,8.3
user_000011,2026-10-19,46.0,1397,84,191,33,45,1,9860,Push,5,18,7.5
user_000011,2026-10-20,46.0,1333,96,145,41,9,5,3473,Push,3,10,8.6
user_000011,2026-10-21,46.2,1486,76,219,34,26,5,7355,Upper,0,7,8.3
user_000011,2026-10-22,46.1,2109,82,308,61,34,5,13177,Push,5,13,6.0
user_000011,2026-10-23,45.8,1460,93,173,44,14,3,4497,Upper,4,15,8.5
user_000011,2026-10-24,45.6,1729,98,224,49,30,4,15557,Pull,0,7,6.5
user_000011,2026-10-25,45.6,1680,80,232,48,7,5,15534,Pull,3,16,7.8
user_000011,2026-10-26,45.7,1627,81,229,43,36,1,17771,Upper,2,13,6.5
user_000011,2026-10-27,45.5,1435,88,174,43,24,5,3465,Pull,2,14,8.7
user_000011,2026-10-28,45.5,1403,96,158,43,4,5,13709,Rest,,,6.9
user_000011,2026-10-29,45.6,1496,93,191,40,54,2,10909,Pull,0,7,6.2
user_000011,2026-10-30,45.8,1468,85,201,36,31,5,5269,Rest,,,8.3
user_000011,2026-10-31,45.8,1276,81,148,40,14,4,10928,Legs,3,14,6.1
user_000011,2026-11-01,45.6,1483,80,185,47,13,5,13717,Push,3,18,5.6
user_000011,2026-11-02,45.9,1788,96,234,52,48,3,14838,Upper,0,19,8.2
user_000011,2026-11-03,45.6,1248,85,155,32,3,4,4923,Rest,,,8.8
user_000011,2026-11-04,45.5,1424,86,198,32,6,1,6987,Upper,1,13,5.8
user_000011,2026-11-05,45.4,1740,88,257,40,56,4,10493,Upper,1,13,8.8
user_000011,2026-11-06,45.3,1731,86,241,47,9,5,11208,Upper,3,11,6.9
user_000011,2026-11-07,45.1,1381,77,185,37,3,5,3589,Pull,2,15,7.6
user_000011,2026-11-08,45.0,1440,84,177,44,11,2,10409,Upper,0,6,7.9
user_000011,2026-11-09,44.8,1225,73,159,33,14,2,7982,Legs,1,12,5.8
user_000011,2026-11-10,44.5,1461,83,208,33,52,1,5822,Pull,5,16,7.0
user_000011,2026-11-11,44.7,1553,74,231,37,17,3,15200,Rest,,,7.5
user_000011,2026-11-12,45.0,1212,80,160,28,20,5,4808,Rest,,,9.0
user_000011,2026-11-13,45.3,1491,94,173,47,1,4,10424,Rest,,,8.3
user_000011,2026-11-14,45.3,1493,83,198,41,25,5,6179,Legs,3,6,6.8
user_000011,2026-11-15,45.3,1730,73,247,50,59,2,6002,Rest,,,6.2
user_000011,2026-11-16,45.2,2230,88,321,66,59,4,5087,Push,3,17,7.4
user_000011,2026-11-17,45.5,1644,80,223,48,18,2,11592,Push,5,19,8.8
user_000011,2026-11-18,45.4,1740,93,234,48,48,4,5445,Rest,,,7.7
user_000011,2026-11-19,45.6,2224,86,326,64,58,5,3814,Pull,4,14,8.0
user_000011,2026-11-20,45.7,1569,75,216,45,6,3,5565,Rest,,,7.5
user_000011,2026-11-21,45.8,2205,73,341,61,24,4,16248,Rest,,,6.8
user_000011,2026-11-22,45.8,1989,76,320,45,20,5,14285,Legs,3,15,7.1
user_000011,2026-11-23,45.9,1551,79,221,39,0,2,7014,Legs,4,19,5.8
user_000011,2026-11-24,46.1,1683,94,221,47,4,3,9569,Rest,,,5.8
user_000011,2026-11-25,46.2,1715,80,243,47,8,5,7170,Rest,,,7.2
user_000011,2026-11-26,46.4,1487,92,192,39,40,2,12513,Pull,1,15,8.7
user_000011,2026-11-27,46.3,2398,92,350,70,34,4,12262,Upper,1,12,7.8
user_000012,2026-07-01,51.5,2336,101,330,68,59,3,17852,Pull,2,10,8.2
user_000012,2026-07-02,51.5,2074,94,285,62,36,2,11904,Legs,4,19,7.6
user_000012,2026-07-03,51.5,2245,108,289,73,39,5,13665,Legs,3,8,9.0
user_000012,2026-07-04,51.4,1905,95,280,45,47,1,10171,Pull,0,11,6.0
user_000012,2026-07-05,51.5,1446,86,190,38,7,5,7075,Pull,1,17,7.9
user_000012,2026-07-06,51.7,2084,112,301,48,43,3,13125,Upper,4,10,6.1
user_000012,2026-07-07,51.9,1755,89,262,39,9,3,7793,Legs,5,16,5.9
user_000012,2026-07-08,51.7,1898,96,275,46,7,4,12430,Legs,5,13,9.0
user_000012,2026-07-09,51.6,2542,111,367,70,53,4,16098,Legs,5,18,7.7
user_000012,2026-07-10,51.3,1463,95,165,47,34,2,5487,Upper,2,20,7.8
user_000012,2026-07-11,51.3,1804,82,234,60,53,3,12527,Upper,4,10,6.1
user_000012,2026-07-12,51.5,1899,86,274,51,15,5,6830,Upper,2,14,8.4
user_000012,2026-07-13,51.6,1523,96,179,47,2,5,7114,Pull,0,7,8.5
user_000012,2026-07-14,51.7,1601,83,225,41,21,2,4650,Push,5,18,8.2
user_000012,2026-07-15,51.8,1685,99,230,41,10,3,14569,Rest,,,5.7
user_000012,2026-07-16,51.6,1464,86,181,44,7,4,3207,Pull,4,17,6.6
user_000012,2026-07-17,51.7,1949,83,303,45,32,4,6585,Push,0,19,8.9
user_000012,2026-07-18,52.0,2002,113,275,50,8,3,13756,Pull,3,12,6.6
user_000012,2026-07-19,51.8,1695,101,199,55,8,5,7519,Upper,1,7,5.6
user_000012,2026-07-20,51.5,1871,99,263,47,16,3,12981,Upper,5,14,5.9
user_000012,2026-07-21,51.6,1951,85,288,51,58,2,11711,Upper,3,9,7.5
user_000012,2026-07-22,51.3,1780,107,239,44,25,1,7933,Upper,5,15,7.1
user_000012,2026-07-23,51.1,1621,101,194,49,45,1,9519,Upper,0,9,6.9
user_000012,2026-07-24,51.4,1919,103,280,43,25,3,13080,Upper,3,13,6.5
user_000012,2026-07-25,51.5,1956,97,275,52,52,3,9011,Upper,3,19,5.5
user_000012,2026-07-26,51.4,2063,88,286,63,59,2,17678,Pull,0,20,6.2
user_000012,2026-07-27,51.6,2295,106,344,55,47,4,8549,Legs,5,7,7.0
user_000012,2026-07-28,51.6,2040,99,294,52,27,5,12733,Push,4,15,8.3
user_000012,2026-07-29,51.9,2120,100,313,52,58,5,3362,Push,0,16,8.4
user_000012,2026-07-30,51.9,1849,84,241,61,3,2,13797,Pull,5,7,8.7
user_000012,2026-07-31,51.8,1738,106,234,42,6,5,5753,Rest,,,5.9
user_000012,2026-08-01,52.0,1823,103,247,47,33,3,9171,Pull,3,7,6.6
user_000012,2026-08-02,52.1,2071,86,326,47,44,3,9804,Pull,0,7,8.8
user_000012,2026-08-03,51.9,1681,109,210,45,27,3,3886,Pull,3,14,7.9
user_000012,2026-08-04,51.7,2006,107,246,66,33,5,7421,Push,4,20,7.7
user_000012,2026-08-05,51.5,1858,85,285,42,58,2,11031,Push,3,8,5.8
user_000012,2026-08-06,51.7,1981,91,267,61,58,2,15391,Pull,3,13,8.6
user_000012,2026-08-07,51.8,2019,111,270,55,20,5,13091,Push,1,18,7.3
user_000012,2026-08-08,52.1,1809,89,262,45,7,3,6452,Rest,,,6.5
user_000012,2026-08-09,51.9,1732,87,229,52,22,3,4415,Pull,0,14,7.7
user_000012,2026-08-10,51.7,1963,113,236,63,32,3,15034,Pull,0,14,5.8
user_000012,2026-08-11,52.0,1675,96,217,47,26,4,6294,Pull,3,17,5.9
user_000012,2026-08-12,52.1,1908,105,255,52,30,2,15207,Upper,5,13,8.3
user_000012,2026-08-13,51.9,1808,88,238,56,39,3,11860,Push,1,18,8.4
user_000012,2026-08-14,51.8,1443,86,187,39,15,4,4865,Pull,3,20,7.0
user_000012,2026-08-15,52.0,1498,87,184,46,28,3,3421,Pull,4,17,8.1
user_000012,2026-08-16,51.7,1841,96,263,45,20,1,11018,Legs,3,7,8.1
user_000012,2026-08-17,51.8,1847,110,228,55,14,2,11721,Legs,5,20,7.7
user_000012,2026-08-18,51.6,2137,112,303,53,48,3,13392,Rest,,,7.2
user_000012,2026-08-19,51.8,1531,113,191,35,20,4,4552,Upper,0,13,7.5
user_000012,2026-08-20,51.8,1871,96,248,55,56,1,16202,Legs,1,16,9.0
user_000012,2026-08-21,51.8,1968,111,246,60,44,1,15409,Pull,0,9,5.7
user_000012,2026-08-22,51.8,1900,104,236,60,24,1,14642,Push,0,20,8.4
user_000012,2026-08-23,51.5,2584,94,381,76,57,5,17305,Legs,3,11,7.7
user_000012,2026-08-24,51.5,2089,107,287,57,40,3,8547,Push,3,16,8.7
user_000012,2026-08-25,51.7,2067,107,304,47,36,5,4479,Rest,,,6.0
user_000012,2026-08-26,51.8,1898,104,267,46,55,2,17490,Rest,,,8.9
user_000012,2026-08-27,51.6,1786,84,241,54,5,2,16116,Push,5,15,6.7
user_000012,2026-08-28,51.4,1690,98,212,50,43,3,6690,Upper,5,9,7.0
user_000012,2026-08-29,51.4,1676,82,238,44,60,2,4216,Rest,,,6.0
user_000012,2026-08-30,51.2,1378,105,172,30,13,3,3300,Pull,3,20,6.5
user_000012,2026-08-31,51.4,1689,102,219,45,11,1,3032,Pull,2,16,8.8
user_000012,2026-09-01,51.7,1760,90,224,56,34,2,4746,Pull,2,15,8.9
user_000012,2026-09-02,51.9,1727,89,228,51,21,5,4049,Legs,1,17,6.1
user_000012,2026-09-03,52.1,1679,96,218,47,6,5,10862,Upper,1,12,7.5
user_000012,2026-09-04,51.9,2229,109,320,57,5,4,14765,Legs,5,18,8.0
user_000012,2026-09-05,52.0,1736,113,231,40,41,1,8834,Upper,1,8,8.5
user_000012,2026-09-06,51.9,2001,92,307,45,55,1,15328,Upper,3,16,5.5
user_000012,2026-09-07,52.1,1695,87,240,43,10,5,13923,Upper,2,19,6.6
user_000012,2026-09-08,52.0,1991,102,263,59,42,4,8764,Rest,,,5.7
user_000012,2026-09-09,51.9,1682,84,215,54,19,1,13943,Legs,0,8,6.6
user_000012,2026-09-10,51.7,1725,89,223,53,12,5,5518,Upper,1,16,6.9
user_000012,2026-09-11,51.6,1252,83,167,28,4,4,7420,Pull,4,19,8.1
user_000012,2026-09-12,51.3,1662,95,208,50,12,2,15632,Rest,,,7.8
user_000012,2026-09-13,51.2,1976,102,266,56,49,3,15317,Rest,,,8.5
user_000012,2026-09-14,51.2,1601,101,207,41,27,5,3042,Legs,3,12,6.3
user_000012,2026-09-15,51.0,1564,111,181,44,4,3,9175,Rest,,,8.9
user_000012,2026-09-16,51.2,2336,86,363,60,56,5,4475,Legs,3,16,6.3
user_000012,2026-09-17,51.3,2416,99,370,60,57,5,17499,Upper,1,8,7.1
user_000012,2026-09-18,51.1,1841,84,275,45,40,5,3920,Pull,4,20,6.9
user_000012,2026-09-19,51.1,1770,95,217,58,54,1,15407,Upper,2,14,8.6
user_000012,2026-09-20,50.8,1410,110,166,34,32,4,5263,Push,5,8,5.9
user_000012,2026-09-21,51.0,1520,97,193,40,34,2,8154,Push,2,15,6.4
user_000012,2026-09-22,51.1,1466,93,197,34,42,1,4438,Legs,1,8,6.6
user_000012,2026-09-23,51.3,2208,111,324,52,38,4,17848,Rest,,,6.2
user_000012,2026-09-24,51.1,1393,82,183,37,9,2,6307,Push,5,20,6.7
user_000012,2026-09-25,51.1,1723,106,228,43,60,3,9890,Upper,3,19,7.0
user_000012,2026-09-26,50.9,1590,90,195,50,27,1,15977,Legs,4,11,7.4
user_000012,2026-09-27,51.1,1277,108,128,37,9,1,13498,Push,4,20,7.6
user_000012,2026-09-28,51.4,1849,96,274,41,45,5,6943,Pull,3,17,7.9
user_000012,2026-09-29,51.2,1547,97,184,47,12,1,9688,Legs,3,19,8.8
user_000012,2026-09-30,51.4,1617,111,183,49,34,1,10751,Rest,,,7.3
user_000012,2026-10-01,51.4,1364,92,150,44,5,2,9575,Push,0,6,8.0
user_000012,2026-10-02,51.4,2004,92,265,64,52,5,11635,Upper,5,6,8.4
user_000012,2026-10-03,51.5,1607,105,191,47,2,1,13659,Rest,,,8.9
user_000012,2026-10-04,51.2,1853,89,246,57,41,5,15405,Pull,2,16,7.6
user_000012,2026-10-05,50.8,1345,107,137,41,56,1,7327,Rest,,,9.0
user_000012,2026-10-06,50.5,1421,92,180,37,51,1,8477,Push,3,18,5.6
user_000012,2026-10-07,50.4,1539,98,199,39,21,2,16188,Legs,2,8,5.8
user_000012,2026-10-08,50.5,1284,99,150,32,60,2,5937,Pull,3,14,8.3
user_000012,2026-10-09,50.3,1459,91,168,47,10,3,5803,Push,2,18,8.5
user_000012,2026-10-10,50.5,1542,96,204,38,6,3,10437,Legs,1,6,6.8
user_000012,2026-10-11,50.6,1845,91,251,53,34,2,17112,Pull,3,19,7.8
user_000012,2026-10-12,50.7,1591,93,208,43,30,5,11201,Upper,1,14,6.7
user_000012,2026-10-13,50.6,1616,105,191,48,41,1,16163,Rest,,,7.8
user_000012,2026-10-14,50.3,1302,94,155,34,5,4,9378,Rest,,,6.4
user_000012,2026-10-15,50.1,1470,105,177,38,36,3,3034,Legs,1,15,7.2
user_000012,2026-10-16,49.9,1721,96,242,41,45,5,7049,Legs,0,19,6.2
user_000012,2026-10-17,49.8,1577,90,203,45,36,3,8825,Rest,,,5.7
user_000012,2026-10-18,49.7,1588,79,201,52,6,1,5787,Push,4,19,7.3
user_000012,2026-10-19,49.7,1616,79,235,40,28,5,11414,Pull,1,18,5.6
user_000012,2026-10-20,49.7,1915,97,285,43,47,2,15339,Rest,,,5.8
user_000012,2026-10-21,49.8,1560,98,202,40,48,2,5492,Pull,2,14,6.6
user_000012,2026-10-22,49.8,1964,107,267,52,41,4,11692,Pull,2,9,8.3
user_000012,2026-10-23,49.7,1482,100,185,38,55,2,5350,Rest,,,7.6
user_000012,2026-10-24,49.8,1780,79,267,44,18,5,17798,Legs,4,6,6.6
user_000012,2026-10-25,49.7,1540,106,171,48,46,4,7096,Rest,,,7.5
user_000012,2026-10-26,50.0,1864,96,262,48,40,1,16380,Rest,,,6.4
user_000012,2026-10-27,50.2,1962,87,273,58,28,5,9868,Rest,,,8.1
user_000012,2026-10-28,50.3,1316,87,152,40,1,1,11493,Upper,4,20,6.1
user_000012,2026-10-29,50.0,1841,107,234,53,47,1,17585,Push,4,19,6.2
user_000012,2026-10-30,49.8,1462,97,165,46,0,2,9295,Legs,4,8,7.9
user_000012,2026-10-31,50.0,1985,104,255,61,43,5,10224,Upper,1,9,8.8
user_000012,2026-11-01,50.2,1977,109,266,53,51,3,11918,Legs,3,8,8.3
user_000012,2026-11-02,49.9,1426,97,165,42,46,1,6191,Push,3,7,5.6
user_000012,2026-11-03,49.8,1284,86,163,32,4,2,6859,Pull,0,14,6.9
user_000012,2026-11-04,49.5,1478,96,179,42,0,3,11549,Pull,3,13,5.9
user_000012,2026-11-05,49.4,1332,88,173,32,0,3,4695,Rest,,,6.5
user_000012,2026-11-06,49.3,1955,84,308,43,57,4,16774,Rest,,,7.0
user_000012,2026-11-07,49.0,1594,98,188,50,56,3,6281,Push,4,9,6.4
user_000012,2026-11-08,49.1,2207,83,345,55,37,5,11118,Legs,1,9,7.6
user_000012,2026-11-09,48.8,1285,94,153,33,0,2,6814,Upper,2,18,6.0
user_000012,2026-11-10,49.0,1590,92,211,42,18,3,16961,Pull,2,6,8.3
user_000012,2026-11-11,49.2,1594,102,193,46,29,4,8494,Rest,,,5.7
user_000012,2026-11-12,49.4,1070,102,89,34,5,3,6287,Push,1,15,7.1
user_000012,2026-11-13,49.4,1267,101,128,39,12,2,3003,Legs,3,19,8.7
user_000012,2026-11-14,49.2,1549,80,206,45,49,1,8717,Pull,4,6,6.4
user_000012,2026-11-15,49.1,1603,103,192,47,30,1,10805,Rest,,,6.2
user_000012,2026-11-16,48.9,1224,78,165,28,21,1,10859,Upper,0,17,7.2
user_000012,2026-11-17,48.8,2006,102,278,54,32,4,16810,Legs,4,15,8.6
user_000012,2026-11-18,48.8,1627,88,222,43,42,3,6105,Rest,,,6.2
user_000012,2026-11-19,48.8,1239,105,126,35,18,2,15639,Rest,,,5.5
user_000012,2026-11-20,49.0,1543,83,206,43,18,5,9030,Rest,,,6.0
user_000012,2026-11-21,49.0,1698,91,239,42,35,4,14840,Legs,0,17,8.2
user_000012,2026-11-22,48.8,1864,79,288,44,6,4,13237,Rest,,,8.6
user_000012,2026-11-23,48.9,1154,97,115,34,0,2,6065,Pull,5,17,7.6
user_000012,2026-11-24,49.1,1548,88,218,36,13,1,14623,Upper,0,10,7.4
user_000012,2026-11-25,48.9,1659,85,242,39,44,5,15898,Legs,3,17,6.5
user_000012,2026-11-26,48.7,1550,102,182,46,37,2,7724,Pull,4,18,7.2
user_000012,2026-11-27,48.5,2014,106,249,66,45,5,11325,Rest,,,7.4
user_000013,2026-07-01,51.4,1294,85,153,38,49,1,7689,Rest,,,5.8
user_000013,2026-07-02,51.2,1336,83,152,44,1,3,12042,Rest,,,8.4
user_000013,2026-07-03,51.4,1554,102,174,50,55,4,7531,Legs,3,10,5.8
user_000013,2026-07-04,51.5,2019,85,305,51,59,5,13023,Legs,4,19,6.5
user_000013,2026-07-05,51.2,1090,92,113,30,7,1,4348,Pull,0,20,6.4
user_000013,2026-07-06,51.0,1356,98,142,44,40,5,10138,Push,4,17,7.4
user_000013,2026-07-07,51.1,1602,103,194,46,49,2,9795,Legs,0,20,8.5
user_000013,2026-07-08,50.9,1087,91,120,27,49,1,8672,Legs,4,13,7.0
user_000013,2026-07-09,50.6,1256,108,116,40,13,2,15287,Push,0,16,8.9
user_000013,2026-07-10,50.4,1333,110,149,33,17,1,13258,Push,2,20,6.0
user_000013,2026-07-11,50.2,1081,106,108,25,5,2,13863,Rest,,,8.7
user_000013,2026-07-12,50.3,1906,110,254,50,52,5,16977,Legs,5,20,6.1
user_000013,2026-07-13,50.3,1284,98,133,40,14,4,11494,Push,0,19,7.9
user_000013,2026-07-14,50.4,1082,81,113,34,6,5,14072,Upper,5,16,5.6
user_000013,2026-07-15,50.0,1328,83,168,36,54,3,5948,Rest,,,6.6
user_000013,2026-07-16,50.1,1671,94,209,51,25,4,17717,Legs,4,8,7.2
user_000013,2026-07-17,50.2,1079,82,109,35,31,3,7392,Legs,1,17,7.1
user_000013,2026-07-18,50.3,1521,82,206,41,39,3,7213,Rest,,,5.5
user_000013,2026-07-19,50.0,1251,98,145,31,43,4,3031,Push,1,17,7.9
user_000013,2026-07-20,50.1,1570,109,171,50,38,5,13945,Rest,,,8.3
user_000013,2026-07-21,50.3,1556,96,203,40,2,4,15716,Upper,3,15,6.6
user_000013,2026-07-22,50.0,1413,93,168,41,21,5,4953,Upper,2,12,6.6
user_000013,2026-07-23,50.2,1417,90,172,41,8,2,15714,Rest,,,8.1
user_000013,2026-07-24,49.8,1257,99,141,33,52,2,16608,Legs,5,19,6.8
user_000013,2026-07-25,50.0,1078,107,86,34,8,5,9689,Push,5,11,8.9
user_000013,2026-07-26,50.2,1403,102,179,31,33,4,7345,Push,5,15,7.6
user_000013,2026-07-27,50.2,1498,86,203,38,11,2,16702,Upper,4,7,7.5
user_000013,2026-07-28,50.2,1079,86,114,31,5,4,3864,Legs,0,15,6.0
user_000013,2026-07-29,50.2,1798,84,253,50,59,5,5807,Upper,3,19,8.3
user_000013,2026-07-30,50.1,1328,94,148,40,51,1,16946,Pull,0,19,8.1
user_000013,2026-07-31,50.4,1407,106,158,39,22,3,8196,Pull,5,18,7.1
user_000013,2026-08-01,50.4,1265,110,141,29,22,5,7220,Upper,3,13,7.5
user_000013,2026-08-02,50.6,1083,92,100,35,24,2,5518,Upper,4,11,9.0
user_000013,2026-08-03,50.7,1633,94,231,37,53,4,14338,Legs,2,18,8.7
user_000013,2026-08-04,50.7,1498,86,185,46,43,3,13612,Rest,,,7.6
user_000013,2026-08-05,50.5,1351,100,150,39,25,4,5351,Push,2,19,7.4
user_000013,2026-08-06,50.5,1083,109,83,35,9,5,3389,Legs,4,7,6.6
user_000013,2026-08-07,50.6,1384,81,175,40,17,1,12804,Legs,1,7,8.6
user_000013,2026-08-08,50.8,1473,82,185,45,37,2,7697,Push,3,8,8.4
user_000013,2026-08-09,50.6,1311,102,129,43,60,3,6538,Push,2,12,8.4
user_000013,2026-08-10,50.7,1634,85,202,54,22,5,12800,Push,3,19,7.6
user_000013,2026-08-11,50.7,1344,97,158,36,30,2,8769,Push,3,8,6.3
user_000013,2026-08-12,50.5,1212,104,127,32,17,2,9727,Push,4,16,8.3
user_000013,2026-08-13,50.1,1591,89,212,43,59,2,12653,Legs,0,14,7.4
user_000013,2026-08-14,50.4,1623,86,214,47,30,2,16225,Push,0,17,6.5
user_000013,2026-08-15,50.4,1341,84,159,41,31,5,3038,Upper,1,9,8.1
user_000013,2026-08-16,50.4,1253,80,141,41,48,1,13347,Upper,1,12,7.5
user_000013,2026-08-17,50.5,1384,91,165,40,48,1,12018,Upper,4,8,8.6
user_000013,2026-08-18,50.4,1175,101,105,39,40,1,11906,Rest,,,8.7
user_000013,2026-08-19,50.5,1439,98,174,39,59,1,8155,Legs,0,16,8.7
user_000013,2026-08-20,50.7,1083,103,107,27,32,2,6729,Push,3,8,9.0
user_000013,2026-08-21,50.6,1169,108,110,33,24,4,7445,Rest,,,5.7
user_000013,2026-08-22,50.4,1588,95,203,44,21,4,14702,Rest,,,6.0
user_000013,2026-08-23,50.5,1601,92,216,41,37,1,14610,Upper,4,8,8.8
user_000013,2026-08-24,50.7,1592,110,171,52,14,3,13644,Rest,,,6.2
user_000013,2026-08-25,50.9,1490,101,186,38,25,2,15356,Upper,1,6,7.4
user_000013,2026-08-26,50.6,1606,94,204,46,36,4,13679,Upper,0,19,8.8
user_000013,2026-08-27,50.3,1274,95,138,38,19,3,11577,Legs,2,14,8.9
user_000013,2026-08-28,50.5,1389,99,174,33,15,2,15550,Pull,4,14,6.2
user_000013,2026-08-29,50.6,1458,101,178,38,3,1,16034,Legs,0,7,8.9
user_000013,2026-08-30,50.5,1290,108,138,34,2,4,4681,Rest,,,7.4
user_000013,2026-08-31,50.2,1341,98,145,41,31,4,13512,Legs,3,9,8.8
user_000013,2026-09-01,49.9,1321,99,148,37,23,1,5605,Push,3,10,7.8
user_000013,2026-09-02,49.7,1509,102,183,41,45,1,16404,Pull,1,12,7.3
user_000013,2026-09-03,49.8,1572,107,178,48,6,5,14521,Rest,,,8.1
user_000013,2026-09-04,49.6,1492,82,192,44,56,1,10650,Pull,1,8,7.5
user_000013,2026-09-05,49.3,1339,97,168,31,3,5,9370,Upper,1,18,6.4
user_000013,2026-09-06,49.2,1386,108,144,42,34,3,8589,Pull,3,19,6.9
user_000013,2026-09-07,49.2,1386,97,164,38,2,4,6112,Rest,,,8.2
user_000013,2026-09-08,49.3,1270,79,153,38,31,1,14905,Rest,,,8.3
user_000013,2026-09-09,49.5,1078,100,93,34,19,1,6915,Push,2,11,8.7
user_000013,2026-09-10,49.2,1303,103,144,35,45,2,8108,Upper,4,18,8.0
user_000013,2026-09-11,49.1,1556,94,205,40,58,3,12461,Rest,,,8.4
user_000013,2026-09-12,48.9,1367,104,159,35,7,5,17999,Rest,,,7.6
user_000013,2026-09-13,49.2,1352,97,151,40,15,4,5989,Legs,0,8,8.4
user_000013,2026-09-14,49.4,1335,98,166,31,20,2,10228,Upper,3,16,7.8
user_000013,2026-09-15,49.1,1155,89,130,31,1,4,8169,Pull,0,9,6.1
user_000013,2026-09-16,49.1,1480,89,191,40,25,4,10513,Legs,4,17,6.4
user_000013,2026-09-17,49.3,1745,103,223,49,8,3,16500,Pull,0,16,8.3
user_000013,2026-09-18,49.4,1626,106,179,54,34,2,13685,Legs,4,13,6.5
user_000013,2026-09-19,49.5,1407,97,167,39,34,3,17000,Pull,4,9,7.6
user_000013,2026-09-20,49.6,1143,82,125,35,9,5,3291,Legs,4,18,6.7
user_000013,2026-09-21,49.8,1357,88,168,37,0,3,17913,Push,3,7,7.0
user_000013,2026-09-22,49.9,1546,86,206,42,48,1,11733,Rest,,,6.6
user_000013,2026-09-23,49.7,1558,107,188,42,42,4,10734,Upper,4,13,6.1
user_000013,2026-09-24,49.6,1299,98,148,35,10,1,11914,Push,4,10,5.8
user_000013,2026-09-25,49.4,1434,81,174,46,33,2,10472,Upper,2,15,8.2
user_000013,2026-09-26,49.1,1585,88,207,45,40,3,9827,Rest,,,6.2
user_000013,2026-09-27,49.3,1254,106,122,38,13,1,4625,Push,5,8,7.4
user_000013,2026-09-28,49.1,1152,84,123,36,14,1,3964,Pull,3,7,8.7
user_000013,2026-09-29,49.3,1272,86,151,36,7,5,8578,Pull,2,9,7.4
user_000013,2026-09-30,49.3,1596,79,212,48,13,2,3958,Upper,2,16,6.7
user_000013,2026-10-01,49.5,1976,97,289,48,24,2,14207,Pull,0,9,6.5
user_000013,2026-10-02,49.4,2325,95,367,53,46,4,16557,Rest,,,6.9
user_000013,2026-10-03,49.7,1837,104,263,41,19,2,11546,Pull,2,16,6.9
user_000013,2026-10-04,49.5,1721,104,198,57,24,1,8622,Legs,5,11,6.2
user_000013,2026-10-05,49.8,2023,84,298,55,41,2,11394,Push,0,19,7.0
user_000013,2026-10-06,50.1,2005,106,249,65,24,4,11340,Pull,2,9,7.2
user_000013,2026-10-07,50.0,2013,85,290,57,10,3,14078,Legs,2,6,5.6
user_000013,2026-10-08,49.9,2348,92,351,64,54,4,17024,Pull,1,7,8.3
user_000013,2026-10-09,49.7,1885,82,261,57,2,5,15903,Pull,5,9,7.2
user_000013,2026-10-10,49.7,1724,83,240,48,7,4,6107,Legs,2,10,5.7
user_000013,2026-10-11,49.5,1517,94,211,33,24,1,17832,Upper,0,20,5.8
user_000013,2026-10-12,49.5,2078,91,280,66,48,5,6548,Push,2,15,5.7
user_000013,2026-10-13,49.8,1976,96,299,44,25,2,13535,Upper,2,18,6.9
user_000013,2026-10-14,49.8,1489,106,174,41,26,3,3953,Legs,4,13,6.5
user_000013,2026-10-15,49.6,1520,95,186,44,17,1,5233,Pull,0,20,5.8
user_000013,2026-10-16,49.7,1840,87,238,60,12,5,11376,Legs,4,12,8.0
user_000013,2026-10-17,49.7,2218,88,336,58,45,5,12675,Legs,1,18,6.6
user_000013,2026-10-18,49.7,1699,90,211,55,44,2,11606,Rest,,,6.7
user_000013,2026-10-19,49.7,1937,106,241,61,24,2,17904,Push,0,12,7.0
user_000013,2026-10-20,49.8,1822,92,233,58,50,1,5101,Pull,2,19,7.0
user_000013,2026-10-21,49.9,2158,103,288,66,17,5,11941,Pull,3,11,7.1
user_000013,2026-10-22,50.0,1972,85,264,64,37,3,4866,Pull,5,7,8.8
user_000013,2026-10-23,50.2,1946,82,283,54,37,2,14337,Push,5,10,8.3
user_000013,2026-10-24,50.1,1725,107,205,53,4,4,13399,Push,3,11,7.7
user_000013,2026-10-25,50.0,1439,99,173,39,44,1,5042,Rest,,,8.4
user_000013,2026-10-26,50.1,2030,81,305,54,18,2,16307,Rest,,,8.8
user_000013,2026-10-27,50.4,2219,92,339,55,44,4,17287,Push,3,19,7.4
user_000013,2026-10-28,50.3,2440,105,325,80,58,5,17757,Rest,,,6.3
user_000013,2026-10-29,50.3,1690,104,233,38,22,3,13724,Legs,0,18,8.7
user_000013,2026-10-30,50.5,2046,103,269,62,6,5,17882,Push,0,6,8.3
user_000013,2026-10-31,50.3,1497,96,177,45,60,1,3953,Upper,1,9,6.8
user_000013,2026-11-01,50.1,1527,81,204,43,9,5,4600,Upper,5,14,6.1
user_000013,2026-11-02,50.1,1626,99,195,50,35,5,7281,Legs,0,18,8.7
user_000013,2026-11-03,50.1,1078,89,122,26,25,1,7505,Legs,1,20,6.0
user_000013,2026-11-04,50.3,1558,83,203,46,55,1,12977,Push,2,20,8.5
user_000013,2026-11-05,50.4,1694,101,201,54,39,4,15877,Legs,0,20,6.1
user_000013,2026-11-06,50.3,1629,86,220,45,33,3,15848,Rest,,,7.0
user_000013,2026-11-07,50.4,1079,108,83,35,8,4,5164,Push,1,6,7.0
user_000013,2026-11-08,50.6,1868,101,267,44,45,4,17693,Upper,0,17,7.5
user_000013,2026-11-09,50.3,1268,101,144,32,34,1,14108,Pull,4,14,8.9
user_000013,2026-11-10,50.4,1780,107,212,56,60,3,14440,Upper,2,12,8.3
user_000013,2026-11-11,50.5,1494,90,207,34,37,2,13211,Upper,5,7,6.2
user_000013,2026-11-12,50.7,1517,102,194,37,37,4,11050,Rest,,,8.7
user_000013,2026-11-13,50.6,1781,90,263,41,60,3,15451,Pull,2,7,8.6
user_000013,2026-11-14,50.6,1633,100,207,45,32,5,14220,Pull,4,7,8.1
user_000013,2026-11-15,50.8,1851,95,271,43,50,4,13759,Legs,0,11,6.1
user_000013,2026-11-16,50.7,1405,94,156,45,55,3,10792,Pull,4,6,8.6
user_000013,2026-11-17,50.6,1266,107,133,34,39,2,6887,Upper,5,18,5.6
user_000013,2026-11-18,50.7,1424,87,197,32,1,2,17153,Upper,1,16,6.0
user_000013,2026-11-19,50.5,1524,100,191,40,47,2,16259,Push,1,9,8.6
user_000013,2026-11-20,50.3,1183,90,136,31,54,1,6731,Push,3,8,7.9
user_000013,2026-11-21,50.1,1465,106,159,45,25,3,4531,Pull,1,9,7.5
user_000013,2026-11-22,49.9,1274,86,138,42,46,1,9686,Upper,4,14,8.0
user_000013,2026-11-23,49.9,1277,86,150,37,31,3,4119,Pull,0,6,5.6
user_000013,2026-11-24,49.7,1410,81,177,42,29,4,8566,Upper,4,20,6.6
user_000013,2026-11-25,49.5,1690,93,208,54,35,5,13632,Push,1,10,7.7
user_000013,2026-11-26,49.4,1314,92,169,30,15,1,16760,Legs,3,10,7.0
user_000013,2026-11-27,49.1,1074,88,113,30,26,2,10248,Push,1,11,7.1
user_000014,2026-07-01,51.3,1174,91,144,26,12,3,10060,Legs,5,12,6.0
user_000014,2026-07-02,51.5,1541,111,191,37,28,3,10307,Push,2,6,8.7
user_000014,2026-07-03,51.2,1667,104,216,43,45,5,8580,Upper,3,6,7.3
user_000014,2026-07-04,51.2,1395,92,187,31,36,1,16588,Upper,0,15,5.9
user_000014,2026-07-05,51.4,1514,101,165,50,22,4,15186,Upper,3,12,5.7
user_000014,2026-07-06,51.5,1308,106,131,40,38,1,6755,Legs,1,16,5.5
user_000014,2026-07-07,51.6,1807,108,238,47,57,4,5656,Legs,5,8,8.1
user_000014,2026-07-08,51.5,1510,100,174,46,31,4,3500,Upper,0,13,6.0
user_000014,2026-07-09,51.4,1358,105,158,34,7,4,10659,Pull,2,13,6.9
user_000014,2026-07-10,51.6,1522,111,166,46,35,3,10562,Pull,3,8,8.7
user_000014,2026-07-11,51.7,1089,94,104,33,0,1,4789,Pull,2,20,6.4
user_000014,2026-07-12,51.8,1641,103,188,53,26,3,15031,Legs,5,18,8.6
user_000014,2026-07-13,51.7,1660,100,207,48,16,3,17812,Rest,,,8.7
user_000014,2026-07-14,51.9,1240,95,134,36,23,5,12788,Upper,0,14,6.5
user_000014,2026-07-15,52.0,1369,89,152,45,57,3,9217,Push,5,14,7.2
user_000014,2026-07-16,52.1,1116,98,109,32,23,1,5568,Upper,0,10,6.2
user_000014,2026-07-17,51.9,1097,88,121,29,35,1,4776,Pull,0,19,8.8
user_000014,2026-07-18,51.8,1526,89,216,34,30,1,11654,Rest,,,7.8
user_000014,2026-07-19,51.5,1199,108,122,31,24,1,10900,Rest,,,8.3
user_000014,2026-07-20,51.3,1189,93,130,33,10,1,9998,Upper,3,16,7.7
user_000014,2026-07-21,51.5,1437,86,199,33,48,1,12880,Pull,0,6,8.8
user_000014,2026-07-22,51.2,1592,106,193,44,37,4,14198,Rest,,,7.2
user_000014,2026-07-23,51.4,1366,93,172,34,1,5,10528,Legs,4,15,8.1
user_000014,2026-07-24,51.5,1297,103,156,29,24,1,16627,Upper,2,19,7.4
user_000014,2026-07-25,51.3,1504,112,183,36,3,3,14570,Upper,3,14,7.2
user_000014,2026-07-26,50.9,1341,108,144,37,36,4,3397,Push,5,17,8.5
user_000014,2026-07-27,50.8,1691,107,201,51,51,3,16292,Pull,0,20,7.0
user_000014,2026-07-28,50.6,1422,103,158,42,6,2,4927,Rest,,,8.5
user_000014,2026-07-29,50.4,1614,89,229,38,44,4,9669,Upper,0,14,8.2
user_000014,2026-07-30,50.6,1571,110,186,43,20,4,16413,Upper,4,16,6.1
user_000014,2026-07-31,50.8,1603,84,220,43,43,2,13215,Pull,0,14,7.3
user_000014,2026-08-01,50.6,1556,91,199,44,36,2,11967,Push,1,7,6.7
user_000014,2026-08-02,50.7,1606,84,223,42,32,1,13411,Pull,1,8,7.4
user_000014,2026-08-03,50.8,1347,83,184,31,36,3,10254,Pull,3,9,7.0
user_000014,2026-08-04,51.0,1506,103,188,38,15,4,13638,Upper,2,11,7.0
user_000014,2026-08-05,51.1,1513,90,205,37,22,5,10584,Push,4,8,6.0
user_000014,2026-08-06,51.0,1131,101,112,31,38,1,15046,Legs,1,6,5.6
user_000014,2026-08-07,51.3,1192,112,123,28,0,1,7964,Upper,1,12,5.5
user_000014,2026-08-08,51.2,1292,82,160,36,3,3,10524,Pull,5,17,6.5
user_000014,2026-08-09,51.2,1120,88,111,36,12,4,14385,Upper,4,13,6.1
user_000014,2026-08-10,51.1,1110,109,101,30,14,2,12816,Push,2,15,6.9
user_000014,2026-08-11,50.9,1097,98,102,33,0,5,10967,Push,0,17,8.5
user_000014,2026-08-12,50.7,1422,82,188,38,37,3,11181,Pull,0,10,5.7
user_000014,2026-08-13,50.3,1082,101,102,30,27,5,3006,Rest,,,7.7
user_000014,2026-08-14,50.1,1583,100,190,47,49,3,17986,Push,2,16,8.4
user_000014,2026-08-15,50.0,1346,98,144,42,30,2,14515,Legs,2,13,6.5
user_000014,2026-08-16,49.8,1552,85,195,48,10,1,17754,Rest,,,6.7
user_000014,2026-08-17,49.7,1497,107,184,37,42,5,9815,Rest,,,6.7
user_000014,2026-08-18,49.9,1109,84,137,25,5,3,8055,Push,2,15,6.5
user_000014,2026-08-19,50.1,1163,81,131,35,36,2,6665,Pull,1,18,8.5
user_000014,2026-08-20,50.2,1498,92,197,38,45,2,14857,Push,1,7,7.9
user_000014,2026-08-21,50.3,1081,81,133,25,2,4,5433,Rest,,,8.5
user_000014,2026-08-22,50.3,1277,101,135,37,15,4,17403,Rest,,,7.1
user_000014,2026-08-23,50.2,1228,105,130,32,33,5,10800,Push,0,7,6.2
user_000014,2026-08-24,50.4,1596,89,229,36,32,5,10167,Upper,5,18,6.9
user_000014,2026-08-25,50.5,1466,109,154,46,37,2,13028,Pull,0,7,7.0
user_000014,2026-08-26,50.5,1441,109,159,41,16,3,13593,Pull,3,7,8.4
user_000014,2026-08-27,50.5,1080,110,97,28,51,1,12710,Rest,,,6.7
user_000014,2026-08-28,50.3,1510,92,191,42,51,3,11520,Rest,,,6.8
user_000014,2026-08-29,50.2,1394,106,148,42,42,2,16672,Push,4,15,8.9
user_000014,2026-08-30,49.9,1386,93,159,42,31,1,11845,Rest,,,5.6
user_000014,2026-08-31,50.0,1077,105,99,29,32,3,3091,Rest,,,8.4
user_000014,2026-09-01,49.8,1272,88,158,32,42,1,8901,Rest,,,7.1
user_000014,2026-09-02,49.8,1157,83,141,29,52,3,10024,Legs,1,11,8.8
user_000014,2026-09-03,49.8,1078,84,109,34,9,2,4876,Upper,5,18,6.6
user_000014,2026-09-04,49.9,1248,81,150,36,60,2,11075,Legs,2,6,7.8
user_000014,2026-09-05,49.9,1102,107,110,26,16,5,6430,Legs,0,18,8.2
user_000014,2026-09-06,49.8,1151,80,129,35,41,3,3782,Legs,3,7,6.1
user_000014,2026-09-07,49.5,1077,104,100,29,2,2,3463,Rest,,,5.9
user_000014,2026-09-08,49.1,1073,104,99,29,59,2,4307,Pull,4,7,6.2
user_000014,2026-09-09,49.1,1881,104,265,45,51,5,10181,Push,4,16,8.7
user_000014,2026-09-10,49.2,1347,102,156,35,7,2,16370,Upper,2,20,5.7
user_000014,2026-09-11,48.8,1070,90,119,26,1,3,17460,Pull,3,12,5.6
user_000014,2026-09-12,48.9,1544,106,181,44,39,5,7682,Push,2,8,6.4
user_000014,2026-09-13,49.0,1382,83,168,42,43,3,15845,Legs,4,13,8.6
user_000014,2026-09-14,48.9,1070,78,122,30,1,5,9912,Rest,,,5.9
user_000014,2026-09-15,48.9,1421,89,165,45,43,3,12368,Pull,1,14,6.0
user_000014,2026-09-16,48.9,1124,85,133,28,16,3,8387,Push,2,10,6.0
user_000014,2026-09-17,48.6,1159,80,149,27,9,3,12158,Legs,0,7,6.8
user_000014,2026-09-18,48.5,1714,81,262,38,33,4,17589,Legs,4,9,6.5
user_000014,2026-09-19,48.6,1064,91,121,24,31,4,4704,Pull,1,16,6.7
user_000014,2026-09-20,48.6,1279,95,155,31,16,5,5011,Rest,,,7.4
user_000014,2026-09-21,48.5,1368,85,158,44,54,3,9721,Rest,,,6.1
user_000014,2026-09-22,48.2,1157,96,110,37,41,1,16717,Upper,5,12,6.7
user_000014,2026-09-23,48.3,1184,90,143,28,20,2,13862,Pull,3,15,8.7
user_000014,2026-09-24,48.5,1101,93,108,33,23,3,7127,Legs,1,8,8.1
user_000014,2026-09-25,48.4,1065,78,132,25,42,2,4108,Upper,2,17,5.8
user_000014,2026-09-26,48.5,1132,95,116,32,12,4,7197,Rest,,,8.3
user_000014,2026-09-27,48.6,1240,105,115,40,12,1,8449,Rest,,,8.7
user_000014,2026-09-28,48.6,1147,80,146,27,20,1,6972,Rest,,,8.8
user_000014,2026-09-29,48.4,1459,97,171,43,0,1,13544,Legs,3,10,6.3
user_000014,2026-09-30,48.4,1382,102,149,42,48,3,12717,Pull,1,20,7.6
user_000014,2026-10-01,48.6,1339,102,136,43,19,5,7927,Push,4,20,6.3
user_000014,2026-10-02,48.5,1064,87,107,32,0,4,17011,Pull,4,11,8.9
user_000014,2026-10-03,48.2,1064,81,113,32,16,2,15601,Push,5,15,7.7
user_000014,2026-10-04,48.0,1529,79,211,41,18,5,13195,Push,2,14,6.9
user_000014,2026-10-05,47.7,1061,85,106,33,11,5,3350,Legs,5,20,6.7
user_000014,2026-10-06,47.7,1284,98,160,28,22,3,13238,Push,5,10,8.0
user_000014,2026-10-07,47.7,1152,76,149,28,39,4,3838,Push,2,11,8.4
user_000014,2026-10-08,47.6,1317,97,167,29,19,1,7940,Push,2,20,6.2
user_000014,2026-10-09,47.8,1406,100,148,46,31,3,13991,Legs,3,13,8.4
user_000014,2026-10-10,47.6,1395,89,190,31,60,2,7848,Legs,0,10,7.8
user_000014,2026-10-11,47.4,1199,103,136,27,1,2,6752,Rest,,,7.3
user_000014,2026-10-12,47.3,1082,103,109,26,22,3,7264,Pull,1,9,7.5
user_000014,2026-10-13,47.2,1144,89,116,36,15,3,5878,Push,2,16,7.3
user_000014,2026-10-14,47.3,1284,81,150,40,23,5,8127,Upper,1,10,8.6
user_000014,2026-10-15,47.1,1064,97,106,28,23,3,6227,Push,5,16,8.4
user_000014,2026-10-16,46.8,1389,94,170,37,22,3,6983,Rest,,,7.6
user_000014,2026-10-17,46.5,1050,88,116,26,5,4,8433,Upper,0,15,8.7
user_000014,2026-10-18,46.3,1049,77,129,25,1,1,3126,Push,3,7,6.3
user_000014,2026-10-19,46.2,1096,94,108,32,24,4,3388,Pull,1,19,8.3
user_000014,2026-10-20,46.1,1204,91,138,32,32,3,7035,Rest,,,6.2
user_000014,2026-10-21,46.1,1523,85,199,43,28,4,14716,Upper,2,11,8.3
user_000014,2026-10-22,46.2,1211,83,132,39,0,2,17713,Push,1,10,6.4
user_000014,2026-10-23,46.3,1287,92,142,39,22,1,16473,Push,1,19,8.6
user_000014,2026-10-24,46.1,1071,81,126,27,19,5,6495,Pull,3,13,8.4
user_000014,2026-10-25,46.0,1388,86,171,40,21,4,14250,Push,3,10,5.6
user_000014,2026-10-26,46.2,1350,90,153,42,54,2,11260,Rest,,,7.9
user_000014,2026-10-27,46.1,1044,99,90,32,23,1,6376,Upper,2,7,5.6
user_000014,2026-10-28,46.0,1154,92,138,26,11,4,6203,Rest,,,8.0
user_000014,2026-10-29,46.2,1501,83,191,45,58,4,12443,Rest,,,5.8
user_000014,2026-10-30,45.9,1047,99,111,23,40,1,3375,Pull,2,18,7.6
user_000014,2026-10-31,45.6,1404,87,174,40,40,5,6088,Pull,5,6,7.3
user_000014,2026-11-01,45.5,1374,88,161,42,24,3,11606,Upper,4,8,7.9
user_000014,2026-11-02,45.5,1040,95,102,28,54,1,10225,Upper,0,11,7.5
user_000014,2026-11-03,45.7,1068,86,118,28,14,3,6329,Push,2,19,7.8
user_000014,2026-11-04,45.6,1310,83,150,42,25,5,10867,Push,0,20,6.4
user_000014,2026-11-05,45.3,1440,89,190,36,44,5,9172,Push,5,11,6.8
user_000014,2026-11-06,45.1,1253,81,158,33,45,1,8493,Legs,5,7,7.4
user_000014,2026-11-07,44.8,1232,98,129,36,29,2,12061,Push,4,12,8.7
user_000014,2026-11-08,44.9,1491,81,186,47,50,5,5297,Legs,5,19,6.8
user_000014,2026-11-09,44.9,1364,94,175,32,5,5,11665,Pull,3,19,8.5
user_000014,2026-11-10,44.8,1538,91,199,42,19,5,14465,Upper,0,9,5.8
user_000014,2026-11-11,44.5,1472,82,187,44,47,5,8312,Legs,5,18,8.1
user_000014,2026-11-12,44.6,1743,91,248,43,52,4,7742,Push,2,9,7.6
user_000014,2026-11-13,44.3,1247,93,131,39,44,1,9261,Push,0,18,8.8
user_000014,2026-11-14,44.1,2035,76,309,55,37,5,16858,Rest,,,5.7
user_000014,2026-11-15,44.3,1737,88,254,41,28,5,15826,Pull,3,15,5.6
user_000014,2026-11-16,44.0,1613,91,193,53,60,5,6504,Push,0,12,7.2
user_000014,2026-11-17,43.8,1638,87,228,42,32,4,15876,Pull,0,10,6.7
user_000014,2026-11-18,43.6,1494,72,198,46,42,4,7260,Upper,3,13,9.0
user_000014,2026-11-19,43.6,1126,92,113,34,34,4,4249,Pull,2,14,5.9
user_000014,2026-11-20,43.6,1474,77,188,46,24,5,10810,Upper,0,8,6.2
user_000014,2026-11-21,43.8,1205,84,143,33,32,2,5404,Rest,,,6.5
user_000014,2026-11-22,43.6,1445,84,194,37,32,5,9201,Legs,3,6,5.7
user_000014,2026-11-23,43.6,1916,93,260,56,52,5,9721,Upper,4,6,6.7
user_000014,2026-11-24,43.6,1481,76,193,45,50,4,13453,Pull,2,9,7.4
user_000014,2026-11-25,43.6,1444,82,180,44,52,4,5571,Legs,3,19,6.6
user_000014,2026-11-26,43.6,1237,84,151,33,37,3,14497,Push,2,12,7.4
user_000014,2026-11-27,43.8,1176,84,129,36,22,2,17413,Pull,4,18,7.1
user_000015,2026-07-01,51.8,1750,89,227,54,14,4,13721,Push,5,11,8.4
user_000015,2026-07-02,51.7,1849,87,283,41,41,1,16826,Rest,,,8.7
user_000015,2026-07-03,51.6,1612,101,221,36,6,3,8085,Upper,0,20,6.0
user_000015,2026-07-04,51.9,2224,102,301,68,4,1,13705,Push,5,19,8.7
user_000015,2026-07-05,52.0,1547,100,199,39,11,3,5667,Pull,1,11,8.0
user_000015,2026-07-06,52.1,1638,84,222,46,5,5,16215,Upper,0,20,7.1
user_000015,2026-07-07,52.2,1835,94,241,55,40,3,10239,Legs,2,20,8.8
user_000015,2026-07-08,52.4,2140,99,328,48,12,5,16667,Rest,,,6.7
user_000015,2026-07-09,52.3,2339,89,345,67,57,3,17248,Rest,,,6.8
user_000015,2026-07-10,52.3,2015,102,260,63,8,1,17828,Rest,,,5.6
user_000015,2026-07-11,52.4,2174,111,293,62,60,4,3904,Push,5,16,6.6
user_000015,2026-07-12,52.5,2098,84,337,46,36,5,9960,Pull,3,20,6.6
user_000015,2026-07-13,52.7,1712,101,201,56,54,1,12129,Rest,,,5.5
user_000015,2026-07-14,52.7,1787,109,232,47,19,1,15135,Pull,5,10,7.4
user_000015,2026-07-15,52.5,2073,90,309,53,53,4,8430,Rest,,,7.7
user_000015,2026-07-16,52.7,1775,97,241,47,52,1,3866,Pull,1,15,5.5
user_000015,2026-07-17,52.8,1816,106,222,56,46,3,9868,Upper,0,6,7.7
user_000015,2026-07-18,52.7,2256,93,336,60,51,5,5754,Push,1,6,8.6
user_000015,2026-07-19,52.8,2018,96,260,66,12,4,17455,Pull,5,16,7.9
user_000015,2026-07-20,52.8,1337,115,127,41,12,1,6443,Pull,0,16,8.5
user_000015,2026-07-21,52.8,2145,85,296,69,40,5,8319,Pull,0,7,8.6
user_000015,2026-07-22,52.6,2066,99,269,66,59,2,14062,Pull,2,14,6.7
user_000015,2026-07-23,52.8,1914,95,253,58,60,1,12460,Pull,5,9,8.7
user_000015,2026-07-24,53.1,1963,91,276,55,23,1,14934,Rest,,,5.8
user_000015,2026-07-25,53.0,1863,103,248,51,20,2,8979,Upper,1,6,8.3
user_000015,2026-07-26,53.0,1786,114,220,50,10,1,11407,Rest,,,8.4
user_000015,2026-07-27,52.8,1654,113,206,42,20,1,10456,Legs,5,14,5.6
user_000015,2026-07-28,52.6,1779,92,229,55,46,1,3490,Rest,,,8.2
user_000015,2026-07-29,52.7,1857,99,237,57,41,5,8695,Push,3,16,8.0
user_000015,2026-07-30,52.4,1911,87,294,43,58,2,14142,Rest,,,6.2
user_000015,2026-07-31,52.6,1715,104,228,43,58,1,11639,Pull,2,6,6.5
user_000015,2026-08-01,52.6,1790,107,228,50,24,3,5633,Legs,4,11,6.8
user_000015,2026-08-02,52.6,2347,95,323,75,50,3,16999,Pull,3,12,8.7
user_000015,2026-08-03,52.4,1879,92,281,43,49,3,3893,Push,2,11,7.6
user_000015,2026-08-04,52.2,2290,85,330,70,38,5,14810,Legs,4,7,7.9
user_000015,2026-08-05,52.1,1608,96,207,44,7,5,13156,Pull,2,14,6.3
user_000015,2026-08-06,52.4,1906,91,291,42,60,2,10528,Pull,0,6,8.1
user_000015,2026-08-07,52.6,1928,112,226,64,23,2,13406,Push,5,15,5.6
user_000015,2026-08-08,52.4,2020,88,291,56,14,3,9176,Legs,5,8,7.9
user_000015,2026-08-09,52.2,1909,87,253,61,3,2,9018,Pull,4,16,5.7
user_000015,2026-08-10,52.4,1464,102,192,32,5,5,7214,Upper,0,8,8.5
user_000015,2026-08-11,52.1,1802,111,218,54,16,4,17304,Push,5,18,8.3
user_000015,2026-08-12,52.4,2287,112,318,63,35,3,16626,Rest,,,8.8
user_000015,2026-08-13,52.6,1799,95,231,55,10,2,6582,Upper,5,13,9.0
user_000015,2026-08-14,52.3,2266,93,361,50,48,4,3870,Legs,5,12,7.4
user_000015,2026-08-15,52.3,1620,90,198,52,18,2,6960,Legs,4,17,8.5
user_000015,2026-08-16,52.0,2414,111,317,78,52,5,13069,Rest,,,6.5
user_000015,2026-08-17,52.3,1962,100,287,46,31,4,8419,Push,2,12,8.4
user_000015,2026-08-18,52.4,1792,111,211,56,60,2,6262,Legs,4,9,5.9
user_000015,2026-08-19,52.7,2299,101,314,71,28,5,16775,Pull,0,17,7.5
user_000015,2026-08-20,52.5,2573,101,351,85,59,5,13043,Rest,,,7.6
user_000015,2026-08-21,52.3,1823,90,260,47,21,2,8109,Pull,4,6,7.3
user_000015,2026-08-22,52.6,2037,112,251,65,2,1,12808,Legs,4,7,8.8
user_000015,2026-08-23,52.4,1791,84,267,43,13,1,8040,Push,2,10,6.1
user_000015,2026-08-24,52.1,1971,98,253,63,20,4,13018,Push,5,8,7.8
user_000015,2026-08-25,52.0,1936,112,246,56,2,1,13615,Upper,5,10,8.4
user_000015,2026-08-26,51.8,2532,94,386,68,57,5,14145,Upper,5,10,7.4
user_000015,2026-08-27,51.8,1586,106,196,42,45,1,5022,Upper,2,8,8.9
user_000015,2026-08-28,51.8,2106,107,280,62,25,5,7296,Push,3,11,8.6
user_000015,2026-08-29,51.5,1717,96,205,57,19,4,4817,Upper,4,13,6.1
user_000015,2026-08-30,51.2,1551,87,213,39,37,2,5451,Rest,,,6.8
user_000015,2026-08-31,51.2,1731,85,233,51,16,3,8201,Pull,4,8,7.5
user_000015,2026-09-01,51.1,1970,91,271,58,60,2,7836,Push,3,20,5.9
user_000015,2026-09-02,51.0,2253,101,334,57,50,3,6736,Upper,2,20,6.3
user_000015,2026-09-03,51.3,2117,99,302,57,57,2,4389,Push,1,9,8.0
user_000015,2026-09-04,51.5,2259,96,318,67,21,5,8306,Upper,1,6,6.3
user_000015,2026-09-05,51.6,1900,82,285,48,29,2,5015,Pull,2,11,6.8
user_000015,2026-09-06,51.8,1900,90,259,56,2,4,14958,Rest,,,7.3
user_000015,2026-09-07,51.8,2008,102,292,48,17,3,8155,Pull,5,16,5.9
user_000015,2026-09-08,51.9,2133,106,290,61,18,3,16123,Push,1,7,6.2
user_000015,2026-09-09,51.7,1748,109,202,56,20,1,3071,Rest,,,7.5
user_000015,2026-09-10,52.1,1943,90,263,59,7,5,10885,Rest,,,5.5
user_000015,2026-09-11,52.3,1835,87,239,59,1,1,11642,Pull,3,19,8.2
user_000015,2026-09-12,52.3,2135,86,306,63,28,3,17655,Rest,,,8.7
user_000015,2026-09-13,52.4,1891,109,249,51,26,1,7020,Upper,0,14,8.6
user_000015,2026-09-14,52.7,2129,111,293,57,21,5,16966,Upper,4,14,7.7
user_000015,2026-09-15,52.5,1541,92,210,37,10,4,4145,Pull,5,16,6.6
user_000015,2026-09-16,52.4,1970,107,273,50,59,3,3206,Pull,4,16,7.9
user_000015,2026-09-17,52.3,1956,85,296,48,23,1,6255,Rest,,,6.7
user_000015,2026-09-18,52.4,1844,91,271,44,12,5,16779,Push,3,7,7.5
user_000015,2026-09-19,52.4,2416,104,329,76,50,3,13035,Legs,0,16,8.9
user_000015,2026-09-20,52.3,2284,87,367,52,56,3,4059,Rest,,,6.1
user_000015,2026-09-21,52.1,1831,88,246,55,21,5,4181,Rest,,,8.0
user_000015,2026-09-22,52.2,1768,107,209,56,2,2,13518,Upper,2,6,7.9
user_000015,2026-09-23,52.4,1643,113,201,43,50,1,7990,Legs,2,14,6.2
user_000015,2026-09-24,52.2,2051,109,253,67,39,2,11912,Upper,0,6,6.2
user_000015,2026-09-25,52.0,2207,87,341,55,39,3,17274,Push,5,14,6.0
user_000015,2026-09-26,52.3,2230,91,309,70,38,5,17400,Legs,0,8,5.7
user_000015,2026-09-27,52.6,1524,104,187,40,13,2,5507,Pull,2,6,6.2
user_000015,2026-09-28,52.8,1681,104,197,53,26,1,7972,Pull,3,12,8.1
user_000015,2026-09-29,53.1,2055,107,301,47,45,2,9018,Legs,5,10,7.0
user_000015,2026-09-30,53.3,1971,111,258,55,27,1,11436,Push,4,6,6.7
user_000015,2026-10-01,53.3,2036,105,269,60,56,2,3421,Pull,1,17,8.2
user_000015,2026-10-02,53.3,1608,103,200,44,30,2,3896,Pull,0,11,7.9
user_000015,2026-10-03,53.5,1658,88,232,42,55,3,8783,Rest,,,7.3
user_000015,2026-10-04,53.4,1148,106,109,32,8,1,8233,Rest,,,8.4
user_000015,2026-10-05,53.4,1379,115,133,43,11,2,9727,Push,1,17,5.9
user_000015,2026-10-06,53.3,1331,97,148,39,2,4,14828,Push,2,17,8.8
user_000015,2026-10-07,53.5,1503,112,176,39,0,5,8650,Rest,,,7.5
user_000015,2026-10-08,53.8,1655,101,207,47,50,1,9305,Legs,0,10,6.7
user_000015,2026-10-09,53.7,1824,112,209,60,41,5,5030,Push,0,18,5.5
user_000015,2026-10-10,53.9,1555,103,171,51,49,3,8699,Pull,1,18,7.3
user_000015,2026-10-11,54.1,1589,114,200,37,27,4,7077,Legs,1,15,5.6
user_000015,2026-10-12,54.2,1511,86,186,47,4,5,8738,Push,2,10,6.9
user_000015,2026-10-13,53.9,1623,91,209,47,44,5,12891,Rest,,,8.8
user_000015,2026-10-14,54.1,1376,102,170,32,56,1,10301,Upper,5,16,8.7
user_000015,2026-10-15,53.7,1324,115,144,32,49,1,14956,Rest,,,8.4
user_000015,2026-10-16,53.5,1655,105,212,43,59,3,11033,Push,1,16,6.4
user_000015,2026-10-17,53.6,1232,96,140,32,17,2,10362,Pull,0,6,6.6
user_000015,2026-10-18,53.4,1295,113,123,39,33,1,7777,Rest,,,8.9
user_000015,2026-10-19,53.1,1295,96,158,31,23,1,16496,Upper,1,20,6.0
user_000015,2026-10-20,53.3,1670,86,237,42,22,5,3102,Rest,,,6.0
user_000015,2026-10-21,53.1,1105,89,113,33,37,2,4060,Upper,4,7,6.0
user_000015,2026-10-22,52.9,1654,96,214,46,33,3,12227,Upper,1,17,5.8
user_000015,2026-10-23,52.8,1275,92,157,31,53,1,12379,Rest,,,5.7
user_000015,2026-10-24,53.0,1219,93,133,35,11,5,9809,Upper,5,7,5.9
user_000015,2026-10-25,52.7,1325,95,162,33,12,2,12608,Upper,4,14,5.8
user_000015,2026-10-26,52.9,1914,99,240,62,58,4,14268,Push,2,20,8.0
user_000015,2026-10-27,53.1,1596,91,227,36,29,5,11398,Pull,1,16,5.6
user_000015,2026-10-28,53.2,2369,97,367,57,42,5,13189,Legs,2,6,6.7
user_000015,2026-10-29,52.8,1463,89,180,43,19,5,7822,Legs,3,6,6.1
user_000015,2026-10-30,52.8,1184,114,101,36,29,2,8388,Legs,0,8,6.5
user_000015,2026-10-31,52.6,1320,102,147,36,58,1,10943,Pull,2,17,8.1
user_000015,2026-11-01,52.4,1642,93,196,54,14,5,10821,Pull,1,18,7.6
user_000015,2026-11-02,52.3,1671,106,215,43,35,3,15493,Legs,4,9,7.9
user_000015,2026-11-03,52.5,1456,89,176,44,50,2,5028,Pull,0,6,7.8
user_000015,2026-11-04,52.4,1208,109,121,32,20,2,11812,Pull,1,13,6.1
user_000015,2026-11-05,52.3,1581,101,202,41,55,1,16747,Rest,,,8.8
user_000015,2026-11-06,52.3,1461,112,152,45,20,1,9851,Rest,,,5.5
user_000015,2026-11-07,52.0,1365,101,139,45,32,1,14224,Pull,3,15,5.7
user_000015,2026-11-08,51.7,1653,99,213,45,42,5,9011,Legs,4,11,8.2
user_000015,2026-11-09,51.8,1560,95,214,36,48,3,13506,Pull,3,17,6.6
user_000015,2026-11-10,51.6,1944,111,240,60,34,5,14710,Pull,0,11,6.6
user_000015,2026-11-11,51.4,1486,101,194,34,5,5,17388,Upper,1,16,8.0
user_000015,2026-11-12,51.1,1855,98,242,55,18,5,15991,Push,3,8,6.8
user_000015,2026-11-13,51.1,1240,100,120,40,21,2,12880,Pull,2,13,6.3
user_000015,2026-11-14,51.0,1508,92,195,40,30,5,13962,Pull,3,18,6.5
user_000015,2026-11-15,50.8,1377,93,177,33,60,2,6167,Upper,4,9,7.5
user_000015,2026-11-16,50.5,1911,106,257,51,55,3,12629,Legs,1,19,7.1
user_000015,2026-11-17,50.2,1489,107,182,37,20,2,16043,Pull,4,14,8.7
user_000015,2026-11-18,50.3,1263,87,159,31,10,1,7506,Rest,,,6.8
user_000015,2026-11-19,50.0,1286,91,163,30,0,4,12139,Legs,5,6,7.6
user_000015,2026-11-20,50.1,1078,105,106,26,55,1,6128,Pull,5,11,7.4
user_000015,2026-11-21,50.2,1652,105,209,44,47,3,12872,Legs,3,12,8.9
user_000015,2026-11-22,50.2,1707,106,224,43,39,5,15071,Push,1,8,5.6
user_000015,2026-11-23,50.3,1612,87,226,40,33,2,15390,Rest,,,8.0
user_000015,2026-11-24,50.0,1418,96,173,38,51,1,5366,Push,3,20,6.9
user_000015,2026-11-25,50.0,1078,108,103,26,58,1,4670,Upper,3,9,5.6
user_000015,2026-11-26,49.9,1621,106,189,49,48,1,7934,Push,2,10,8.2
user_000015,2026-11-27,49.8,1685,102,236,37,54,5,3176,Push,3,8,5.8
user_000016,2026-07-01,51.6,2146,112,276,66,12,5,5587,Rest,,,8.1
user_000016,2026-07-02,51.5,1919,106,277,43,50,2,11124,Pull,2,11,7.9
user_000016,2026-07-03,51.5,1973,83,273,61,15,2,4402,Push,1,13,7.8
user_000016,2026-07-04,51.4,2011,97,282,55,29,4,5281,Push,3,19,7.7
user_000016,2026-07-05,51.7,2130,104,280,66,29,3,5023,Upper,5,7,7.2
user_000016,2026-07-06,51.5,2143,88,288,71,21,2,7661,Rest,,,6.7
user_000016,2026-07-07,51.4,2152,103,318,52,1,2,12526,Rest,,,8.1
user_000016,2026-07-08,51.5,1945,83,293,49,14,5,4404,Pull,3,7,8.4
user_000016,2026-07-09,51.4,1902,112,242,54,6,3,17126,Pull,1,20,5.5
user_000016,2026-07-10,51.5,1831,106,255,43,7,2,13453,Upper,0,12,6.9
user_000016,2026-07-11,51.8,1934,89,264,58,8,1,16775,Rest,,,7.5
user_000016,2026-07-12,52.0,2868,100,455,72,48,5,10507,Upper,2,7,6.8
user_000016,2026-07-13,52.3,2398,84,358,70,47,5,6755,Rest,,,7.3
user_000016,2026-07-14,52.1,2023,84,316,47,42,2,14351,Legs,2,9,5.9
user_000016,2026-07-15,52.2,1949,95,282,49,37,1,10177,Pull,3,8,6.8
user_000016,2026-07-16,52.0,2271,93,306,75,32,5,15681,Pull,0,9,6.1
user_000016,2026-07-17,51.9,1849,90,280,41,25,2,6606,Pull,3,8,7.9
user_000016,2026-07-18,52.0,1867,108,226,59,24,4,4304,Upper,2,13,7.1
user_000016,2026-07-19,51.9,2260,100,303,72,18,1,15345,Push,4,11,6.3
user_000016,2026-07-20,51.8,2296,85,372,52,41,4,3593,Pull,5,12,6.5
user_000016,2026-07-21,51.7,1939,84,268,59,49,2,5344,Push,2,13,6.3
user_000016,2026-07-22,51.7,2568,87,402,68,44,5,16614,Legs,3,16,8.8
user_000016,2026-07-23,51.7,2160,86,346,48,26,2,6057,Pull,3,17,6.2
user_000016,2026-07-24,51.9,2009,85,289,57,55,5,5236,Push,2,10,7.8
user_000016,2026-07-25,51.8,2190,92,316,62,27,5,3201,Legs,0,16,7.5
user_000016,2026-07-26,52.1,1973,98,276,53,21,3,11051,Push,1,8,5.8
user_000016,2026-07-27,52.3,1621,84,238,37,4,1,3047,Rest,,,8.9
user_000016,2026-07-28,52.5,2298,85,359,58,36,5,13003,Upper,5,6,8.6
user_000016,2026-07-29,52.4,2013,108,249,65,32,1,10527,Push,3,16,8.3
user_000016,2026-07-30,52.4,1985,85,292,53,2,5,7917,Pull,5,15,6.7
user_000016,2026-07-31,52.5,2475,110,349,71,31,4,14509,Push,0,13,7.2
user_000016,2026-08-01,52.2,1891,107,242,55,8,1,11394,Upper,0,12,8.8
user_000016,2026-08-02,52.5,2391,88,368,63,40,4,7051,Legs,5,18,8.8
user_000016,2026-08-03,52.4,2271,106,311,67,54,4,3858,Legs,2,17,7.2
user_000016,2026-08-04,52.5,2274,97,341,58,19,2,15050,Pull,4,7,8.5
user_000016,2026-08-05,52.7,1914,94,245,62,2,3,17324,Pull,0,13,7.1
user_000016,2026-08-06,52.9,2116,98,314,52,31,3,8261,Pull,2,7,7.2
user_000016,2026-08-07,52.6,2198,108,302,62,43,3,14726,Pull,2,7,8.0
user_000016,2026-08-08,52.5,1740,87,240,48,2,1,3949,Upper,0,15,6.4
user_000016,2026-08-09,52.5,2256,113,298,68,25,3,13915,Pull,0,20,8.1
user_000016,2026-08-10,52.6,1892,104,261,48,27,4,8683,Pull,0,20,9.0
user_000016,2026-08-11,52.5,2102,115,298,50,26,4,9183,Push,0,8,8.9
user_000016,2026-08-12,52.7,1839,106,230,55,2,3,8558,Push,3,17,8.9
user_000016,2026-08-13,52.9,1983,91,281,55,21,3,8326,Rest,,,8.4
user_000016,2026-08-14,53.0,1978,111,271,50,1,3,17603,Pull,3,13,7.4
user_000016,2026-08-15,53.1,2102,84,329,50,26,1,16865,Pull,2,14,7.0
user_000016,2026-08-16,53.2,2198,98,294,70,37,3,13481,Upper,0,17,6.6
user_000016,2026-08-17,53.3,2280,91,344,60,42,4,3873,Pull,3,12,6.9
user_000016,2026-08-18,53.6,1719,85,230,51,7,3,3919,Push,2,6,7.8
user_000016,2026-08-19,53.7,2229,112,326,53,60,5,4155,Legs,4,14,7.4
user_000016,2026-08-20,53.6,2154,95,286,70,24,3,5076,Upper,2,13,6.2
user_000016,2026-08-21,53.4,2159,114,302,55,50,1,13457,Pull,0,17,5.9
user_000016,2026-08-22,53.5,2218,92,332,58,22,4,8479,Pull,0,20,5.7
user_000016,2026-08-23,53.4,2364,90,375,56,50,4,12649,Upper,2,13,8.1
user_000016,2026-08-24,53.6,2136,97,311,56,24,3,14402,Rest,,,8.0
user_000016,2026-08-25,53.8,1915,87,286,47,9,2,14191,Push,4,17,8.7
user_000016,2026-08-26,53.9,2114,88,319,54,45,5,3688,Legs,4,7,7.8
user_000016,2026-08-27,54.0,1964,110,255,56,15,5,9965,Push,0,10,7.5
user_000016,2026-08-28,53.9,1765,86,254,45,57,2,4705,Push,5,20,6.5
user_000016,2026-08-29,53.7,2204,108,281,72,23,4,8763,Pull,1,13,6.1
user_000016,2026-08-30,54.0,2461,117,361,61,50,3,17426,Push,3,17,6.0
user_000016,2026-08-31,54.0,2367,109,314,75,54,4,6518,Push,3,7,7.4
user_000016,2026-09-01,54.3,2258,115,319,58,17,4,14662,Upper,4,14,7.0
user_000016,2026-09-02,54.3,2324,91,373,52,48,1,13927,Upper,5,15,6.8
user_000016,2026-09-03,54.2,1996,90,310,44,6,3,14960,Push,4,20,7.6
user_000016,2026-09-04,54.2,1702,106,198,54,40,2,6073,Legs,0,7,7.7
user_000016,2026-09-05,54.3,2323,116,341,55,37,3,14266,Upper,5,16,6.9
user_000016,2026-09-06,54.4,2012,99,287,52,18,4,4075,Rest,,,6.8
user_000016,2026-09-07,54.5,2398,95,356,66,46,4,17545,Upper,3,19,5.8
user_000016,2026-09-08,54.6,2656,103,372,84,49,5,12253,Legs,3,7,8.5
user_000016,2026-09-09,54.6,2212,100,327,56,40,3,13514,Legs,1,13,7.7
user_000016,2026-09-10,54.8,1867,101,269,43,14,4,10410,Rest,,,8.1
user_000016,2026-09-11,55.1,1631,99,203,47,7,4,6187,Rest,,,8.0
user_000016,2026-09-12,54.9,2156,100,313,56,43,5,14872,Pull,0,11,6.3
user_000016,2026-09-13,54.7,2068,110,290,52,23,4,6934,Push,5,14,8.0
user_000016,2026-09-14,54.8,2468,101,363,68,12,4,15758,Rest,,,7.3
user_000016,2026-09-15,55.0,1936,113,254,52,4,2,4091,Upper,1,6,8.6
user_000016,2026-09-16,55.3,2113,118,300,49,52,1,12455,Pull,4,16,7.0
user_000016,2026-09-17,55.1,2594,108,392,66,37,3,17391,Rest,,,6.9
user_000016,2026-09-18,55.3,2715,109,392,79,30,4,13897,Upper,4,20,7.5
user_000016,2026-09-19,55.0,1932,113,253,52,36,2,5179,Upper,1,12,7.6
user_000016,2026-09-20,55.2,2159,97,319,55,58,2,7803,Rest,,,5.8
user_000016,2026-09-21,55.2,2119,93,322,51,23,1,15162,Rest,,,8.3
user_000016,2026-09-22,54.9,1845,108,225,57,38,1,5195,Legs,1,10,7.0
user_000016,2026-09-23,54.7,1948,117,253,52,55,1,5782,Push,0,6,5.8
user_000016,2026-09-24,55.0,2344,92,377,52,51,2,16993,Rest,,,6.7
user_000016,2026-09-25,55.3,1952,102,260,56,7,5,5026,Pull,5,16,5.9
user_000016,2026-09-26,55.1,2319,97,341,63,47,5,15168,Legs,4,6,7.5
user_000016,2026-09-27,55.0,1625,114,182,49,36,5,5300,Push,2,13,8.1
user_000016,2026-09-28,55.2,1129,117,91,33,2,4,7718,Pull,3,13,6.4
user_000016,2026-09-29,54.9,1426,98,173,38,7,1,13548,Push,4,9,6.5
user_000016,2026-09-30,55.0,1741,92,251,41,51,5,3656,Upper,3,20,7.1
user_000016,2026-10-01,55.0,1375,107,149,39,26,3,6469,Upper,0,9,5.7
user_000016,2026-10-02,55.0,1306,88,162,34,12,3,14096,Rest,,,7.1
user_000016,2026-10-03,55.0,1228,107,119,36,9,3,6938,Push,5,20,8.7
user_000016,2026-10-04,55.3,1270,110,122,38,0,4,6339,Push,0,14,7.1
user_000016,2026-10-05,55.2,1637,100,226,37,19,5,16146,Rest,,,5.5
user_000016,2026-10-06,55.0,1571,116,198,35,17,1,15127,Push,5,18,8.2
user_000016,2026-10-07,54.8,1592,92,189,52,51,3,12904,Legs,4,15,8.7
user_000016,2026-10-08,54.9,1840,104,248,48,45,5,3429,Push,0,15,5.6
user_000016,2026-10-09,54.9,1402,95,179,34,40,1,11774,Push,1,7,5.7
user_000016,2026-10-10,54.6,1469,105,179,37,54,2,17170,Upper,1,12,5.6
user_000016,2026-10-11,54.5,1170,111,123,26,5,2,4604,Pull,5,19,6.4
user_000016,2026-10-12,54.5,1549,118,159,49,15,4,13210,Pull,5,6,5.8
user_000016,2026-10-13,54.3,1252,90,160,28,17,1,10854,Upper,5,17,6.8
user_000016,2026-10-14,54.2,1604,90,194,52,60,1,15970,Push,1,20,8.4
user_000016,2026-10-15,54.3,2008,109,258,60,34,5,10762,Push,0,7,7.8
user_000016,2026-10-16,54.2,1195,111,118,31,3,1,13801,Upper,0,12,7.9
user_000016,2026-10-17,54.3,1282,116,128,34,3,4,17516,Pull,2,17,6.7
user_000016,2026-10-18,54.4,1429,116,149,41,10,2,16177,Push,5,7,8.9
user_000016,2026-10-19,54.6,1240,94,144,32,2,3,13216,Legs,4,7,6.3
user_000016,2026-10-20,54.9,1396,103,174,32,13,5,11203,Upper,1,8,6.8
user_000016,2026-10-21,54.9,1738,117,223,42,16,4,16326,Pull,3,10,6.3
user_000016,2026-10-22,55.0,1555,95,197,43,33,3,3069,Push,5,12,8.5
user_000016,2026-10-23,55.2,2217,96,348,49,42,4,17363,Upper,5,16,7.2
user_000016,2026-10-24,55.3,1831,88,264,47,48,5,5477,Legs,1,15,6.5
user_000016,2026-10-25,54.9,1283,94,139,39,8,5,10380,Pull,4,19,7.5
user_000016,2026-10-26,54.6,1421,90,182,37,9,3,15236,Legs,2,9,7.1
user_000016,2026-10-27,54.4,1710,106,236,38,20,5,7671,Rest,,,6.6
user_000016,2026-10-28,54.3,1542,91,191,46,33,3,9071,Pull,2,10,9.0
user_000016,2026-10-29,54.0,1533,97,185,45,34,3,9144,Upper,5,17,6.9
user_000016,2026-10-30,53.9,2139,98,295,63,57,5,3150,Pull,4,12,7.9
user_000016,2026-10-31,54.0,1390,87,166,42,39,3,7313,Rest,,,6.7
user_000016,2026-11-01,53.6,1437,108,177,33,12,3,14442,Pull,2,6,6.3
user_000016,2026-11-02,53.4,1673,95,240,37,52,3,5073,Upper,4,8,5.9
user_000016,2026-11-03,53.3,1146,98,121,30,0,5,11818,Rest,,,5.8
user_000016,2026-11-04,53.1,2209,102,340,49,30,5,15444,Legs,2,15,8.7
user_000016,2026-11-05,53.3,1734,92,256,38,12,2,12802,Pull,2,6,6.7
user_000016,2026-11-06,53.3,1627,104,197,47,45,2,6182,Pull,1,12,7.0
user_000016,2026-11-07,53.3,2016,101,277,56,20,4,6493,Pull,0,18,6.2
user_000016,2026-11-08,53.0,1787,111,248,39,57,1,13168,Legs,4,19,8.3
user_000016,2026-11-09,52.8,1867,86,248,59,33,4,9738,Rest,,,8.6
user_000016,2026-11-10,52.9,1773,92,241,49,15,2,11756,Legs,1,14,7.0
user_000016,2026-11-11,52.9,1628,100,190,52,26,2,4027,Rest,,,7.9
user_000016,2026-11-12,52.7,1951,116,230,63,48,1,15748,Rest,,,8.9
user_000016,2026-11-13,52.6,1359,103,158,35,9,4,7243,Push,1,10,6.5
user_000016,2026-11-14,52.6,1801,114,226,49,30,2,12784,Legs,3,12,8.4
user_000016,2026-11-15,52.8,1879,110,227,59,55,4,3435,Legs,3,10,7.1
user_000016,2026-11-16,52.5,1599,88,197,51,54,1,13278,Pull,2,14,6.8
user_000016,2026-11-17,52.7,2385,115,308,77,37,5,9334,Pull,1,14,6.2
user_000016,2026-11-18,52.8,1991,84,281,59,22,4,15870,Pull,2,11,6.0
user_000016,2026-11-19,52.7,1711,91,213,55,3,4,12369,Pull,4,18,8.4
user_000016,2026-11-20,53.0,1854,107,262,42,2,1,14158,Legs,5,12,6.6
user_000016,2026-11-21,52.9,1701,95,220,49,17,1,13518,Legs,3,8,8.2
user_000016,2026-11-22,52.7,2008,106,261,60,29,4,12937,Pull,0,14,6.0
user_000016,2026-11-23,52.6,2273,115,325,57,57,5,11076,Rest,,,5.9
user_000016,2026-11-24,52.6,2528,100,352,80,27,4,15999,Upper,3,8,7.2
user_000016,2026-11-25,52.8,1836,105,264,40,24,1,16954,Rest,,,6.7
user_000016,2026-11-26,53.0,1928,90,257,60,17,4,14237,Upper,1,7,7.5
user_000016,2026-11-27,53.2,2039,109,286,51,12,3,17404,Push,5,14,6.6
user_000017,2026-07-01,51.7,2281,96,355,53,18,5,5355,Push,0,16,7.4
user_000017,2026-07-02,52.1,2122,100,291,62,7,2,7897,Rest,,,5.7
user_000017,2026-07-03,52.0,2681,104,429,61,49,4,17837,Push,3,11,8.3
user_000017,2026-07-04,51.9,2318,104,336,62,14,5,12805,Legs,0,16,7.5
user_000017,2026-07-05,52.2,2360,108,311,76,18,1,10506,Rest,,,7.8
user_000017,2026-07-06,52.1,2233,111,301,65,16,3,10888,Rest,,,8.4
user_000017,2026-07-07,51.9,2169,85,320,61,1,1,16116,Rest,,,8.1
user_000017,2026-07-08,51.9,2626,102,406,66,60,3,14690,Legs,3,8,7.7
user_000017,2026-07-09,51.9,1935,100,242,63,9,1,11400,Upper,5,17,6.6
user_000017,2026-07-10,51.8,2442,84,396,58,26,5,10931,Legs,2,9,7.7
user_000017,2026-07-11,52.1,2581,90,373,81,52,2,17997,Rest,,,8.4
user_000017,2026-07-12,52.3,2323,85,354,63,33,4,13345,Legs,3,18,7.1
user_000017,2026-07-13,52.4,2110,88,300,62,26,2,11215,Legs,1,15,5.9
user_000017,2026-07-14,52.4,2495,111,380,59,54,4,10266,Push,2,10,9.0
user_000017,2026-07-15,52.5,2639,102,371,83,49,4,13458,Pull,0,15,7.8
user_000017,2026-07-16,52.8,2276,93,359,52,49,2,17058,Rest,,,6.6
user_000017,2026-07-17,52.6,2210,88,334,58,39,1,7648,Pull,3,15,5.8
user_000017,2026-07-18,52.4,2520,99,360,76,48,3,14275,Pull,2,11,8.4
user_000017,2026-07-19,52.2,1967,88,298,47,6,4,16770,Rest,,,6.7
user_000017,2026-07-20,52.1,2200,110,323,52,24,4,8992,Upper,0,15,7.0
user_000017,2026-07-21,52.0,2211,111,318,55,16,5,4882,Push,5,14,6.3
user_000017,2026-07-22,52.2,2769,96,414,81,46,4,16556,Pull,3,18,8.2
user_000017,2026-07-23,52.0,2385,84,375,61,50,5,5250,Rest,,,7.1
user_000017,2026-07-24,52.3,2207,90,329,59,60,1,6934,Rest,,,5.7
user_000017,2026-07-25,52.4,2269,84,319,73,42,4,3163,Rest,,,5.7
user_000017,2026-07-26,52.6,2484,111,339,76,50,2,8181,Push,3,13,7.5
user_000017,2026-07-27,52.7,2584,84,391,76,41,5,9727,Rest,,,8.2
user_000017,2026-07-28,52.7,2097,87,291,65,48,2,12366,Push,1,8,6.8
user_000017,2026-07-29,52.7,2172,98,292,68,14,3,9068,Upper,2,10,7.9
user_000017,2026-07-30,52.8,2022,97,296,50,20,1,9620,Upper,2,8,8.8
user_000017,2026-07-31,52.9,1854,94,239,58,6,3,3423,Rest,,,8.3
user_000017,2026-08-01,53.0,2395,108,313,79,53,4,10286,Upper,1,17,8.8
user_000017,2026-08-02,53.3,2266,111,343,50,44,1,12087,Upper,4,10,8.9
user_000017,2026-08-03,53.7,2462,87,380,66,52,4,7207,Push,0,9,7.9
user_000017,2026-08-04,54.0,2587,89,398,71,56,3,12741,Legs,2,10,8.6
user_000017,2026-08-05,53.9,2294,91,334,66,32,1,15511,Pull,1,16,8.9
user_000017,2026-08-06,53.8,1903,86,284,47,15,2,5064,Rest,,,7.7
user_000017,2026-08-07,53.6,1840,117,235,48,29,1,6555,Legs,2,9,6.5
user_000017,2026-08-08,53.5,2024,98,273,60,47,1,5030,Push,5,9,8.5
user_000017,2026-08-09,53.6,2646,88,407,74,46,5,5898,Upper,4,10,5.6
user_000017,2026-08-10,53.4,2281,103,330,61,26,3,7736,Upper,0,15,6.3
user_000017,2026-08-11,53.6,2302,91,327,70,49,2,11425,Push,4,7,8.1
user_000017,2026-08-12,53.5,2580,96,387,72,47,2,17241,Upper,3,17,8.7
user_000017,2026-08-13,53.5,2402,117,362,54,14,5,13522,Rest,,,6.9
user_000017,2026-08-14,53.4,2550,101,370,74,50,1,17299,Push,0,13,5.5
user_000017,2026-08-15,53.5,2240,115,301,64,7,4,12444,Rest,,,7.6
user_000017,2026-08-16,53.2,2061,104,292,53,54,3,7589,Pull,1,12,8.8
user_000017,2026-08-17,53.0,2398,108,343,66,36,5,10717,Rest,,,8.6
user_000017,2026-08-18,52.9,2264,100,313,68,32,3,6219,Push,1,7,8.2
user_000017,2026-08-19,53.0,2132,96,311,56,35,2,15362,Legs,1,13,6.4
user_000017,2026-08-20,53.2,1961,115,274,45,13,2,7117,Pull,4,10,7.7
user_000017,2026-08-21,53.0,2602,111,382,70,52,4,10504,Push,5,9,6.1
user_000017,2026-08-22,52.9,2864,91,454,76,58,5,14794,Pull,4,15,7.7
user_000017,2026-08-23,53.1,2575,95,371,79,52,5,13149,Pull,2,9,8.9
user_000017,2026-08-24,52.8,1671,112,200,47,28,4,5989,Rest,,,5.8
user_000017,2026-08-25,53.1,1291,107,146,31,26,1,3512,Push,4,10,5.8
user_000017,2026-08-26,53.3,1511,103,187,39,38,4,3337,Push,4,16,7.1
user_000017,2026-08-27,53.3,1615,101,197,47,24,5,12432,Upper,5,16,7.8
user_000017,2026-08-28,53.6,1503,117,162,43,13,4,12736,Legs,1,13,7.8
user_000017,2026-08-29,53.8,1659,112,179,55,22,2,8597,Upper,3,17,7.2
user_000017,2026-08-30,54.0,1564,113,179,44,39,1,10003,Pull,1,20,8.8
user_000017,2026-08-31,53.7,1739,102,245,39,17,2,5906,Pull,2,17,8.4
user_000017,2026-09-01,53.4,1358,87,185,30,48,2,3045,Rest,,,6.3
user_000017,2026-09-02,53.5,2105,111,296,53,55,4,16290,Upper,5,20,7.9
user_000017,2026-09-03,53.5,1771,112,225,47,12,5,10157,Pull,5,14,6.6
user_000017,2026-09-04,53.6,1724,111,203,52,34,5,4242,Rest,,,6.9
user_000017,2026-09-05,53.4,2029,111,286,49,60,4,11644,Rest,,,7.8
user_000017,2026-09-06,53.4,1284,99,132,40,1,1,6137,Upper,3,18,5.9
user_000017,2026-09-07,53.7,1804,94,267,40,5,1,15655,Rest,,,8.1
user_000017,2026-09-08,53.4,1624,114,193,44,26,1,15721,Pull,4,10,5.7
user_000017,2026-09-09,53.5,1724,100,241,40,60,1,11790,Upper,1,13,8.7
user_000017,2026-09-10,53.2,1740,112,233,40,9,5,13200,Pull,5,11,8.6
user_000017,2026-09-11,53.4,1771,102,226,51,59,4,4536,Pull,2,11,6.9
user_000017,2026-09-12,53.5,2174,111,275,70,50,5,13180,Pull,5,20,5.8
user_000017,2026-09-13,53.6,1505,97,178,45,60,1,13702,Pull,3,9,8.1
user_000017,2026-09-14,53.4,1477,106,180,37,55,1,7612,Pull,0,17,8.7
user_000017,2026-09-15,53.3,1599,114,171,51,6,5,11721,Push,4,17,6.5
user_000017,2026-09-16,53.6,2113,98,311,53,50,3,16149,Upper,0,13,8.5
user_000017,2026-09-17,53.7,1249,94,135,37,0,1,11715,Upper,2,8,8.6
user_000017,2026-09-18,53.9,1682,104,204,50,42,3,14612,Legs,0,7,6.0
user_000017,2026-09-19,53.8,1442,94,172,42,13,3,15219,Upper,5,6,6.0
user_000017,2026-09-20,53.7,1525,115,183,37,48,3,4384,Push,0,20,6.2
user_000017,2026-09-21,53.9,1814,111,239,46,29,2,11457,Legs,2,15,6.5
user_000017,2026-09-22,53.7,2008,109,249,64,49,3,7162,Upper,4,9,7.0
user_000017,2026-09-23,53.6,1482,111,165,42,15,1,15024,Pull,0,17,8.0
user_000017,2026-09-24,53.4,1936,111,256,52,27,3,12951,Upper,5,13,6.4
user_000017,2026-09-25,53.4,1334,92,165,34,16,2,11693,Rest,,,7.2
user_000017,2026-09-26,53.5,1975,92,296,47,43,5,3492,Pull,3,8,7.1
user_000017,2026-09-27,53.2,1837,94,255,49,52,4,16719,Upper,3,15,8.0
user_000017,2026-09-28,52.9,1824,92,247,52,48,5,11985,Rest,,,5.9
user_000017,2026-09-29,53.1,1364,94,157,40,8,2,6215,Upper,2,18,8.9
user_000017,2026-09-30,53.3,1584,89,208,44,44,2,9944,Rest,,,8.7
user_000017,2026-10-01,53.1,1206,108,135,26,52,2,7695,Upper,3,16,8.7
user_000017,2026-10-02,52.9,1464,108,186,32,56,1,8201,Rest,,,8.2
user_000017,2026-10-03,53.0,2011,89,290,55,30,2,16794,Push,0,18,8.8
user_000017,2026-10-04,53.0,1467,115,164,39,13,5,5801,Legs,5,11,7.8
user_000017,2026-10-05,53.1,2088,98,271,68,53,5,15696,Pull,3,15,8.0
user_000017,2026-10-06,52.9,1868,87,254,56,41,5,7501,Legs,4,10,8.4
user_000017,2026-10-07,52.9,1517,111,158,49,39,3,3249,Push,0,15,6.4
user_000017,2026-10-08,52.7,1708,112,225,40,27,4,4218,Upper,0,11,8.9
user_000017,2026-10-09,52.7,1880,90,263,52,45,5,7263,Rest,,,7.0
user_000017,2026-10-10,52.8,1520,89,210,36,5,2,12013,Pull,0,7,7.0
user_000017,2026-10-11,53.0,1802,113,234,46,25,2,8881,Legs,3,9,7.1
user_000017,2026-10-12,53.1,1414,116,134,46,15,1,6937,Upper,4,11,8.8
user_000017,2026-10-13,52.8,1844,112,232,52,38,5,8246,Upper,4,11,7.1
user_000017,2026-10-14,53.0,1506,113,178,38,44,2,3115,Pull,3,8,6.7
user_000017,2026-10-15,53.0,1490,89,180,46,19,1,11384,Pull,3,13,6.1
user_000017,2026-10-16,52.7,1727,89,219,55,12,3,11656,Rest,,,7.1
user_000017,2026-10-17,52.9,1917,109,233,61,24,5,16923,Pull,1,6,6.8
user_000017,2026-10-18,52.9,1483,98,167,47,2,3,11838,Push,3,12,6.4
user_000017,2026-10-19,52.9,1486,88,207,34,6,5,15526,Upper,5,6,8.4
user_000017,2026-10-20,52.7,1501,100,174,45,2,3,14531,Legs,2,19,5.8
user_000017,2026-10-21,52.6,1492,89,176,48,46,1,7679,Pull,1,19,5.7
user_000017,2026-10-22,52.5,1692,98,217,48,57,1,16996,Upper,4,18,7.8
user_000017,2026-10-23,52.3,1697,97,244,37,41,2,17651,Upper,0,13,7.0
user_000017,2026-10-24,52.2,1746,94,248,42,19,5,10559,Push,1,11,6.8
user_000017,2026-10-25,52.3,1734,103,218,50,29,3,16766,Legs,1,12,7.2
user_000017,2026-10-26,52.5,1389,103,143,45,18,1,6092,Pull,4,8,8.3
user_000017,2026-10-27,52.5,1611,93,204,47,18,3,8416,Upper,4,9,6.2
user_000017,2026-10-28,52.6,1664,91,226,44,24,5,7220,Legs,3,16,6.8
user_000017,2026-10-29,52.8,1739,93,245,43,54,2,6360,Push,0,9,6.6
user_000017,2026-10-30,52.5,1636,104,215,40,12,1,14534,Rest,,,8.3
user_000017,2026-10-31,52.8,1595,90,221,39,43,4,4951,Legs,1,17,8.3
user_000017,2026-11-01,52.8,1774,87,262,42,14,4,13056,Pull,5,11,6.8
user_000017,2026-11-02,52.7,1622,90,221,42,41,2,3269,Upper,5,16,6.7
user_000017,2026-11-03,52.9,1577,88,223,37,56,2,6205,Pull,3,8,8.3
user_000017,2026-11-04,52.9,1281,87,168,29,6,3,4644,Upper,3,6,6.4
user_000017,2026-11-05,52.9,1639,106,216,39,2,4,13222,Legs,1,11,7.0
user_000017,2026-11-06,53.0,2079,112,293,51,39,5,9235,Legs,2,13,6.2
user_000017,2026-11-07,53.1,1855,109,231,55,13,3,16034,Pull,2,10,6.4
user_000017,2026-11-08,53.0,1767,88,248,47,13,2,8990,Legs,0,16,6.5
user_000017,2026-11-09,52.9,2102,102,302,54,21,3,15965,Legs,5,15,7.5
user_000017,2026-11-10,53.1,1820,114,206,60,17,2,8658,Pull,5,6,6.5
user_000017,2026-11-11,53.3,2152,103,291,64,40,5,8867,Push,1,13,8.7
user_000017,2026-11-12,53.2,1432,112,165,36,10,2,13218,Push,3,11,6.1
user_000017,2026-11-13,53.4,1106,104,114,26,28,2,3496,Pull,2,11,8.9
user_000017,2026-11-14,53.2,1668,88,221,48,50,4,10746,Upper,0,10,8.9
user_000017,2026-11-15,53.4,1284,99,132,40,16,2,17485,Push,1,15,7.3
user_000017,2026-11-16,53.1,1106,94,124,26,0,4,12355,Legs,1,14,7.2
user_000017,2026-11-17,53.2,1105,98,104,33,44,1,5242,Rest,,,8.3
user_000017,2026-11-18,53.0,1432,101,158,44,21,2,16572,Upper,1,11,8.7
user_000017,2026-11-19,52.7,1261,87,145,37,9,2,7587,Upper,3,19,8.5
user_000017,2026-11-20,52.5,1459,114,145,47,29,5,8756,Legs,2,18,6.5
user_000017,2026-11-21,52.7,1386,110,133,46,40,2,7186,Rest,,,6.3
user_000017,2026-11-22,52.9,1380,111,135,44,32,4,13179,Upper,2,14,6.4
user_000017,2026-11-23,52.6,1443,96,186,35,47,3,4476,Upper,2,12,5.6
user_000017,2026-11-24,52.6,1098,96,111,30,6,3,11078,Push,1,16,8.3
user_000017,2026-11-25,52.5,1739,85,226,55,54,4,8914,Rest,,,7.0
user_000017,2026-11-26,52.2,1098,96,111,30,39,2,4272,Legs,5,20,8.4
user_000017,2026-11-27,52.4,1134,84,141,26,43,1,8557,Upper,0,9,7.2
user_000018,2026-07-01,51.6,1435,100,180,35,38,3,12981,Rest,,,7.9
user_000018,2026-07-02,51.3,1372,89,155,44,39,2,10379,Legs,0,19,6.4
user_000018,2026-07-03,51.5,1563,100,212,35,51,2,13776,Push,3,19,7.3
user_000018,2026-07-04,51.1,1536,103,173,48,46,3,15519,Legs,2,18,8.0
user_000018,2026-07-05,51.0,1596,111,198,40,32,5,15968,Upper,2,15,6.2
user_000018,2026-07-06,50.8,1353,102,162,33,9,5,17737,Pull,4,15,7.0
user_000018,2026-07-07,50.6,1452,84,198,36,23,3,12878,Legs,0,19,6.4
user_000018,2026-07-08,50.8,1300,99,154,32,44,1,14025,Pull,1,6,9.0
user_000018,2026-07-09,50.8,1084,109,99,28,37,1,7146,Pull,3,7,7.0
user_000018,2026-07-10,50.9,1256,84,167,28,17,2,9270,Push,4,16,6.0
user_000018,2026-07-11,50.9,1495,109,159,47,59,4,5527,Rest,,,7.7
user_000018,2026-07-12,51.1,1171,111,121,27,12,2,3885,Upper,2,17,7.0
user_000018,2026-07-13,51.1,1758,98,211,58,57,3,12449,Upper,3,6,7.2
user_000018,2026-07-14,51.0,1794,110,244,42,33,5,16630,Upper,4,13,7.0
user_000018,2026-07-15,51.0,1371,99,165,35,53,2,5088,Pull,0,18,6.5
user_000018,2026-07-16,51.2,1267,110,137,31,49,1,11923,Upper,3,9,8.9
user_000018,2026-07-17,51.0,2116,89,323,52,57,4,12558,Push,3,16,8.5
user_000018,2026-07-18,51.0,1086,106,89,34,43,1,3769,Push,3,11,6.8
user_000018,2026-07-19,50.6,1296,87,147,40,41,2,10926,Push,2,10,7.6
user_000018,2026-07-20,50.3,1367,108,155,35,24,1,14993,Rest,,,8.3
user_000018,2026-07-21,50.4,1520,91,190,44,58,3,8996,Push,4,11,7.7
user_000018,2026-07-22,50.5,1568,109,193,40,17,4,8201,Upper,2,15,6.2
user_000018,2026-07-23,50.2,1473,99,168,45,37,2,6089,Upper,4,13,8.5
user_000018,2026-07-24,50.2,1829,109,220,57,58,5,10624,Upper,0,20,8.1
user_000018,2026-07-25,50.0,1456,104,179,36,31,4,14743,Legs,5,20,5.9
user_000018,2026-07-26,50.2,1554,82,203,46,51,1,11164,Upper,5,8,7.4
user_000018,2026-07-27,50.0,1388,104,144,44,48,1,10189,Legs,5,16,6.1
user_000018,2026-07-28,49.9,1244,85,136,40,10,1,7920,Rest,,,8.3
user_000018,2026-07-29,49.8,1129,92,125,29,49,1,3240,Legs,1,17,7.0
user_000018,2026-07-30,49.7,1618,108,193,46,56,4,10212,Rest,,,7.3
user_000018,2026-07-31,49.7,1353,105,141,41,16,3,17597,Rest,,,7.1
user_000018,2026-08-01,49.4,1190,96,134,30,16,2,14794,Rest,,,6.1
user_000018,2026-08-02,49.6,1074,106,86,34,42,1,5638,Upper,3,13,6.7
user_000018,2026-08-03,49.7,1516,104,176,44,45,3,13558,Upper,0,9,8.2
user_000018,2026-08-04,49.5,1291,86,149,39,20,2,8117,Pull,4,8,8.4
user_000018,2026-08-05,49.5,1463,82,196,39,32,4,12803,Pull,1,17,7.1
user_000018,2026-08-06,49.4,1073,90,113,29,45,2,5058,Push,3,6,6.7
user_000018,2026-08-07,49.4,1310,106,136,38,43,1,10592,Pull,5,16,7.0
user_000018,2026-08-08,49.1,1332,91,170,32,42,3,11038,Upper,2,18,5.8
user_000018,2026-08-09,49.1,1294,89,158,34,3,5,4126,Legs,4,17,7.1
user_000018,2026-08-10,48.7,1272,98,130,40,17,4,10585,Rest,,,6.3
user_000018,2026-08-11,48.5,1066,79,120,30,30,1,5692,Push,1,20,8.5
user_000018,2026-08-12,48.4,1319,93,140,43,11,4,14155,Rest,,,6.8
user_000018,2026-08-13,48.4,1373,86,156,45,30,1,12537,Upper,2,12,5.5
user_000018,2026-08-14,48.2,1526,97,208,34,59,3,9469,Legs,5,17,6.7
user_000018,2026-08-15,48.5,1417,99,172,37,34,1,17957,Upper,2,11,5.6
user_000018,2026-08-16,48.7,1941,81,303,45,46,4,17006,Pull,4,18,9.0
user_000018,2026-08-17,48.5,1068,103,101,28,2,1,4465,Push,1,6,8.1
user_000018,2026-08-18,48.7,1710,78,228,54,39,2,14956,Rest,,,7.9
user_000018,2026-08-19,49.0,1513,97,189,41,42,3,6520,Push,5,14,8.5
user_000018,2026-08-20,49.0,1505,86,198,41,13,5,14051,Pull,3,17,6.8
user_000018,2026-08-21,49.0,1196,102,125,32,12,1,4045,Legs,4,16,8.9
user_000018,2026-08-22,48.7,1388,88,178,36,10,4,15695,Legs,4,13,6.4
user_000018,2026-08-23,48.6,1441,90,187,37,42,3,4517,Push,3,17,8.8
user_000018,2026-08-24,48.7,1310,101,150,34,51,1,8468,Upper,4,16,7.0
user_000018,2026-08-25,48.7,1404,101,160,40,47,4,10549,Rest,,,6.2
user_000018,2026-08-26,48.6,1194,103,137,26,9,3,5791,Rest,,,7.9
user_000018,2026-08-27,48.3,1066,95,104,30,6,1,5528,Pull,4,10,5.8
user_000018,2026-08-28,48.2,1296,91,161,32,49,3,9588,Upper,4,10,7.3
user_000018,2026-08-29,48.0,1244,86,135,40,55,2,6067,Upper,2,8,7.1
user_000018,2026-08-30,48.1,1433,83,183,41,30,2,11617,Rest,,,6.3
user_000018,2026-08-31,48.3,1274,90,143,38,26,2,15001,Pull,2,19,8.6
user_000018,2026-09-01,48.0,1341,101,142,41,27,1,15447,Rest,,,8.1
user_000018,2026-09-02,48.0,1112,87,128,28,5,3,10365,Pull,3,10,5.8
user_000018,2026-09-03,47.7,1812,88,239,56,50,5,13871,Push,4,13,8.2
user_000018,2026-09-04,47.6,1326,83,181,30,36,1,9004,Rest,,,8.9
user_000018,2026-09-05,47.7,1411,95,179,35,60,1,17249,Pull,5,10,7.0
user_000018,2026-09-06,47.8,1058,99,98,30,31,1,3131,Pull,1,12,5.9
user_000018,2026-09-07,48.0,1650,102,207,46,22,5,13988,Upper,3,7,6.3
user_000018,2026-09-08,48.2,1498,99,172,46,54,3,12316,Legs,5,16,5.7
user_000018,2026-09-09,47.9,1407,82,191,35,11,4,8513,Pull,3,13,6.9
user_000018,2026-09-10,48.0,1317,93,171,29,2,3,14630,Pull,5,16,8.9
user_000018,2026-09-11,48.1,1824,97,242,52,57,3,15410,Upper,1,8,8.9
user_000018,2026-09-12,47.7,1293,82,158,37,25,5,8201,Pull,2,16,6.5
user_000018,2026-09-13,47.6,1614,91,200,50,60,3,14773,Pull,4,13,6.9
user_000018,2026-09-14,47.5,1131,78,144,27,38,2,12771,Push,5,15,7.8
user_000018,2026-09-15,47.5,1374,104,154,38,28,4,12477,Upper,4,12,7.1
user_000018,2026-09-16,47.5,1480,90,199,36,34,5,10311,Rest,,,6.3
user_000018,2026-09-17,47.6,1269,92,142,37,54,3,3642,Rest,,,6.4
user_000018,2026-09-18,47.4,1058,84,113,30,56,1,6823,Push,5,20,8.5
user_000018,2026-09-19,47.2,1196,100,136,28,16,1,17112,Upper,1,17,7.2
user_000018,2026-09-20,47.2,1054,79,126,26,8,5,9126,Push,4,16,8.9
user_000018,2026-09-21,47.1,1373,102,158,37,19,5,17599,Pull,3,17,6.9
user_000018,2026-09-22,47.2,1615,85,222,43,37,4,14300,Pull,2,9,7.9
user_000018,2026-09-23,47.4,1055,92,102,31,46,1,5554,Pull,4,6,7.8
user_000018,2026-09-24,47.5,1186,78,133,38,1,3,13443,Rest,,,6.8
user_000018,2026-09-25,47.5,1625,92,204,49,60,2,17891,Upper,1,13,6.4
user_000018,2026-09-26,47.4,2027,89,276,63,52,5,14685,Rest,,,8.0
user_000018,2026-09-27,47.4,1490,97,172,46,59,2,13941,Pull,3,8,7.5
user_000018,2026-09-28,47.1,1143,88,137,27,42,3,9833,Push,2,9,8.9
user_000018,2026-09-29,47.2,1052,88,103,32,3,5,4842,Upper,3,11,7.1
user_000018,2026-09-30,47.1,1053,101,106,25,55,1,11084,Upper,2,8,6.6
user_000018,2026-10-01,46.7,1052,81,128,24,23,2,15303,Legs,5,9,5.9
user_000018,2026-10-02,46.3,1316,82,175,32,34,2,14494,Legs,5,18,8.5
user_000018,2026-10-03,46.3,1045,76,120,29,9,3,6142,Legs,4,9,7.6
user_000018,2026-10-04,46.0,1735,74,245,51,51,3,17503,Rest,,,7.5
user_000018,2026-10-05,45.7,1137,83,127,33,13,1,8288,Rest,,,6.8
user_000018,2026-10-06,45.6,1042,96,106,26,13,4,13744,Push,3,10,6.7
user_000018,2026-10-07,45.7,1041,98,88,33,4,3,6607,Pull,0,9,8.9
user_000018,2026-10-08,45.4,1187,93,125,35,22,4,11314,Pull,2,20,6.1
user_000018,2026-10-09,45.4,1273,74,170,33,25,3,13855,Pull,5,19,7.2
user_000018,2026-10-10,45.3,1102,96,121,26,16,1,17760,Push,4,17,7.5
user_000018,2026-10-11,45.1,1097,78,122,33,32,2,10304,Push,1,19,7.5
user_000018,2026-10-12,44.8,1282,90,154,34,36,4,7221,Legs,1,8,6.6
user_000018,2026-10-13,44.6,1212,96,117,40,46,1,12368,Legs,4,18,6.9
user_000018,2026-10-14,44.8,1211,81,152,31,53,1,9855,Upper,0,11,6.1
user_000018,2026-10-15,44.8,1034,87,113,26,7,1,9078,Pull,4,18,8.4
user_000018,2026-10-16,44.4,1550,93,191,46,32,4,14793,Upper,5,18,6.6
user_000018,2026-10-17,44.1,1388,85,163,44,39,4,9835,Legs,4,14,7.2
user_000018,2026-10-18,44.3,1029,88,104,29,15,5,13644,Rest,,,6.1
user_000018,2026-10-19,44.4,1198,92,140,30,38,5,7637,Rest,,,7.7
user_000018,2026-10-20,44.1,1352,87,161,40,23,5,17003,Push,1,20,5.9
user_000018,2026-10-21,44.1,1031,93,104,27,34,3,9885,Push,1,18,5.8
user_000018,2026-10-22,44.2,1126,84,130,30,56,1,5699,Rest,,,7.9
user_000018,2026-10-23,44.1,1435,94,177,39,48,2,16706,Push,1,6,7.5
user_000018,2026-10-24,44.2,1455,94,164,47,48,2,11087,Rest,,,8.6
user_000018,2026-10-25,44.0,1770,74,238,58,50,5,17335,Pull,5,10,7.5
user_000018,2026-10-26,44.1,1268,80,156,36,23,3,8512,Rest,,,6.0
user_000018,2026-10-27,44.3,1205,75,152,33,18,3,15178,Legs,2,10,8.3
user_000018,2026-10-28,44.5,1031,89,108,27,3,2,7626,Push,0,17,5.7
user_000018,2026-10-29,44.4,1030,78,112,30,3,2,13261,Upper,2,12,6.5
user_000018,2026-10-30,44.6,1659,78,240,43,52,3,11413,Pull,1,10,5.7
user_000018,2026-10-31,44.8,1139,91,133,27,31,4,7166,Rest,,,6.8
user_000018,2026-11-01,44.7,1033,73,120,29,15,1,3380,Legs,5,6,8.9
user_000018,2026-11-02,44.3,1331,91,163,35,30,4,6616,Rest,,,6.8
user_000018,2026-11-03,44.0,1029,85,107,29,15,4,5763,Push,0,13,5.9
user_000018,2026-11-04,43.8,1140,82,131,32,36,3,10883,Upper,5,16,5.5
user_000018,2026-11-05,44.0,1256,93,131,40,12,4,14066,Upper,0,13,6.8
user_000018,2026-11-06,44.1,1173,81,129,37,24,2,9341,Upper,5,8,6.2
user_000018,2026-11-07,44.2,1246,83,161,30,16,3,11349,Upper,5,9,6.6
user_000018,2026-11-08,44.4,1421,93,161,45,8,1,16963,Upper,4,7,6.4
user_000018,2026-11-09,44.1,1085,94,103,33,5,4,6923,Rest,,,7.7
user_000018,2026-11-10,44.2,1026,94,95,30,6,1,3011,Rest,,,8.0
user_000018,2026-11-11,44.1,1683,79,245,43,24,4,15615,Push,2,19,8.6
user_000018,2026-11-12,44.3,1794,87,267,42,38,5,7657,Push,5,12,6.4
user_000018,2026-11-13,44.5,1632,80,211,52,32,5,11500,Upper,2,17,6.8
user_000018,2026-11-14,44.7,1114,94,126,26,16,1,8534,Rest,,,8.4
user_000018,2026-11-15,44.4,1032,81,105,32,11,1,7060,Legs,2,18,8.8
user_000018,2026-11-16,44.1,1105,77,143,25,5,2,10943,Upper,5,9,8.2
user_000018,2026-11-17,43.9,1026,93,96,30,26,1,5165,Rest,,,6.0
user_000018,2026-11-18,43.7,1462,79,201,38,39,4,7208,Pull,1,13,5.8
user_000018,2026-11-19,43.6,1024,74,119,28,9,2,5922,Pull,3,8,6.5
user_000018,2026-11-20,43.6,1023,73,122,27,4,3,4640,Rest,,,8.4
user_000018,2026-11-21,43.6,1279,90,160,31,14,3,11686,Rest,,,7.1
user_000018,2026-11-22,43.6,1383,83,166,43,40,5,4904,Upper,2,12,9.0
user_000018,2026-11-23,43.6,1317,87,177,29,38,1,15440,Legs,4,9,5.5
user_000018,2026-11-24,43.6,1022,93,113,22,27,4,4619,Upper,0,14,8.5
user_000018,2026-11-25,43.6,1278,93,159,30,36,1,16814,Legs,4,10,8.8
user_000018,2026-11-26,43.6,1212,81,141,36,14,5,5410,Legs,5,9,6.6
user_000018,2026-11-27,43.6,1465,94,171,45,50,1,13042,Rest,,,6.9
user_000019,2026-07-01,51.4,1871,97,238,59,4,5,5810,Push,1,12,6.3
user_000019,2026-07-02,51.4,1839,98,256,47,0,1,17590,Pull,5,17,7.7
user_000019,2026-07-03,51.2,2215,105,325,55,33,4,9107,Rest,,,8.2
user_000019,2026-07-04,51.4,1907,98,255,55,49,1,11124,Upper,3,10,7.8
user_000019,2026-07-05,51.4,1592,103,178,52,32,2,6030,Pull,1,13,5.8
user_000019,2026-07-06,51.7,2238,108,285,74,55,3,12759,Push,3,15,7.9
user_000019,2026-07-07,51.4,2081,110,300,49,41,4,9749,Upper,3,14,7.3
user_000019,2026-07-08,51.4,1938,99,246,62,17,3,10855,Pull,4,17,6.9
user_000019,2026-07-09,51.2,1889,85,277,49,1,3,16855,Legs,0,19,5.5
user_000019,2026-07-10,51.1,1880,95,267,48,4,4,16335,Upper,0,14,6.9
user_000019,2026-07-11,51.1,1942,86,296,46,32,2,5844,Legs,1,13,6.1
user_000019,2026-07-12,51.4,1990,97,279,54,23,3,12972,Upper,0,9,7.0
user_000019,2026-07-13,51.3,1968,111,273,48,26,5,13879,Pull,1,17,8.6
user_000019,2026-07-14,51.5,1700,96,239,40,11,5,4515,Push,0,15,6.4
user_000019,2026-07-15,51.7,2230,98,302,70,49,5,11384,Upper,3,17,8.8
user_000019,2026-07-16,51.6,1871,86,267,51,9,4,10526,Rest,,,7.8
user_000019,2026-07-17,51.5,1998,105,255,62,22,3,16332,Legs,4,14,6.8
user_000019,2026-07-18,51.3,1588,99,181,52,38,4,3892,Legs,1,6,8.8
user_000019,2026-07-19,51.1,2119,104,320,47,39,3,5207,Legs,2,6,9.0
user_000019,2026-07-20,50.8,2313,83,322,77,39,4,15079,Upper,2,8,8.6
user_000019,2026-07-21,50.6,2336,91,349,64,44,4,16872,Upper,3,9,8.2
user_000019,2026-07-22,50.5,1700,108,209,48,12,2,6937,Upper,4,9,6.8
user_000019,2026-07-23,50.3,1688,96,218,48,26,2,5861,Push,1,6,6.2
user_000019,2026-07-24,50.4,1950,81,276,58,20,1,9230,Pull,2,16,6.6
user_000019,2026-07-25,50.3,1624,91,207,48,30,2,4736,Pull,5,16,7.5
user_000019,2026-07-26,50.4,1819,98,233,55,0,2,16073,Rest,,,6.5
user_000019,2026-07-27,50.6,1548,100,179,48,8,2,4220,Legs,0,11,6.3
user_000019,2026-07-28,50.6,2275,102,352,51,34,5,8204,Push,3,8,8.7
user_000019,2026-07-29,50.4,1872,105,255,48,49,4,4007,Push,1,7,7.0
user_000019,2026-07-30,50.2,2520,96,399,60,55,5,14697,Upper,2,17,8.3
user_000019,2026-07-31,50.5,1800,80,280,40,5,5,8000,Push,4,10,8.5
user_000019,2026-08-01,50.3,2369,83,336,77,26,4,15613,Upper,4,12,6.4
user_000019,2026-08-02,49.9,1851,88,242,59,25,4,16179,Pull,0,12,7.9
user_000019,2026-08-03,49.9,1724,89,252,40,40,2,3323,Upper,5,15,7.6
user_000019,2026-08-04,49.9,2003,84,284,59,9,2,17324,Legs,0,11,7.1
user_000019,2026-08-05,49.6,1685,108,212,45,1,1,11935,Pull,5,14,7.3
user_000019,2026-08-06,49.4,1105,106,114,25,37,2,4036,Pull,5,17,7.5
user_000019,2026-08-07,49.2,1301,101,150,33,45,1,4974,Rest,,,8.3
user_000019,2026-08-08,49.5,1606,89,209,46,40,1,3260,Push,5,19,6.4
user_000019,2026-08-09,49.7,1390,103,168,34,7,4,7278,Push,3,14,7.7
user_000019,2026-08-10,49.7,1516,104,185,40,48,1,11317,Upper,2,8,5.9
user_000019,2026-08-11,49.5,1509,79,206,41,36,3,12939,Push,1,7,5.8
user_000019,2026-08-12,49.6,1863,86,256,55,31,5,7711,Legs,4,8,7.3
user_000019,2026-08-13,49.8,1601,91,199,49,40,4,9585,Push,3,8,7.1
user_000019,2026-08-14,49.9,1304,81,164,36,0,2,8362,Upper,1,19,8.4
user_000019,2026-08-15,49.8,1596,85,224,40,29,4,7498,Push,5,8,8.6
user_000019,2026-08-16,49.8,1549,87,208,41,2,3,15547,Push,4,11,7.2
user_000019,2026-08-17,50.0,1365,92,157,41,15,3,6193,Push,5,10,7.1
user_000019,2026-08-18,49.9,1492,94,171,48,21,4,11805,Upper,0,9,6.1
user_000019,2026-08-19,49.9,1263,101,127,39,8,1,6492,Push,1,20,5.6
user_000019,2026-08-20,49.7,1827,98,226,59,14,5,17243,Legs,2,20,7.7
user_000019,2026-08-21,49.5,2162,81,320,62,51,5,12059,Push,1,18,5.7
user_000019,2026-08-22,49.3,1727,105,230,43,6,1,8582,Legs,2,17,8.4
user_000019,2026-08-23,49.4,2144,99,320,52,59,5,15052,Legs,2,6,6.1
user_000019,2026-08-24,49.4,1287,108,135,35,13,1,7802,Rest,,,6.1
user_000019,2026-08-25,49.6,1557,99,207,37,35,3,5174,Rest,,,8.0
user_000019,2026-08-26,49.7,1508,94,175,48,27,3,5717,Push,4,7,7.9
user_000019,2026-08-27,49.4,2156,90,296,68,47,5,7189,Push,5,7,8.4
user_000019,2026-08-28,49.6,1668,94,233,40,34,3,7767,Legs,3,6,7.9
user_000019,2026-08-29,49.7,2005,84,307,49,44,5,10039,Legs,4,15,7.5
user_000019,2026-08-30,49.5,1340,97,148,40,8,5,6382,Upper,3,7,6.2
user_000019,2026-08-31,49.2,2267,91,343,59,56,5,16389,Legs,4,8,7.5
user_000019,2026-09-01,49.4,1236,82,164,28,20,3,4415,Rest,,,7.1
user_000019,2026-09-02,49.3,1585,87,226,37,57,1,11672,Push,4,13,7.6
user_000019,2026-09-03,49.4,1599,104,208,39,60,2,4828,Push,0,6,7.8
user_000019,2026-09-04,49.4,1514,94,190,42,25,4,4254,Upper,3,6,6.5
user_000019,2026-09-05,49.6,1809,89,235,57,17,5,9569,Legs,4,6,8.3
user_000019,2026-09-06,49.5,1716,97,242,40,58,2,13702,Rest,,,8.8
user_000019,2026-09-07,49.2,1652,106,190,52,43,2,7810,Push,5,9,7.0
user_000019,2026-09-08,49.0,1627,82,219,47,51,1,13084,Rest,,,7.3
user_000019,2026-09-09,49.1,2171,94,289,71,33,5,16192,Pull,3,13,6.4
user_000019,2026-09-10,48.9,1651,79,246,39,8,4,16883,Rest,,,5.9
user_000019,2026-09-11,48.9,1388,86,162,44,19,2,5960,Legs,1,17,7.2
user_000019,2026-09-12,48.8,1267,82,156,35,6,1,13894,Rest,,,6.0
user_000019,2026-09-13,48.6,1703,86,216,55,40,4,14861,Upper,5,15,7.3
user_000019,2026-09-14,48.8,1319,80,180,31,3,1,10799,Legs,3,15,6.7
user_000019,2026-09-15,48.9,1290,100,155,30,8,1,4931,Rest,,,7.2
user_000019,2026-09-16,49.0,1861,96,241,57,58,4,10886,Pull,4,6,5.9
user_000019,2026-09-17,49.0,1659,80,220,51,5,5,16869,Upper,2,10,6.0
user_000019,2026-09-18,49.2,1334,97,169,30,43,1,4100,Pull,5,8,6.5
user_000019,2026-09-19,49.3,1413,97,164,41,30,3,4202,Rest,,,8.3
user_000019,2026-09-20,49.4,1866,97,239,58,44,5,4375,Pull,3,7,6.9
user_000019,2026-09-21,49.4,1130,105,119,26,2,3,6907,Legs,5,13,7.0
user_000019,2026-09-22,49.3,1299,98,157,31,5,5,4854,Legs,5,9,6.9
user_000019,2026-09-23,49.2,1365,91,158,41,10,5,7103,Upper,1,11,7.1
user_000019,2026-09-24,49.0,1260,99,126,40,23,1,4278,Pull,4,19,6.8
user_000019,2026-09-25,49.2,1779,86,253,47,36,4,16990,Push,4,15,6.2
user_000019,2026-09-26,49.0,1396,78,181,40,6,1,16758,Rest,,,6.5
user_000019,2026-09-27,48.9,1515,91,209,35,17,1,17091,Upper,3,7,7.3
user_000019,2026-09-28,48.6,1619,86,213,47,51,4,3726,Upper,5,9,6.0
user_000019,2026-09-29,48.9,1665,86,211,53,5,4,16008,Pull,5,10,6.8
user_000019,2026-09-30,48.5,1134,81,126,34,7,1,14849,Legs,2,7,7.9
user_000019,2026-10-01,48.2,1581,83,202,49,52,5,3478,Pull,1,12,7.8
user_000019,2026-10-02,48.2,2145,80,301,69,56,5,16312,Rest,,,6.9
user_000019,2026-10-03,48.4,1504,80,215,36,43,4,6697,Legs,0,19,7.2
user_000019,2026-10-04,48.3,1237,79,147,37,50,1,3211,Legs,5,9,6.1
user_000019,2026-10-05,48.5,1500,93,174,48,53,1,16796,Pull,0,16,7.8
user_000019,2026-10-06,48.4,1067,82,115,31,4,2,7546,Pull,2,11,7.7
user_000019,2026-10-07,48.5,1525,97,174,49,24,4,8967,Legs,3,10,6.4
user_000019,2026-10-08,48.5,1064,104,90,32,10,3,4096,Pull,5,14,7.3
user_000019,2026-10-09,48.5,1883,94,262,51,16,5,17470,Push,0,10,5.9
user_000019,2026-10-10,48.5,1492,89,194,40,35,1,15141,Push,0,13,7.4
user_000019,2026-10-11,48.6,1645,79,249,37,31,2,15134,Rest,,,6.9
user_000019,2026-10-12,48.5,1671,78,225,51,39,2,10789,Rest,,,6.3
user_000019,2026-10-13,48.3,1066,102,106,26,10,1,6285,Legs,3,20,8.4
user_000019,2026-10-14,48.2,1612,102,211,40,36,3,12077,Push,0,12,7.2
user_000019,2026-10-15,48.4,1248,89,160,28,10,1,10901,Rest,,,7.4
user_000019,2026-10-16,48.2,1751,103,238,43,39,4,6687,Rest,,,6.0
user_000019,2026-10-17,48.3,1536,90,186,48,30,5,5046,Upper,5,17,7.0
user_000019,2026-10-18,48.1,1724,105,200,56,51,3,14101,Pull,0,18,6.6
user_000019,2026-10-19,48.4,1235,97,124,39,5,2,6211,Upper,4,13,5.8
user_000019,2026-10-20,48.1,1298,96,134,42,34,4,3777,Rest,,,8.9
user_000019,2026-10-21,47.8,1166,92,114,38,34,1,5175,Pull,3,8,7.5
user_000019,2026-10-22,48.0,1380,77,169,44,15,3,13642,Rest,,,7.6
user_000019,2026-10-23,48.3,2161,88,297,69,58,4,8960,Pull,0,7,5.8
user_000019,2026-10-24,48.1,1458,98,163,46,30,3,6670,Upper,1,9,8.4
user_000019,2026-10-25,47.9,1322,80,183,30,9,5,12737,Push,3,8,7.8
user_000019,2026-10-26,47.9,1666,84,247,38,59,3,5230,Rest,,,6.5
user_000019,2026-10-27,48.1,1407,82,182,39,5,2,9824,Pull,5,13,6.8
user_000019,2026-10-28,47.8,1561,82,198,49,44,1,14679,Legs,2,7,7.1
user_000019,2026-10-29,47.8,1389,90,165,41,12,5,15274,Pull,2,19,7.3
user_000019,2026-10-30,48.1,1655,83,216,51,41,2,16731,Legs,0,7,7.2
user_000019,2026-10-31,48.1,1266,84,165,30,24,4,5653,Legs,0,16,5.5
user_000019,2026-11-01,48.0,1334,103,136,42,34,5,6764,Upper,5,17,6.7
user_000019,2026-11-02,48.0,1131,87,126,31,11,1,5899,Legs,0,19,6.3
user_000019,2026-11-03,48.0,1732,95,221,52,44,2,9155,Rest,,,8.1
user_000019,2026-11-04,48.2,1097,77,132,29,18,2,4472,Pull,1,17,5.6
user_000019,2026-11-05,48.0,1466,87,194,38,5,5,9295,Rest,,,5.9
user_000019,2026-11-06,48.2,1628,76,214,52,30,3,13570,Push,0,10,6.9
user_000019,2026-11-07,48.3,1244,101,147,28,26,2,10488,Legs,0,10,7.1
user_000019,2026-11-08,48.2,1495,99,178,43,60,4,8967,Legs,4,9,7.0
user_000019,2026-11-09,48.4,1651,100,207,47,30,4,14917,Legs,5,10,8.9
user_000019,2026-11-10,48.4,1626,104,199,46,51,2,16824,Legs,3,18,6.0
user_000019,2026-11-11,48.5,1352,87,179,32,30,1,16054,Pull,3,14,8.9
user_000019,2026-11-12,48.6,1738,91,231,50,29,5,12996,Upper,2,7,7.5
user_000019,2026-11-13,48.8,1162,94,120,34,20,3,3577,Pull,4,16,6.8
user_000019,2026-11-14,48.9,1417,81,199,33,21,1,15641,Upper,5,15,6.3
user_000019,2026-11-15,48.7,1558,103,183,46,51,3,3802,Legs,5,20,6.1
user_000019,2026-11-16,48.8,2054,90,275,66,52,5,4377,Rest,,,8.7
user_000019,2026-11-17,48.7,1477,81,187,45,7,1,4531,Pull,4,16,6.1
user_000019,2026-11-18,48.8,2647,86,389,83,54,5,16256,Upper,4,9,5.6
user_000019,2026-11-19,48.8,2209,84,322,65,27,2,17441,Rest,,,6.9
user_000019,2026-11-20,48.7,2210,89,351,50,17,5,10477,Push,1,12,8.0
user_000019,2026-11-21,48.9,1762,87,223,58,14,1,4764,Rest,,,5.9
user_000019,2026-11-22,48.6,1797,92,265,41,33,2,10992,Rest,,,6.6
user_000019,2026-11-23,48.8,2179,78,352,51,36,5,6898,Upper,4,17,6.1
user_000019,2026-11-24,49.0,2064,101,298,52,30,1,15578,Upper,4,17,9.0
user_000019,2026-11-25,48.8,1958,102,248,62,16,4,11360,Rest,,,8.6
user_000019,2026-11-26,48.8,2006,100,280,54,28,2,16000,Upper,5,18,7.0
user_000019,2026-11-27,48.8,1898,106,256,50,36,2,14740,Upper,5,7,8.2
user_000020,2026-07-01,51.4,1186,96,133,30,33,1,17698,Legs,3,10,6.6
user_000020,2026-07-02,51.1,1163,110,111,31,1,2,8078,Legs,4,18,8.4
user_000020,2026-07-03,50.9,1346,88,154,42,43,5,3237,Rest,,,6.5
user_000020,2026-07-04,50.5,1112,92,114,32,46,2,12750,Rest,,,5.5
user_000020,2026-07-05,50.5,1449,109,161,41,46,3,11362,Pull,0,20,7.2
user_000020,2026-07-06,50.5,1261,90,142,37,43,1,5922,Legs,4,9,5.7
user_000020,2026-07-07,50.5,1081,91,123,25,29,1,6663,Pull,2,10,8.4
user_000020,2026-07-08,50.4,1267,87,160,31,32,1,14584,Push,0,11,8.1
user_000020,2026-07-09,50.2,1173,86,142,29,24,2,7143,Upper,4,17,6.9
user_000020,2026-07-10,50.4,1081,105,100,29,58,1,3229,Push,2,19,5.6
user_000020,2026-07-11,50.1,2000,86,270,64,43,4,10975,Upper,2,11,8.7
user_000020,2026-07-12,50.2,1287,104,148,31,49,2,4265,Legs,4,15,7.2
user_000020,2026-07-13,50.3,1498,89,191,42,34,4,10590,Upper,1,13,8.2
user_000020,2026-07-14,50.1,1117,88,108,37,4,1,5629,Upper,1,20,6.9
user_000020,2026-07-15,50.1,1817,87,266,45,36,5,9671,Push,1,12,6.9
user_000020,2026-07-16,49.7,1786,103,213,58,59,4,13675,Rest,,,8.6
user_000020,2026-07-17,49.7,1152,87,120,36,6,5,10738,Upper,4,9,8.0
user_000020,2026-07-18,49.7,1402,92,164,42,41,4,9409,Push,0,11,6.4
user_000020,2026-07-19,49.8,1122,85,137,26,17,1,3580,Legs,3,9,6.2
user_000020,2026-07-20,49.5,1412,105,158,40,21,5,13761,Legs,1,9,8.3
user_000020,2026-07-21,49.2,1213,87,133,37,23,2,5488,Legs,1,11,6.9
user_000020,2026-07-22,49.0,1287,80,154,39,34,1,13520,Push,3,10,6.8
user_000020,2026-07-23,48.8,1639,84,211,51,43,5,8630,Pull,1,10,5.7
user_000020,2026-07-24,48.4,1067,101,96,31,5,1,12724,Rest,,,7.1
user_000020,2026-07-25,48.4,1421,91,163,45,8,1,15794,Pull,1,20,7.3
user_000020,2026-07-26,48.4,1536,79,197,48,33,5,10472,Push,1,19,8.5
user_000020,2026-07-27,48.3,1402,90,157,46,43,5,5506,Pull,5,10,7.5
user_000020,2026-07-28,48.5,1731,83,262,39,47,5,11614,Push,2,18,8.0
user_000020,2026-07-29,48.8,1695,97,230,43,54,1,17122,Upper,0,17,5.8
user_000020,2026-07-30,48.5,1521,106,182,41,31,2,16984,Pull,3,8,7.3
user_000020,2026-07-31,48.4,1371,106,158,35,8,3,9969,Upper,4,7,6.1
user_000020,2026-08-01,48.5,1175,78,155,27,26,1,14234,Upper,1,10,7.8
user_000020,2026-08-02,48.6,1063,98,98,31,28,2,8386,Upper,4,11,8.1
user_000020,2026-08-03,48.8,1128,103,116,28,38,1,7278,Push,3,20,6.0
user_000020,2026-08-04,48.6,1662,104,190,54,32,4,12166,Rest,,,8.1
user_000020,2026-08-05,48.4,1658,84,209,54,43,2,10672,Pull,1,8,8.5
user_000020,2026-08-06,48.2,1416,87,168,44,37,3,3130,Legs,1,10,8.2
user_000020,2026-08-07,48.4,1703,81,221,55,19,4,17336,Rest,,,6.4
user_000020,2026-08-08,48.1,1064,84,119,28,17,1,3923,Push,2,15,8.1
user_000020,2026-08-09,48.4,1765,80,269,41,55,2,12534,Pull,1,6,7.8
user_000020,2026-08-10,48.3,2057,86,282,65,58,4,11489,Upper,0,12,5.7
user_000020,2026-08-11,48.3,1674,92,205,54,18,4,17281,Legs,1,8,8.7
user_000020,2026-08-12,48.4,1529,85,187,49,10,3,15675,Legs,0,8,8.5
user_000020,2026-08-13,48.6,1367,82,181,35,22,1,5241,Pull,0,7,6.9
user_000020,2026-08-14,48.3,1736,103,214,52,10,5,17453,Push,5,18,7.3
user_000020,2026-08-15,48.1,1643,97,226,39,56,3,8826,Push,1,9,7.1
user_000020,2026-08-16,47.9,1517,85,211,37,10,4,13838,Push,3,18,6.8
user_000020,2026-08-17,48.0,1204,89,149,28,8,2,8144,Push,4,20,7.1
user_000020,2026-08-18,47.9,1324,95,146,40,29,1,8537,Pull,2,8,8.5
user_000020,2026-08-19,47.9,1703,81,248,43,50,3,5701,Rest,,,5.6
user_000020,2026-08-20,48.0,1417,104,176,33,39,1,5433,Pull,0,16,7.3
user_000020,2026-08-21,47.8,1648,88,234,40,1,1,17437,Pull,0,7,8.6
user_000020,2026-08-22,47.9,1433,83,192,37,3,5,11084,Rest,,,8.8
user_000020,2026-08-23,47.7,1820,104,225,56,51,3,9582,Legs,5,16,5.6
user_000020,2026-08-24,47.6,1264,76,150,40,6,3,5169,Rest,,,6.3
user_000020,2026-08-25,47.8,1688,91,232,44,60,3,10552,Rest,,,6.9
user_000020,2026-08-26,47.8,1949,83,303,45,39,3,15685,Pull,3,20,6.9
user_000020,2026-08-27,47.8,1422,86,175,42,46,2,3919,Upper,4,10,9.0
user_000020,2026-08-28,47.6,1457,91,172,45,29,2,5218,Pull,0,15,6.8
user_000020,2026-08-29,47.7,1270,98,125,42,2,2,4739,Legs,3,15,8.7
user_000020,2026-08-30,47.6,1905,86,253,61,37,4,7041,Legs,5,13,8.3
user_000020,2026-08-31,47.4,1412,90,191,32,26,1,8097,Pull,0,20,7.0
user_000020,2026-09-01,47.5,1721,96,215,53,41,1,13976,Rest,,,6.6
user_000020,2026-09-02,47.7,1600,97,195,48,42,3,13573,Upper,0,11,6.3
user_000020,2026-09-03,47.6,1741,98,227,49,16,2,15455,Upper,3,13,6.4
user_000020,2026-09-04,47.4,1904,83,285,48,53,5,10959,Legs,3,14,6.1
user_000020,2026-09-05,47.2,2027,97,304,47,35,3,16075,Legs,0,6,6.2
user_000020,2026-09-06,47.2,1700,83,234,48,45,1,10855,Upper,0,8,8.7
user_000020,2026-09-07,47.1,1786,99,226,54,17,3,8894,Legs,2,17,9.0
user_000020,2026-09-08,46.9,1472,94,193,36,10,3,17497,Upper,4,20,7.7
user_000020,2026-09-09,46.7,1833,79,260,53,40,2,11794,Rest,,,6.6
user_000020,2026-09-10,47.0,1389,76,179,41,5,4,13871,Push,1,13,6.8
user_000020,2026-09-11,46.7,1572,82,203,48,20,3,13226,Pull,3,20,6.1
user_000020,2026-09-12,46.5,1436,85,193,36,17,1,16441,Pull,2,9,5.8
user_000020,2026-09-13,46.7,1829,92,237,57,34,5,15118,Push,0,6,6.3
user_000020,2026-09-14,46.4,1508,87,191,44,31,3,7931,Pull,2,20,5.5
user_000020,2026-09-15,46.2,1519,97,195,39,8,2,6962,Rest,,,8.6
user_000020,2026-09-16,46.0,1476,89,190,40,42,2,5058,Upper,4,12,6.6
user_000020,2026-09-17,46.0,1661,88,235,41,57,1,11072,Pull,0,6,8.8
user_000020,2026-09-18,46.1,1597,99,208,41,23,4,9548,Rest,,,7.9
user_000020,2026-09-19,46.2,1434,88,167,46,43,4,6124,Upper,3,11,9.0
user_000020,2026-09-20,46.4,1317,80,166,37,8,1,6393,Rest,,,8.7
user_000020,2026-09-21,46.6,1659,83,217,51,29,3,9806,Upper,4,14,6.7
user_000020,2026-09-22,46.4,1657,82,249,37,37,2,8793,Legs,0,19,8.8
user_000020,2026-09-23,46.3,1971,80,298,51,53,1,17566,Pull,5,8,7.4
user_000020,2026-09-24,46.4,1231,80,140,39,33,2,15528,Push,5,16,6.5
user_000020,2026-09-25,46.1,1263,83,145,39,34,1,4854,Legs,0,9,7.7
user_000020,2026-09-26,46.2,1386,83,187,34,27,3,7658,Upper,0,6,6.5
user_000020,2026-09-27,46.0,1764,77,265,44,55,3,11801,Upper,5,8,7.1
user_000020,2026-09-28,45.8,1616,75,239,40,15,1,9513,Push,0,8,8.2
user_000020,2026-09-29,45.6,1401,73,194,37,13,1,14192,Pull,3,18,6.9
user_000020,2026-09-30,45.4,1722,75,243,50,55,1,17616,Upper,1,11,6.2
user_000020,2026-10-01,45.5,1554,95,190,46,46,2,4059,Upper,4,9,5.8
user_000020,2026-10-02,45.8,1903,90,280,47,17,3,16796,Push,3,16,7.7
user_000020,2026-10-03,46.0,1487,95,180,43,4,3,10183,Legs,0,10,6.7
user_000020,2026-10-04,46.2,1685,89,240,41,40,4,11810,Rest,,,5.7
user_000020,2026-10-05,46.0,1236,100,128,36,2,5,4573,Rest,,,8.7
user_000020,2026-10-06,46.1,2109,100,317,49,51,4,17702,Push,5,13,8.3
user_000020,2026-10-07,46.1,1319,95,138,43,13,2,14323,Legs,5,16,8.7
user_000020,2026-10-08,46.0,1658,92,201,54,1,2,15307,Pull,4,20,7.5
user_000020,2026-10-09,46.3,1736,101,216,52,20,2,17942,Legs,1,13,8.8
user_000020,2026-10-10,46.3,1701,84,240,45,59,4,8041,Push,0,16,6.3
user_000020,2026-10-11,46.6,1706,77,255,42,7,4,14334,Upper,0,16,6.0
user_000020,2026-10-12,46.8,1145,91,139,25,15,2,6401,Upper,2,14,8.4
user_000020,2026-10-13,46.7,1490,76,193,46,7,1,16777,Legs,4,18,5.9
user_000020,2026-10-14,46.3,1666,88,225,46,51,4,8605,Legs,4,17,8.2
user_000020,2026-10-15,46.1,1793,98,240,49,19,4,8849,Pull,0,20,6.9
user_000020,2026-10-16,46.0,1269,81,171,29,0,3,8285,Pull,2,20,8.5
user_000020,2026-10-17,46.2,1205,93,134,33,46,1,5365,Upper,2,18,6.3
user_000020,2026-10-18,46.3,1633,85,231,41,19,5,11322,Upper,0,12,7.1
user_000020,2026-10-19,46.3,1791,82,242,55,19,4,12165,Legs,4,9,6.9
user_000020,2026-10-20,46.5,1278,82,170,30,10,2,13713,Push,0,7,7.8
user_000020,2026-10-21,46.5,1501,85,207,37,3,5,6999,Push,0,12,6.6
user_000020,2026-10-22,46.4,1143,82,143,27,18,4,10775,Push,0,11,5.7
user_000020,2026-10-23,46.5,1282,98,137,38,27,1,3404,Push,5,19,6.6
user_000020,2026-10-24,46.8,1660,93,214,48,8,5,4435,Push,1,15,6.9
user_000020,2026-10-25,47.0,1472,96,164,48,30,1,11767,Legs,3,18,5.7
user_000020,2026-10-26,47.2,1944,102,258,56,33,5,12660,Upper,2,11,7.2
user_000020,2026-10-27,46.9,1753,87,223,57,46,5,14865,Push,5,13,8.7
user_000020,2026-10-28,46.8,1982,77,279,62,47,4,6180,Rest,,,6.2
user_000020,2026-10-29,46.6,1457,87,176,45,56,3,3156,Rest,,,7.9
user_000020,2026-10-30,46.4,1469,84,182,45,45,1,17243,Legs,1,7,5.7
user_000020,2026-10-31,46.1,1452,80,193,40,38,1,11859,Pull,1,11,7.2
user_000020,2026-11-01,46.3,1355,83,186,31,14,5,5894,Upper,5,13,6.2
user_000020,2026-11-02,46.4,1913,82,268,57,53,5,12992,Pull,3,14,6.4
user_000020,2026-11-03,46.4,1889,95,249,57,52,5,6329,Push,1,8,6.7
user_000020,2026-11-04,46.6,1261,95,128,41,37,4,6029,Rest,,,5.8
user_000020,2026-11-05,46.7,1500,78,189,48,60,1,14177,Rest,,,8.8
user_000020,2026-11-06,46.8,1422,101,160,42,17,2,11893,Upper,0,20,6.7
user_000020,2026-11-07,46.7,1647,89,226,43,60,3,13069,Rest,,,8.3
user_000020,2026-11-08,46.7,1268,97,148,32,14,4,3025,Rest,,,8.0
user_000020,2026-11-09,46.7,2154,97,329,50,53,4,17485,Upper,1,19,6.9
user_000020,2026-11-10,46.9,1570,86,212,42,16,4,15251,Legs,5,11,6.8
user_000020,2026-11-11,46.8,1760,95,219,56,48,4,15437,Rest,,,8.7
user_000020,2026-11-12,46.7,1443,77,196,39,15,1,13713,Pull,2,8,7.2
user_000020,2026-11-13,46.5,1439,95,159,47,49,2,5856,Push,0,14,8.2
user_000020,2026-11-14,46.2,1540,99,187,44,38,2,14822,Upper,3,13,7.3
user_000020,2026-11-15,46.4,1395,101,178,31,28,2,6793,Pull,0,9,6.5
user_000020,2026-11-16,46.5,1867,74,296,43,58,1,14597,Rest,,,6.4
user_000020,2026-11-17,46.2,1682,88,229,46,33,5,10607,Push,3,10,7.2
user_000020,2026-11-18,46.5,1595,87,197,51,54,4,9247,Upper,0,10,6.7
user_000020,2026-11-19,46.6,1593,74,214,49,31,2,7991,Upper,2,17,9.0
user_000020,2026-11-20,46.6,1637,98,201,49,51,1,14611,Push,3,16,7.3
user_000020,2026-11-21,46.6,2122,101,281,66,57,5,17566,Legs,5,12,7.8
user_000020,2026-11-22,46.6,1551,81,210,43,7,1,14402,Upper,3,20,8.3
user_000020,2026-11-23,46.5,1633,89,227,41,12,4,9950,Rest,,,6.4
user_000020,2026-11-24,46.7,1280,99,140,36,6,1,7431,Upper,4,7,7.1
user_000020,2026-11-25,46.8,1688,96,236,40,43,3,7947,Push,0,9,7.1
user_000020,2026-11-26,46.8,1833,79,260,53,41,4,17248,Rest,,,8.3
user_000020,2026-11-27,46.9,1422,80,190,38,25,1,7436,Rest,,,8.7
user_000021,2026-07-01,51.3,1170,96,120,34,41,1,7605,Pull,4,8,6.7
user_000021,2026-07-02,51.1,1532,110,174,44,22,1,15968,Pull,4,13,8.2
user_000021,2026-07-03,51.1,1111,109,90,35,1,1,12336,Legs,1,16,7.1
user_000021,2026-07-04,51.2,1645,108,220,37,45,3,10312,Upper,3,8,5.9
user_000021,2026-07-05,51.4,1583,90,209,43,1,1,17806,Pull,0,13,7.1
user_000021,2026-07-06,51.3,1504,108,187,36,29,4,3366,Legs,1,12,6.8
user_000021,2026-07-07,51.2,1089,101,115,25,8,2,11873,Rest,,,8.7
user_000021,2026-07-08,50.9,1223,110,108,39,12,3,14432,Push,1,19,6.8
user_000021,2026-07-09,51.1,1412,95,159,44,38,3,16680,Push,2,20,7.5
user_000021,2026-07-10,50.8,1181,89,141,29,6,5,5351,Upper,5,14,8.5
user_000021,2026-07-11,51.0,1083,109,101,27,6,3,3097,Push,1,13,7.3
user_000021,2026-07-12,50.8,1201,89,128,37,13,1,16286,Rest,,,6.7
user_000021,2026-07-13,50.6,1230,107,124,34,27,3,7461,Push,4,20,7.0
user_000021,2026-07-14,50.7,1108,93,130,24,15,5,9627,Push,0,7,8.2
user_000021,2026-07-15,50.5,1850,107,243,50,34,4,14752,Rest,,,8.3
user_000021,2026-07-16,50.5,1371,99,174,31,18,4,17769,Legs,3,9,7.7
user_000021,2026-07-17,50.4,1678,87,238,42,9,2,15619,Push,1,7,7.5
user_000021,2026-07-18,50.6,1869,84,255,57,54,4,14715,Upper,3,18,7.2
user_000021,2026-07-19,50.6,1335,90,165,35,20,1,7924,Pull,1,15,8.8
user_000021,2026-07-20,50.6,1082,108,95,30,14,2,6311,Pull,4,14,7.5
user_000021,2026-07-21,50.8,1374,93,165,38,42,4,3387,Legs,0,11,6.9
user_000021,2026-07-22,50.9,1228,104,131,32,8,2,3234,Push,2,15,5.6
user_000021,2026-07-23,51.0,1442,84,191,38,7,5,11127,Upper,0,8,7.2
user_000021,2026-07-24,50.7,1616,102,194,48,58,4,4347,Rest,,,7.4
user_000021,2026-07-25,50.8,1440,96,183,36,39,1,14543,Pull,5,18,6.8
user_000021,2026-07-26,50.7,1952,107,282,44,57,4,17708,Upper,4,19,6.5
user_000021,2026-07-27,50.4,1194,91,122,38,10,3,9215,Push,1,16,8.8
user_000021,2026-07-28,50.5,1170,90,144,26,1,5,11785,Legs,0,8,8.2
user_000021,2026-07-29,50.4,1490,107,189,34,32,3,11316,Pull,2,6,8.0
user_000021,2026-07-30,50.6,1310,84,167,34,49,1,9510,Legs,4,11,8.5
user_000021,2026-07-31,50.3,1341,93,150,41,28,5,6451,Rest,,,6.7
user_000021,2026-08-01,50.2,1279,105,127,39,18,3,10481,Upper,3,17,6.9
user_000021,2026-08-02,50.5,2263,102,322,63,13,4,4781,Pull,2,8,8.4
user_000021,2026-08-03,50.8,1998,92,295,50,10,3,13247,Pull,0,9,7.2
user_000021,2026-08-04,50.5,1876,93,259,52,8,5,10880,Legs,3,12,5.5
user_000021,2026-08-05,50.5,2177,84,350,49,23,4,4259,Upper,2,19,5.6
user_000021,2026-08-06,50.8,2105,86,330,49,26,2,15710,Pull,0,14,6.2
user_000021,2026-08-07,50.6,2269,84,355,57,34,4,4524,Pull,2,10,8.0
user_000021,2026-08-08,50.6,2222,98,300,70,24,3,11698,Pull,2,10,6.8
user_000021,2026-08-09,50.7,2114,84,323,54,45,5,4281,Legs,4,6,8.8
user_000021,2026-08-10,50.9,2480,92,348,80,56,4,6416,Rest,,,6.3
user_000021,2026-08-11,51.1,2485,91,366,73,43,4,9929,Legs,2,9,6.6
user_000021,2026-08-12,51.4,2218,89,317,66,59,2,7773,Rest,,,6.8
user_000021,2026-08-13,51.4,2182,85,303,70,3,1,7011,Legs,0,9,6.8
user_000021,2026-08-14,51.1,1707,109,194,55,5,2,6571,Rest,,,7.8
user_000021,2026-08-15,51.2,2356,106,357,56,42,4,14674,Pull,1,15,5.8
user_000021,2026-08-16,51.2,2259,85,347,59,50,3,6181,Rest,,,8.9
user_000021,2026-08-17,51.5,2237,87,317,69,28,1,8499,Upper,1,17,8.8
user_000021,2026-08-18,51.3,2137,109,315,49,42,2,11855,Push,0,7,8.9
user_000021,2026-08-19,51.4,2420,82,370,68,47,3,6479,Rest,,,6.2
user_000021,2026-08-20,51.6,2416,84,376,64,54,3,15048,Push,0,15,8.4
user_000021,2026-08-21,51.5,2425,111,349,65,45,5,15755,Rest,,,7.7
user_000021,2026-08-22,51.7,2483,91,397,59,59,1,16514,Rest,,,7.8
user_000021,2026-08-23,51.6,1813,85,258,49,17,4,8121,Rest,,,8.1
user_000021,2026-08-24,51.8,2869,84,478,69,29,5,15928,Rest,,,7.3
user_000021,2026-08-25,51.8,2091,85,296,63,26,1,17860,Legs,0,15,5.7
user_000021,2026-08-26,51.9,2239,91,309,71,23,2,7348,Pull,4,15,5.9
user_000021,2026-08-27,51.8,1604,106,205,40,6,2,3980,Rest,,,6.7
user_000021,2026-08-28,52.1,2134,103,300,58,16,2,15822,Rest,,,5.7
user_000021,2026-08-29,52.2,2318,87,344,66,57,2,15995,Rest,,,6.2
user_000021,2026-08-30,52.1,2290,84,331,70,58,3,14670,Push,4,8,5.7
user_000021,2026-08-31,52.1,2373,101,355,61,10,2,12348,Push,2,14,5.9
user_000021,2026-09-01,51.9,2684,109,364,88,49,5,15656,Legs,0,10,6.8
user_000021,2026-09-02,52.0,1975,83,269,63,60,2,6671,Legs,5,12,7.5
user_000021,2026-09-03,52.0,2469,95,340,81,56,3,14105,Pull,0,9,7.8
user_000021,2026-09-04,52.2,2518,93,379,70,33,5,6514,Upper,4,8,7.6
user_000021,2026-09-05,52.4,1849,99,226,61,40,1,7832,Rest,,,7.5
user_000021,2026-09-06,52.7,1897,87,268,53,16,3,3481,Push,0,18,7.1
user_000021,2026-09-07,52.9,2169,112,275,69,3,2,14881,Pull,2,17,7.7
user_000021,2026-09-08,52.7,2366,103,313,78,21,5,13306,Rest,,,5.6
user_000021,2026-09-09,52.5,2095,107,293,55,37,2,5336,Legs,0,18,7.0
user_000021,2026-09-10,52.4,2411,86,393,55,25,5,10977,Push,1,7,6.4
user_000021,2026-09-11,52.7,2308,102,313,72,28,1,12047,Rest,,,5.6
user_000021,2026-09-12,53.0,1865,106,232,57,0,5,3055,Upper,2,14,8.5
user_000021,2026-09-13,52.9,2179,89,305,67,42,2,12531,Upper,5,19,6.9
user_000021,2026-09-14,53.2,2097,105,291,57,41,3,3876,Pull,2,7,7.2
user_000021,2026-09-15,53.1,2051,91,280,63,32,3,9257,Pull,0,17,6.2
user_000021,2026-09-16,53.1,2136,99,282,68,28,2,8856,Push,3,16,5.9
user_000021,2026-09-17,53.4,2880,108,414,88,46,5,4484,Upper,5,17,6.0
user_000021,2026-09-18,53.3,1911,115,221,63,46,3,4148,Pull,4,20,7.6
user_000021,2026-09-19,53.7,2441,104,378,57,47,4,5096,Push,0,16,7.1
user_000021,2026-09-20,54.0,2252,88,349,56,34,3,7574,Upper,5,9,7.3
user_000021,2026-09-21,54.0,1945,104,245,61,60,1,3668,Pull,3,7,6.7
user_000021,2026-09-22,54.3,2454,86,379,66,35,4,6472,Upper,4,7,7.9
user_000021,2026-09-23,54.2,2045,112,280,53,37,4,7784,Legs,0,7,9.0
user_000021,2026-09-24,54.0,2535,104,370,71,25,5,4136,Upper,4,18,7.6
user_000021,2026-09-25,53.8,2445,106,368,61,51,3,11414,Push,0,15,6.7
user_000021,2026-09-26,53.7,2692,98,413,72,49,5,6652,Push,5,16,8.9
user_000021,2026-09-27,53.8,2578,110,350,82,53,5,7776,Pull,0,15,6.0
user_000021,2026-09-28,53.9,2320,99,337,64,13,1,12786,Rest,,,8.5
user_000021,2026-09-29,53.8,2380,90,352,68,45,2,9635,Pull,4,11,6.6
user_000021,2026-09-30,54.0,2107,100,312,51,51,3,6656,Push,1,13,7.1
user_000021,2026-10-01,54.3,2292,88,350,60,27,1,16950,Upper,2,14,8.5
user_000021,2026-10-02,54.4,1789,109,237,45,5,2,10961,Rest,,,7.8
user_000021,2026-10-03,54.2,2479,118,333,75,30,1,12510,Rest,,,7.9
user_000021,2026-10-04,54.2,2158,93,316,58,12,5,11144,Legs,4,20,8.4
user_000021,2026-10-05,54.0,2146,103,312,54,54,3,3967,Upper,2,12,6.0
user_000021,2026-10-06,53.9,2337,93,318,77,15,3,16326,Pull,3,9,7.5
user_000021,2026-10-07,53.9,1955,95,279,51,7,5,5026,Pull,5,11,6.2
user_000021,2026-10-08,53.7,1956,115,230,64,43,3,3988,Upper,5,12,9.0
user_000021,2026-10-09,53.8,2149,105,286,65,13,3,14411,Pull,5,20,6.3
user_000021,2026-10-10,53.7,2300,106,298,76,33,1,4680,Pull,0,15,6.1
user_000021,2026-10-11,53.8,2460,90,399,56,20,1,15830,Upper,4,19,8.9
user_000021,2026-10-12,53.8,2265,91,311,73,30,1,13425,Rest,,,8.0
user_000021,2026-10-13,54.0,2041,86,314,49,2,5,13492,Push,4,11,7.0
user_000021,2026-10-14,53.6,1510,115,177,38,38,5,7358,Legs,3,17,7.9
user_000021,2026-10-15,53.6,1397,109,148,41,37,1,12501,Push,1,11,7.2
user_000021,2026-10-16,53.8,1255,103,141,31,0,5,8619,Legs,2,9,6.4
user_000021,2026-10-17,53.9,1543,100,207,35,35,1,12369,Pull,2,17,6.7
user_000021,2026-10-18,53.6,1166,96,110,38,4,5,9411,Upper,3,12,7.5
user_000021,2026-10-19,53.4,1512,104,193,36,14,1,6878,Pull,5,15,6.7
user_000021,2026-10-20,53.4,1342,108,160,30,57,2,6037,Rest,,,6.7
user_000021,2026-10-21,53.3,1132,93,118,32,1,3,9904,Legs,4,8,6.8
user_000021,2026-10-22,52.9,1307,87,143,43,58,2,4688,Rest,,,6.9
user_000021,2026-10-23,52.7,1271,116,132,31,16,1,15271,Rest,,,6.2
user_000021,2026-10-24,52.6,1290,94,152,34,25,4,7632,Push,2,17,8.4
user_000021,2026-10-25,52.6,1907,99,281,43,46,5,17301,Upper,4,19,5.9
user_000021,2026-10-26,52.4,1190,87,143,30,7,2,9720,Rest,,,8.3
user_000021,2026-10-27,52.5,1238,95,129,38,14,2,15359,Push,0,19,6.4
user_000021,2026-10-28,52.5,1358,108,137,42,13,4,15508,Upper,0,13,5.9
user_000021,2026-10-29,52.4,1532,102,182,44,58,2,13218,Legs,2,14,7.4
user_000021,2026-10-30,52.1,1235,111,119,35,39,1,9991,Pull,5,16,8.5
user_000021,2026-10-31,51.8,1295,83,162,35,3,3,6954,Rest,,,5.9
user_000021,2026-11-01,51.6,1501,88,177,49,13,5,9173,Legs,1,9,7.9
user_000021,2026-11-02,51.3,1668,107,193,52,60,2,17392,Upper,4,19,8.8
user_000021,2026-11-03,51.3,1282,82,144,42,20,4,4192,Upper,0,20,5.9
user_000021,2026-11-04,51.4,1493,88,193,41,40,4,9794,Pull,1,15,7.1
user_000021,2026-11-05,51.4,1089,85,113,33,52,1,4970,Upper,3,15,7.9
user_000021,2026-11-06,51.2,1147,83,143,27,23,1,5542,Push,1,15,8.0
user_000021,2026-11-07,50.9,1518,92,211,34,2,5,13187,Rest,,,6.2
user_000021,2026-11-08,51.1,1250,103,133,34,55,2,5847,Upper,0,12,6.3
user_000021,2026-11-09,51.3,1269,110,115,41,7,2,14035,Rest,,,7.1
user_000021,2026-11-10,51.3,1887,107,259,47,48,4,12340,Legs,3,16,8.2
user_000021,2026-11-11,51.2,1395,93,159,43,44,1,14386,Pull,1,6,7.1
user_000021,2026-11-12,51.3,1479,108,156,47,20,4,16335,Pull,5,19,6.4
user_000021,2026-11-13,51.2,1452,91,182,40,16,4,8928,Legs,2,8,7.9
user_000021,2026-11-14,51.5,1470,85,179,46,23,1,12498,Legs,1,6,7.7
user_000021,2026-11-15,51.5,1273,92,134,41,11,1,11295,Pull,4,20,7.0
user_000021,2026-11-16,51.2,1251,92,142,35,14,4,6311,Pull,5,10,7.9
user_000021,2026-11-17,51.2,1284,94,146,36,45,3,3842,Upper,3,6,7.4
user_000021,2026-11-18,51.4,1632,93,216,44,32,1,16023,Legs,4,12,7.2
user_000021,2026-11-19,51.5,1511,87,212,35,16,4,6092,Upper,2,10,7.1
user_000021,2026-11-20,51.5,1276,107,122,40,51,1,11028,Rest,,,6.3
user_000021,2026-11-21,51.6,1707,110,229,39,19,5,15144,Legs,2,19,6.8
user_000021,2026-11-22,51.8,1884,86,259,56,60,5,4283,Pull,3,14,6.9
user_000021,2026-11-23,51.6,1605,83,226,41,43,1,14711,Push,0,11,6.3
user_000021,2026-11-24,51.5,1264,92,143,36,21,3,4906,Upper,4,9,7.0
user_000021,2026-11-25,51.2,1365,97,170,33,39,1,7537,Push,1,14,5.9
user_000021,2026-11-26,51.1,1606,97,192,50,3,5,8881,Legs,5,20,7.5
user_000021,2026-11-27,51.0,1424,106,151,44,37,2,16957,Push,4,18,8.6
user_000022,2026-07-01,51.5,1785,107,229,49,48,5,16186,Rest,,,8.8
user_000022,2026-07-02,51.3,1331,104,159,31,54,2,12427,Rest,,,8.8
user_000022,2026-07-03,51.0,1087,84,109,35,36,1,17523,Pull,0,12,8.9
user_000022,2026-07-04,50.7,1595,88,223,39,20,4,16696,Pull,1,18,7.3
user_000022,2026-07-05,50.5,1085,101,105,29,0,2,10190,Rest,,,7.3
user_000022,2026-07-06,50.2,1302,109,149,30,38,5,3128,Pull,5,7,8.4
user_000022,2026-07-07,50.1,1081,107,98,29,11,1,8477,Upper,5,15,8.4
user_000022,2026-07-08,50.3,1276,88,150,36,27,4,11384,Rest,,,6.6
user_000022,2026-07-09,50.3,1376,104,168,32,50,4,7954,Pull,4,18,7.3
user_000022,2026-07-10,50.4,1186,91,120,38,8,4,14780,Push,1,13,8.3
user_000022,2026-07-11,50.5,1080,89,127,24,14,1,14786,Legs,0,18,8.8
user_000022,2026-07-12,50.4,1244,103,127,36,37,3,3482,Legs,0,12,6.8
user_000022,2026-07-13,50.2,1514,96,188,42,53,4,7240,Rest,,,5.7
user_000022,2026-07-14,50.1,1559,101,183,47,50,5,6139,Push,0,12,8.0
user_000022,2026-07-15,49.8,1078,80,131,26,8,3,4060,Legs,0,6,6.1
user_000022,2026-07-16,49.9,1348,97,150,40,41,3,3393,Rest,,,6.6
user_000022,2026-07-17,49.9,1639,80,224,47,39,3,15477,Pull,1,10,6.0
user_000022,2026-07-18,49.5,1451,90,185,39,32,4,14320,Pull,4,7,8.0
user_000022,2026-07-19,49.6,1515,80,220,35,47,3,8502,Push,5,8,7.0
user_000022,2026-07-20,49.6,1278,88,146,38,2,5,11746,Rest,,,8.7
user_000022,2026-07-21,49.5,1438,94,171,42,30,3,15028,Push,0,7,9.0
user_000022,2026-07-22,49.7,1507,99,199,35,18,5,10390,Push,4,6,8.3
user_000022,2026-07-23,49.6,1151,83,126,35,11,2,15046,Pull,4,16,8.1
user_000022,2026-07-24,49.2,1201,83,152,29,52,1,10142,Pull,0,20,6.5
user_000022,2026-07-25,49.2,1071,86,103,35,40,1,10039,Push,5,20,7.6
user_000022,2026-07-26,49.3,1294,99,130,42,1,4,12358,Upper,1,8,8.3
user_000022,2026-07-27,49.5,1768,90,244,48,52,4,11848,Pull,4,17,7.5
user_000022,2026-07-28,49.2,1440,87,201,32,11,3,16597,Upper,0,19,7.6
user_000022,2026-07-29,49.4,1302,79,179,30,27,1,17292,Rest,,,8.5
user_000022,2026-07-30,49.0,1935,94,275,51,47,5,16576,Rest,,,7.8
user_000022,2026-07-31,49.1,1437,91,194,33,43,5,4094,Push,5,11,5.9
user_000022,2026-08-01,49.2,1149,81,141,29,15,3,10926,Legs,5,8,6.6
user_000022,2026-08-02,48.9,1477,101,194,33,32,3,11637,Push,2,10,7.9
user_000022,2026-08-03,48.6,1392,107,151,40,57,2,15685,Legs,3,7,8.7
user_000022,2026-08-04,48.4,1250,82,154,34,30,4,8947,Legs,5,17,6.3
user_000022,2026-08-05,48.4,1415,84,182,39,33,2,12427,Rest,,,5.5
user_000022,2026-08-06,48.1,1550,100,193,42,36,5,8908,Upper,4,9,8.5
user_000022,2026-08-07,47.8,1348,104,134,44,13,5,9317,Legs,2,13,7.9
user_000022,2026-08-08,47.9,1060,78,133,24,1,4,8806,Push,5,9,9.0
user_000022,2026-08-09,47.8,1059,85,110,31,26,2,5762,Legs,4,6,6.5
user_000022,2026-08-10,47.7,1262,76,163,34,9,1,6386,Legs,5,19,7.0
user_000022,2026-08-11,47.5,1140,103,101,36,34,2,12672,Upper,1,12,8.8
user_000022,2026-08-12,47.5,1058,101,87,34,2,4,3415,Legs,4,7,7.1
user_000022,2026-08-13,47.7,1599,76,209,51,60,4,4900,Upper,1,16,6.6
user_000022,2026-08-14,47.6,1589,101,204,41,55,4,4893,Upper,3,16,8.9
user_000022,2026-08-15,47.5,1452,89,184,40,23,5,14418,Legs,4,10,6.7
user_000022,2026-08-16,47.5,1106,93,116,30,1,5,7594,Legs,2,14,6.5
user_000022,2026-08-17,47.3,1058,101,87,34,43,2,8972,Upper,0,20,7.9
user_000022,2026-08-18,46.9,1105,100,111,29,4,1,11168,Rest,,,6.2
user_000022,2026-08-19,47.1,1926,98,271,50,22,4,16068,Push,1,15,5.5
user_000022,2026-08-20,47.1,1437,95,172,41,44,2,4435,Pull,4,10,7.3
user_000022,2026-08-21,47.1,1191,100,110,39,52,1,3734,Pull,0,16,7.9
user_000022,2026-08-22,46.9,2522,86,360,82,52,5,14724,Push,3,13,8.1
user_000022,2026-08-23,46.8,1598,84,221,42,46,3,16607,Rest,,,8.4
user_000022,2026-08-24,46.9,1326,99,147,38,11,1,12272,Push,3,19,8.7
user_000022,2026-08-25,47.2,1770,97,233,50,29,1,11138,Pull,3,16,7.6
user_000022,2026-08-26,47.3,1763,89,255,43,30,4,10447,Pull,5,13,5.7
user_000022,2026-08-27,47.3,1627,81,238,39,60,2,14844,Legs,5,16,7.2
user_000022,2026-08-28,47.4,1212,76,155,32,19,4,8136,Pull,2,17,7.5
user_000022,2026-08-29,47.2,1940,92,294,44,35,4,8922,Rest,,,7.4
user_000022,2026-08-30,47.4,1186,97,132,30,22,1,4800,Pull,2,10,8.2
user_000022,2026-08-31,47.2,1548,99,207,36,56,3,9947,Upper,5,17,8.1
user_000022,2026-09-01,47.0,1912,96,265,52,40,5,8348,Legs,2,14,8.0
user_000022,2026-09-02,47.1,1632,90,210,48,58,3,6810,Upper,1,20,7.8
user_000022,2026-09-03,47.0,1211,94,148,27,3,3,4114,Upper,1,20,8.6
user_000022,2026-09-04,46.7,2153,99,293,65,47,5,15129,Rest,,,6.9
user_000022,2026-09-05,47.0,1595,101,192,47,3,5,11311,Push,4,12,8.5
user_000022,2026-09-06,46.9,1930,82,270,58,51,4,14358,Legs,5,15,6.3
user_000022,2026-09-07,46.7,1608,75,237,40,7,1,10706,Push,4,10,5.9
user_000022,2026-09-08,46.6,1373,85,166,41,46,1,13142,Upper,4,18,5.8
user_000022,2026-09-09,46.4,1501,75,226,33,27,2,9298,Rest,,,8.9
user_000022,2026-09-10,46.6,1414,87,163,46,10,5,8014,Legs,0,14,5.7
user_000022,2026-09-11,46.5,1547,80,210,43,24,2,7615,Pull,2,14,6.6
user_000022,2026-09-12,46.2,1637,98,219,41,10,3,14585,Push,4,8,8.9
user_000022,2026-09-13,45.9,1346,89,180,30,26,2,6095,Push,5,10,7.3
user_000022,2026-09-14,46.1,1977,98,250,65,26,4,15882,Push,4,19,7.6
user_000022,2026-09-15,46.1,1382,94,157,42,1,4,6545,Rest,,,5.6
user_000022,2026-09-16,46.3,1992,91,281,56,36,3,14473,Legs,1,15,8.4
user_000022,2026-09-17,46.5,1849,93,277,41,41,5,9126,Pull,2,11,7.6
user_000022,2026-09-18,46.6,1910,77,306,42,55,5,3248,Upper,5,8,8.5
user_000022,2026-09-19,46.4,1576,97,189,48,35,1,6624,Pull,3,13,8.6
user_000022,2026-09-20,46.1,1535,101,186,43,56,2,8572,Pull,2,13,8.7
user_000022,2026-09-21,46.3,1312,97,141,40,31,1,13375,Rest,,,7.1
user_000022,2026-09-22,46.4,1544,90,197,44,32,4,13346,Upper,1,14,8.5
user_000022,2026-09-23,46.2,1819,96,253,47,16,5,17317,Rest,,,8.4
user_000022,2026-09-24,46.0,1678,80,227,50,58,3,13830,Upper,2,12,8.2
user_000022,2026-09-25,45.8,1935,91,287,47,10,5,14970,Push,5,20,6.5
user_000022,2026-09-26,46.0,1372,83,188,32,44,2,4341,Pull,3,14,6.4
user_000022,2026-09-27,46.1,1440,95,166,44,36,1,4116,Rest,,,5.7
user_000022,2026-09-28,46.0,1791,80,235,59,17,5,9517,Rest,,,8.7
user_000022,2026-09-29,46.0,1620,100,188,52,30,4,6592,Pull,4,11,7.2
user_000022,2026-09-30,46.3,2174,74,348,54,51,4,12857,Push,1,14,8.3
user_000022,2026-10-01,46.4,1551,97,203,39,34,1,14492,Upper,4,9,8.1
user_000022,2026-10-02,46.1,1661,87,227,45,32,4,10982,Rest,,,6.1
user_000022,2026-10-03,46.1,1646,97,193,54,51,2,11239,Upper,4,16,5.9
user_000022,2026-10-04,46.0,1981,80,287,57,54,4,5117,Upper,3,12,8.5
user_000022,2026-10-05,45.9,1617,80,232,41,4,3,12836,Rest,,,6.4
user_000022,2026-10-06,45.8,1850,79,262,54,11,2,16709,Upper,3,20,8.1
user_000022,2026-10-07,45.5,1870,80,293,42,17,1,16564,Pull,1,14,7.0
user_000022,2026-10-08,45.4,1927,74,293,51,43,2,11833,Legs,5,17,8.2
user_000022,2026-10-09,45.3,2052,74,331,48,46,5,7246,Push,1,17,7.8
user_000022,2026-10-10,45.3,1904,77,264,60,20,5,13426,Legs,0,7,5.8
user_000022,2026-10-11,45.5,1838,72,284,46,20,5,8721,Push,2,10,7.0
user_000022,2026-10-12,45.5,1799,74,261,51,12,5,7205,Pull,2,16,7.7
user_000022,2026-10-13,45.5,1441,90,187,37,10,4,4193,Pull,5,19,7.7
user_000022,2026-10-14,45.3,1859,98,270,43,30,5,9622,Upper,0,17,6.8
user_000022,2026-10-15,45.1,1886,74,276,54,54,1,14473,Push,0,6,6.8
user_000022,2026-10-16,45.2,1715,88,235,47,58,1,14882,Push,3,16,7.3
user_000022,2026-10-17,45.3,1952,74,315,44,28,4,14251,Pull,5,9,8.0
user_000022,2026-10-18,45.4,2075,99,296,55,23,2,5720,Upper,1,14,7.9
user_000022,2026-10-19,45.6,2320,95,314,76,58,4,4131,Upper,1,7,6.5
user_000022,2026-10-20,45.8,2570,87,371,82,59,5,4861,Legs,4,9,6.7
user_000022,2026-10-21,45.6,1878,95,271,46,44,1,16623,Upper,2,6,7.0
user_000022,2026-10-22,45.3,1440,90,189,36,45,2,4508,Upper,3,9,8.0
user_000022,2026-10-23,45.2,1729,78,244,49,1,1,11990,Upper,5,18,8.8
user_000022,2026-10-24,45.2,1524,91,182,48,29,3,12168,Pull,1,20,8.9
user_000022,2026-10-25,45.1,2374,93,325,78,51,4,16118,Rest,,,5.6
user_000022,2026-10-26,45.1,2050,89,284,62,37,5,8033,Upper,3,12,6.9
user_000022,2026-10-27,45.4,1689,85,227,49,3,4,6272,Upper,4,11,8.1
user_000022,2026-10-28,45.4,1576,96,217,36,44,1,7014,Upper,0,12,7.2
user_000022,2026-10-29,45.6,1997,78,275,65,43,2,13117,Pull,1,11,7.7
user_000022,2026-10-30,45.4,1725,93,237,45,16,3,12497,Pull,3,15,8.5
user_000022,2026-10-31,45.5,1602,89,208,46,48,1,13045,Legs,2,8,9.0
user_000022,2026-11-01,45.4,2197,89,314,65,50,4,8201,Upper,0,9,7.6
user_000022,2026-11-02,45.3,1913,91,250,61,12,5,6625,Pull,0,7,7.1
user_000022,2026-11-03,45.5,1770,88,233,54,41,2,6471,Rest,,,8.2
user_000022,2026-11-04,45.4,2042,76,295,62,17,5,10775,Legs,1,6,8.4
user_000022,2026-11-05,45.3,1691,72,236,51,38,3,8500,Upper,3,14,8.2
user_000022,2026-11-06,45.1,1184,85,148,28,8,3,4453,Rest,,,7.7
user_000022,2026-11-07,44.8,1502,86,195,42,31,3,17564,Upper,2,6,8.5
user_000022,2026-11-08,44.5,1554,93,192,46,59,2,10242,Pull,1,18,7.8
user_000022,2026-11-09,44.5,1127,74,147,27,19,2,6659,Legs,1,19,7.9
user_000022,2026-11-10,44.4,1358,92,153,42,16,3,12610,Push,5,19,7.4
user_000022,2026-11-11,44.3,1306,93,166,30,33,1,8394,Upper,3,12,6.6
user_000022,2026-11-12,44.4,1511,91,190,43,1,5,11223,Upper,4,15,6.7
user_000022,2026-11-13,44.5,1343,94,154,39,6,5,3106,Push,2,15,5.5
user_000022,2026-11-14,44.1,1030,97,102,26,25,1,5198,Rest,,,6.4
user_000022,2026-11-15,44.1,1526,76,211,42,15,3,11823,Legs,4,8,7.0
user_000022,2026-11-16,44.0,1563,82,203,47,25,3,11950,Upper,3,12,7.6
user_000022,2026-11-17,44.2,1259,80,156,35,16,1,11709,Legs,4,19,6.3
user_000022,2026-11-18,44.2,2241,96,300,73,35,5,17451,Rest,,,8.3
user_000022,2026-11-19,44.0,1721,94,226,49,51,2,15988,Rest,,,6.0
user_000022,2026-11-20,44.1,1265,96,146,33,2,1,11052,Push,5,8,5.6
user_000022,2026-11-21,44.1,1601,87,221,41,53,3,14556,Rest,,,7.5
user_000022,2026-11-22,44.3,1455,75,192,43,54,3,3506,Push,0,15,7.7
user_000022,2026-11-23,44.3,1208,87,125,40,49,2,4874,Push,3,14,6.7
user_000022,2026-11-24,44.2,2275,79,339,67,57,4,12604,Push,5,6,8.1
user_000022,2026-11-25,44.2,1460,73,220,32,4,5,9317,Pull,4,19,8.0
user_000022,2026-11-26,44.4,1859,76,256,59,56,3,14483,Pull,3,7,8.5
user_000022,2026-11-27,44.3,1962,81,270,62,31,5,17863,Legs,0,7,6.9
user_000023,2026-07-01,51.6,1738,107,233,42,60,1,17979,Push,5,11,8.2
user_000023,2026-07-02,51.4,1480,85,177,48,41,1,7612,Upper,3,13,6.2
user_000023,2026-07-03,51.4,1487,110,174,39,2,2,15511,Pull,1,20,8.0
user_000023,2026-07-04,51.5,1144,83,131,32,11,1,6697,Rest,,,6.3
user_000023,2026-07-05,51.5,1468,92,167,48,33,5,5077,Rest,,,7.5
user_000023,2026-07-06,51.7,1169,83,135,33,8,3,6759,Upper,1,10,6.9
user_000023,2026-07-07,51.5,1350,99,162,34,8,3,9976,Legs,1,10,7.8
user_000023,2026-07-08,51.7,1808,96,266,40,45,3,14972,Legs,4,19,7.0
user_000023,2026-07-09,51.5,1497,87,204,37,2,3,5206,Rest,,,6.2
user_000023,2026-07-10,51.8,1226,113,117,34,3,2,8268,Upper,2,20,6.8
user_000023,2026-07-11,51.7,1147,90,118,35,25,3,5763,Rest,,,8.0
user_000023,2026-07-12,51.9,1682,109,226,38,13,2,15205,Rest,,,7.8
user_000023,2026-07-13,52.0,1852,84,244,60,37,5,11722,Rest,,,7.7
user_000023,2026-07-14,51.7,1639,89,215,47,53,4,5058,Pull,2,14,8.5
user_000023,2026-07-15,51.4,2043,103,257,67,45,5,7446,Upper,0,18,8.3
user_000023,2026-07-16,51.5,1090,85,120,30,14,1,4214,Legs,3,15,8.8
user_000023,2026-07-17,51.6,1768,109,234,44,58,2,8031,Pull,2,18,8.4
user_000023,2026-07-18,51.4,1461,86,205,33,12,5,7202,Rest,,,7.7
user_000023,2026-07-19,51.1,2344,94,366,56,59,5,15149,Rest,,,7.6
user_000023,2026-07-20,51.3,1205,89,129,37,11,1,10640,Pull,0,20,7.8
user_000023,2026-07-21,50.9,1350,95,175,30,56,2,17157,Push,3,10,6.1
user_000023,2026-07-22,50.7,1518,106,170,46,0,3,11494,Push,1,16,6.3
user_000023,2026-07-23,50.7,1082,104,90,34,33,1,3904,Pull,2,11,8.9
user_000023,2026-07-24,50.5,1237,100,135,33,8,2,3072,Upper,5,17,6.6
user_000023,2026-07-25,50.4,1583,98,210,39,21,1,8532,Upper,3,9,7.2
user_000023,2026-07-26,50.1,1667,84,245,39,19,5,15572,Push,5,12,5.5
user_000023,2026-07-27,50.2,1080,87,111,32,39,2,4932,Pull,1,13,6.3
user_000023,2026-07-28,50.3,1645,97,231,37,48,5,4702,Rest,,,8.0
user_000023,2026-07-29,50.2,1576,83,230,36,59,1,10995,Push,1,8,7.9
user_000023,2026-07-30,50.1,1414,84,166,46,39,2,16402,Push,1,17,7.0
user_000023,2026-07-31,50.1,1755,85,230,55,43,4,10055,Pull,5,20,7.8
user_000023,2026-08-01,49.9,2015,81,290,59,45,4,17363,Rest,,,8.9
user_000023,2026-08-02,50.0,1802,96,260,42,34,3,12235,Push,3,20,6.3
user_000023,2026-08-03,50.0,1803,97,230,55,54,3,7662,Pull,0,18,7.7
user_000023,2026-08-04,50.2,1913,80,288,49,53,4,7217,Push,5,12,8.6
user_000023,2026-08-05,50.4,1378,96,172,34,56,1,4035,Pull,3,16,6.9
user_000023,2026-08-06,50.5,1456,88,195,36,26,2,17003,Pull,5,16,8.9
user_000023,2026-08-07,50.6,1082,81,131,26,6,3,4647,Pull,5,8,7.6
user_000023,2026-08-08,50.7,1351,101,167,31,42,1,7684,Upper,3,9,7.3
user_000023,2026-08-09,50.7,1249,94,126,41,18,1,5227,Rest,,,8.8
user_000023,2026-08-10,50.9,1394,107,156,38,29,3,5540,Rest,,,6.4
user_000023,2026-08-11,50.8,2265,89,349,57,58,5,12677,Upper,3,20,8.2
user_000023,2026-08-12,50.7,1438,103,180,34,6,4,9791,Upper,4,18,8.7
user_000023,2026-08-13,50.5,1443,99,156,47,26,4,9751,Rest,,,7.3
user_000023,2026-08-14,50.6,1911,91,263,55,27,4,12977,Pull,3,8,6.6
user_000023,2026-08-15,50.5,1263,98,139,35,17,4,11709,Push,4,14,7.7
user_000023,2026-08-16,50.5,1523,91,184,47,27,1,15221,Pull,5,8,8.3
user_000023,2026-08-17,50.3,1488,95,196,36,48,1,8355,Upper,1,20,7.3
user_000023,2026-08-18,50.0,1658,93,227,42,52,2,6748,Rest,,,7.2
user_000023,2026-08-19,50.0,1808,90,272,40,30,4,12984,Upper,4,9,7.6
user_000023,2026-08-20,50.0,1736,90,254,40,22,3,14045,Rest,,,7.0
user_000023,2026-08-21,50.0,1478,81,185,46,10,5,12646,Push,2,8,8.8
user_000023,2026-08-22,50.1,1488,98,166,48,32,1,8391,Legs,4,14,8.4
user_000023,2026-08-23,49.8,1282,85,159,34,2,1,14558,Push,4,8,5.7
user_000023,2026-08-24,49.6,1956,84,279,56,50,4,4940,Upper,3,12,5.9
user_000023,2026-08-25,49.5,1375,102,154,39,47,3,8203,Rest,,,8.9
user_000023,2026-08-26,49.3,1659,82,218,51,27,5,11900,Pull,3,18,7.1
user_000023,2026-08-27,49.0,1840,89,281,40,29,4,12862,Pull,2,8,6.4
user_000023,2026-08-28,49.1,1465,99,193,33,50,1,11427,Legs,5,8,5.7
user_000023,2026-08-29,49.0,1559,107,195,39,16,3,13802,Rest,,,6.6
user_000023,2026-08-30,48.8,1869,90,267,49,33,5,15410,Push,5,17,6.3
user_000023,2026-08-31,48.8,1434,84,171,46,40,2,4812,Pull,4,7,6.6
user_000023,2026-09-01,48.6,1804,84,259,48,47,5,7309,Legs,0,16,7.3
user_000023,2026-09-02,48.9,1532,89,195,44,4,3,15852,Push,0,15,7.5
user_000023,2026-09-03,48.8,1348,95,143,44,7,5,12715,Legs,3,17,8.5
user_000023,2026-09-04,48.7,1935,94,275,51,50,5,4852,Rest,,,8.0
user_000023,2026-09-05,48.5,1272,100,128,40,4,1,9834,Rest,,,8.2
user_000023,2026-09-06,48.3,1539,99,207,35,20,5,16598,Legs,1,15,7.6
user_000023,2026-09-07,48.3,1658,86,225,46,35,2,13552,Upper,3,11,6.8
user_000023,2026-09-08,48.5,2052,81,288,64,43,5,7827,Push,0,13,8.1
user_000023,2026-09-09,48.6,1223,80,156,31,8,3,3100,Rest,,,5.5
user_000023,2026-09-10,48.5,1315,84,157,39,10,5,4562,Pull,0,18,6.6
user_000023,2026-09-11,48.8,1324,104,146,36,13,4,3546,Rest,,,8.9
user_000023,2026-09-12,48.9,1663,97,213,47,29,1,17259,Pull,2,20,9.0
user_000023,2026-09-13,49.0,1598,84,212,46,36,4,5597,Pull,4,19,7.0
user_000023,2026-09-14,48.8,1320,98,160,32,7,1,8238,Push,2,7,8.6
user_000023,2026-09-15,48.7,1207,106,126,31,1,2,7604,Rest,,,8.8
user_000023,2026-09-16,48.6,1419,99,159,43,26,5,4796,Legs,3,14,8.8
user_000023,2026-09-17,48.5,1457,79,211,33,48,3,5882,Pull,5,10,7.7
user_000023,2026-09-18,48.4,1108,80,116,36,1,2,5521,Push,2,10,6.5
user_000023,2026-09-19,48.1,1704,91,236,44,50,5,6712,Upper,0,9,5.6
user_000023,2026-09-20,47.8,1208,88,124,40,4,5,3874,Pull,0,17,6.0
user_000023,2026-09-21,47.4,1524,97,185,44,6,3,16255,Upper,1,6,5.8
user_000023,2026-09-22,47.2,1626,86,226,42,33,3,11323,Rest,,,6.2
user_000023,2026-09-23,47.2,1761,99,222,53,27,3,9520,Pull,2,20,5.8
user_000023,2026-09-24,47.0,1752,92,220,56,14,2,16473,Pull,4,11,7.3
user_000023,2026-09-25,47.1,1684,94,228,44,37,5,11308,Rest,,,8.9
user_000023,2026-09-26,47.1,1430,88,184,38,11,5,14087,Pull,1,6,8.5
user_000023,2026-09-27,46.9,1472,90,188,40,17,3,12887,Upper,3,18,7.8
user_000023,2026-09-28,46.8,1708,97,231,44,35,1,6240,Legs,0,7,7.4
user_000023,2026-09-29,46.9,2664,77,454,60,55,5,8821,Legs,3,12,7.0
user_000023,2026-09-30,46.7,1891,78,280,51,24,1,6415,Rest,,,5.8
user_000023,2026-10-01,47.0,2115,78,345,47,35,1,7030,Rest,,,7.2
user_000023,2026-10-02,46.8,2237,81,359,53,15,3,10374,Legs,2,10,7.5
user_000023,2026-10-03,46.9,2465,88,364,73,24,5,12678,Legs,1,17,5.9
user_000023,2026-10-04,46.8,2174,98,333,50,39,4,14512,Push,1,18,8.9
user_000023,2026-10-05,46.8,2126,102,272,70,25,5,11739,Push,2,8,7.9
user_000023,2026-10-06,46.6,2029,94,294,53,12,3,8585,Rest,,,7.7
user_000023,2026-10-07,46.9,2266,91,327,66,37,1,17450,Pull,5,16,8.9
user_000023,2026-10-08,47.0,2374,84,361,66,27,5,9301,Push,4,15,7.8
user_000023,2026-10-09,47.0,1902,78,267,58,9,3,7708,Legs,2,14,7.6
user_000023,2026-10-10,47.0,2499,86,379,71,34,2,15965,Rest,,,8.2
user_000023,2026-10-11,47.2,2241,81,324,69,22,1,14570,Push,3,15,7.7
user_000023,2026-10-12,47.3,2179,87,307,67,39,2,16637,Push,5,7,5.9
user_000023,2026-10-13,47.1,1696,84,223,52,36,1,16794,Legs,4,13,8.7
user_000023,2026-10-14,46.8,2245,102,313,65,41,4,11046,Legs,2,16,5.9
user_000023,2026-10-15,47.0,2127,97,311,55,37,3,17113,Legs,1,8,8.0
user_000023,2026-10-16,47.2,2276,82,325,72,34,3,13496,Legs,3,15,5.9
user_000023,2026-10-17,47.5,2172,90,309,64,48,3,4998,Pull,5,9,5.7
user_000023,2026-10-18,47.5,1906,89,275,50,29,4,6688,Legs,2,10,6.2
user_000023,2026-10-19,47.7,1995,88,269,63,13,2,15450,Legs,5,18,8.1
user_000023,2026-10-20,48.0,2414,83,372,66,56,4,3946,Rest,,,6.7
user_000023,2026-10-21,48.0,2034,83,277,66,10,2,16471,Legs,4,16,7.4
user_000023,2026-10-22,48.3,1964,104,261,56,5,3,9053,Upper,3,13,5.6
user_000023,2026-10-23,48.4,2200,102,331,52,27,1,16301,Pull,2,7,5.5
user_000023,2026-10-24,48.4,1863,97,263,47,23,4,14751,Rest,,,7.3
user_000023,2026-10-25,48.6,2296,86,362,56,24,5,5236,Push,5,7,5.9
user_000023,2026-10-26,48.4,2793,84,459,69,41,5,16538,Pull,0,9,6.1
user_000023,2026-10-27,48.4,1869,83,283,45,18,5,4094,Pull,3,11,6.4
user_000023,2026-10-28,48.7,2177,92,342,49,27,2,14370,Legs,0,17,5.7
user_000023,2026-10-29,48.6,2234,78,332,66,26,5,13003,Pull,1,8,8.9
user_000023,2026-10-30,48.8,2308,104,347,56,16,1,15290,Upper,0,7,7.4
user_000023,2026-10-31,48.9,1705,103,213,49,0,2,5394,Push,3,17,7.2
user_000023,2026-11-01,48.7,2596,100,396,68,48,3,11946,Upper,3,13,8.9
user_000023,2026-11-02,48.8,2112,88,332,48,24,5,6717,Push,3,19,8.1
user_000023,2026-11-03,48.7,1884,85,260,56,34,2,4581,Push,4,14,7.0
user_000023,2026-11-04,48.7,2186,104,294,66,35,2,7588,Upper,0,18,5.8
user_000023,2026-11-05,48.6,2110,83,314,58,26,5,7305,Pull,2,11,6.6
user_000023,2026-11-06,48.5,2187,86,319,63,31,1,4973,Rest,,,7.3
user_000023,2026-11-07,48.8,2082,94,296,58,3,3,9482,Upper,4,18,6.2
user_000023,2026-11-08,49.0,2393,83,360,69,52,3,10900,Pull,5,18,7.3
user_000023,2026-11-09,49.1,2166,106,305,58,46,4,6017,Rest,,,6.9
user_000023,2026-11-10,49.0,2330,106,346,58,48,1,15772,Legs,3,15,6.5
user_000023,2026-11-11,49.1,2079,78,309,59,19,4,14360,Rest,,,8.9
user_000023,2026-11-12,49.0,1843,107,221,59,44,1,4803,Push,1,17,7.2
user_000023,2026-11-13,48.8,1818,93,240,54,22,1,5761,Pull,3,15,8.5
user_000023,2026-11-14,48.7,1928,95,243,64,13,5,11474,Rest,,,6.1
user_000023,2026-11-15,48.6,2414,84,398,54,47,5,15074,Rest,,,8.6
user_000023,2026-11-16,48.8,2076,79,296,64,50,2,9292,Rest,,,7.6
user_000023,2026-11-17,48.7,1826,78,275,46,21,1,4800,Legs,2,15,8.2
user_000023,2026-11-18,49.0,1757,83,264,41,30,3,6926,Pull,5,14,6.9
user_000023,2026-11-19,49.2,2578,86,419,62,55,5,5516,Legs,3,17,8.2
user_000023,2026-11-20,49.5,2081,84,299,61,3,3,11054,Pull,2,12,8.7
user_000023,2026-11-21,49.8,2210,90,314,66,41,4,7347,Pull,2,16,6.6
user_000023,2026-11-22,49.8,2068,105,286,56,48,2,15252,Rest,,,8.3
user_000023,2026-11-23,49.8,2147,96,290,67,6,1,12732,Rest,,,5.9
user_000023,2026-11-24,49.7,2009,104,261,61,14,3,7052,Push,2,17,6.6
user_000023,2026-11-25,49.8,2281,92,359,53,40,5,4222,Pull,4,10,7.7
user_000023,2026-11-26,49.9,1952,96,257,60,51,2,5317,Pull,3,13,7.7
user_000023,2026-11-27,50.0,2220,82,347,56,53,3,6992,Legs,5,16,8.8
user_000024,2026-07-01,51.5,2007,92,268,63,49,5,16832,Rest,,,8.5
user_000024,2026-07-02,51.3,1598,106,208,38,56,3,6470,Pull,5,18,7.4
user_000024,2026-07-03,51.4,1294,110,137,34,35,3,10025,Rest,,,7.3
user_000024,2026-07-04,51.5,1744,99,238,44,14,5,17231,Legs,1,8,6.5
user_000024,2026-07-05,51.8,1408,90,181,36,28,4,11608,Pull,5,6,8.4
user_000024,2026-07-06,51.6,1676,103,199,52,20,5,13859,Push,5,14,8.0
user_000024,2026-07-07,51.3,1354,105,139,42,54,2,16998,Rest,,,6.0
user_000024,2026-07-08,51.3,1719,96,228,47,46,5,4844,Push,1,20,7.7
user_000024,2026-07-09,51.4,1955,86,270,59,46,5,13832,Rest,,,6.0
user_000024,2026-07-10,51.5,1774,112,228,46,54,4,12267,Rest,,,8.3
user_000024,2026-07-11,51.2,2217,87,330,61,45,5,14082,Push,1,7,8.2
user_000024,2026-07-12,51.0,1256,106,145,28,13,5,7102,Legs,5,20,5.8
user_000024,2026-07-13,51.0,1630,112,210,38,49,3,8793,Pull,4,17,8.8
user_000024,2026-07-14,51.0,1244,109,121,36,1,5,6916,Legs,5,10,7.5
user_000024,2026-07-15,50.7,1481,92,204,33,42,4,5519,Push,0,15,5.7
user_000024,2026-07-16,50.6,1269,89,163,29,46,2,3733,Legs,4,8,8.3
user_000024,2026-07-17,50.4,1736,92,252,40,59,5,7820,Push,2,6,7.2
user_000024,2026-07-18,50.3,1194,95,118,38,4,4,12907,Legs,1,14,7.6
user_000024,2026-07-19,50.4,1237,84,160,29,28,3,4844,Pull,1,12,5.6
user_000024,2026-07-20,50.6,1081,109,105,25,6,3,11422,Push,4,9,5.8
user_000024,2026-07-21,50.5,1626,109,212,38,8,5,17965,Rest,,,7.6
user_000024,2026-07-22,50.4,1377,106,155,37,55,1,5067,Upper,1,19,7.1
user_000024,2026-07-23,50.3,1539,102,204,35,25,5,4752,Pull,4,19,7.9
user_000024,2026-07-24,50.0,1944,84,258,64,48,5,11624,Upper,0,8,8.8
user_000024,2026-07-25,49.9,1143,109,107,31,49,2,3637,Legs,5,17,7.0
user_000024,2026-07-26,50.1,1149,88,125,33,10,4,3765,Legs,0,12,8.5
user_000024,2026-07-27,49.8,1641,98,193,53,0,4,17165,Legs,4,14,6.0
user_000024,2026-07-28,49.8,1753,107,212,53,31,4,11556,Legs,5,9,6.1
user_000024,2026-07-29,49.9,1436,92,168,44,15,5,8847,Rest,,,6.8
user_000024,2026-07-30,50.0,1338,88,179,30,28,2,11092,Legs,1,12,5.7
user_000024,2026-07-31,49.7,1255,95,140,35,22,2,9397,Legs,3,18,6.4
user_000024,2026-08-01,49.4,1855,92,248,55,57,5,10454,Push,1,18,5.6
user_000024,2026-08-02,49.5,1563,79,206,47,36,2,9260,Legs,0,13,8.0
user_000024,2026-08-03,49.5,2327,95,354,59,48,5,12755,Push,0,12,6.4
user_000024,2026-08-04,49.3,2139,107,295,59,31,3,15238,Rest,,,8.9
user_000024,2026-08-05,49.3,2704,87,400,84,59,5,10575,Pull,1,6,6.3
user_000024,2026-08-06,49.1,2335,89,344,67,2,3,16515,Legs,0,20,6.0
user_000024,2026-08-07,49.0,1715,80,261,39,0,2,11337,Rest,,,7.1
user_000024,2026-08-08,49.1,2156,87,317,60,38,4,15190,Push,5,7,6.4
user_000024,2026-08-09,48.9,2073,99,282,61,49,2,4259,Rest,,,6.3
user_000024,2026-08-10,48.8,1885,87,265,53,36,1,14555,Rest,,,6.0
user_000024,2026-08-11,48.7,1584,99,189,48,33,1,4382,Push,4,20,7.9
user_000024,2026-08-12,48.5,2083,99,271,67,16,4,15087,Upper,2,17,7.3
user_000024,2026-08-13,48.5,2575,84,373,83,48,3,13674,Push,4,19,7.1
user_000024,2026-08-14,48.3,2679,80,457,59,48,5,15365,Push,2,11,6.7
user_000024,2026-08-15,48.5,2668,87,418,72,44,5,9614,Rest,,,7.7
user_000024,2026-08-16,48.7,2427,92,337,79,39,4,6447,Legs,3,15,8.4
user_000024,2026-08-17,48.5,2899,90,439,87,57,5,17690,Rest,,,6.3
user_000024,2026-08-18,48.8,1964,97,268,56,35,1,7613,Push,2,15,8.3
user_000024,2026-08-19,48.5,2372,82,358,68,56,3,15341,Legs,5,19,6.9
user_000024,2026-08-20,48.4,1960,82,273,60,5,5,17245,Pull,1,11,7.1
user_000024,2026-08-21,48.3,1922,87,254,62,17,4,9431,Pull,2,8,7.3
user_000024,2026-08-22,48.4,2184,97,314,60,55,1,17519,Push,0,19,7.1
user_000024,2026-08-23,48.3,2119,98,317,51,34,4,15986,Upper,1,12,8.0
user_000024,2026-08-24,48.3,1932,77,280,56,1,3,10001,Rest,,,8.9
user_000024,2026-08-25,48.1,2104,93,289,64,30,2,6560,Upper,2,7,5.8
user_000024,2026-08-26,48.0,2165,91,313,61,24,3,16960,Rest,,,6.2
user_000024,2026-08-27,48.1,2234,93,335,58,17,3,7850,Legs,2,15,5.9
user_000024,2026-08-28,48.4,1865,81,248,61,8,1,5762,Push,0,19,8.5
user_000024,2026-08-29,48.7,2293,101,317,69,12,1,15823,Pull,3,13,7.5
user_000024,2026-08-30,49.0,1924,82,264,60,8,5,13862,Push,4,16,7.4
user_000024,2026-08-31,48.7,1833,96,261,45,42,4,10712,Rest,,,6.5
user_000024,2026-09-01,48.5,1957,92,296,45,16,3,10448,Pull,2,17,5.7
user_000024,2026-09-02,48.3,2097,86,283,69,13,5,13003,Pull,4,19,8.6
user_000024,2026-09-03,48.3,2499,100,356,75,24,5,17043,Rest,,,7.5
user_000024,2026-09-04,48.1,2318,82,331,74,40,5,6192,Legs,0,10,9.0
user_000024,2026-09-05,48.1,2002,84,304,50,30,2,8608,Pull,3,10,6.8
user_000024,2026-09-06,47.9,2141,82,316,61,31,5,8435,Legs,4,12,5.7
user_000024,2026-09-07,48.1,1978,83,308,46,52,1,15959,Push,1,13,6.8
user_000024,2026-09-08,48.0,2585,92,399,69,60,4,15445,Rest,,,7.6
user_000024,2026-09-09,48.1,2164,90,307,64,24,4,6452,Rest,,,6.6
user_000024,2026-09-10,47.8,1993,77,320,45,25,4,6765,Pull,3,10,7.6
user_000024,2026-09-11,48.1,1769,82,250,49,17,4,15395,Legs,1,12,8.9
user_000024,2026-09-12,47.9,1909,83,275,53,53,1,10971,Legs,1,20,6.2
user_000024,2026-09-13,47.9,2195,79,337,59,48,2,10630,Pull,3,17,7.3
user_000024,2026-09-14,47.7,2242,83,338,62,40,3,12506,Legs,5,17,8.6
user_000024,2026-09-15,47.5,2116,82,294,68,44,3,8532,Push,5,10,6.8
user_000024,2026-09-16,47.2,2139,95,280,71,10,3,16746,Legs,5,16,6.5
user_000024,2026-09-17,47.1,2081,92,318,49,8,3,14605,Push,0,8,6.8
user_000024,2026-09-18,47.4,2342,93,344,66,35,5,8581,Push,3,17,7.8
user_000024,2026-09-19,47.2,2442,95,376,62,48,5,15123,Legs,3,20,7.2
user_000024,2026-09-20,47.5,2293,83,344,65,58,3,11873,Upper,4,6,7.2
user_000024,2026-09-21,47.6,2250,96,354,50,11,5,9361,Upper,3,20,7.1
user_000024,2026-09-22,47.3,1893,92,262,53,56,2,8353,Pull,1,9,7.9
user_000024,2026-09-23,47.1,1892,100,274,44,30,2,8857,Upper,4,11,7.8
user_000024,2026-09-24,47.0,1824,92,247,52,17,5,3780,Rest,,,6.9
user_000024,2026-09-25,47.2,1935,92,286,47,34,1,11800,Push,5,14,8.1
user_000024,2026-09-26,47.2,2564,95,375,76,36,4,16183,Upper,1,12,6.1
user_000024,2026-09-27,47.1,2516,92,366,76,59,2,13498,Push,5,17,8.8
user_000024,2026-09-28,47.1,2096,84,332,48,46,3,9087,Upper,3,17,8.3
user_000024,2026-09-29,47.0,1826,79,274,46,3,1,6950,Pull,5,14,6.7
user_000024,2026-09-30,47.3,2213,98,327,57,52,3,15702,Pull,0,17,8.8
user_000024,2026-10-01,47.2,2225,78,350,57,39,1,9231,Pull,3,19,6.3
user_000024,2026-10-02,47.0,2423,96,359,67,57,5,3886,Rest,,,6.1
user_000024,2026-10-03,46.8,1658,81,212,54,7,2,3008,Rest,,,7.1
user_000024,2026-10-04,46.9,1846,79,288,42,26,2,9692,Rest,,,6.6
user_000024,2026-10-05,46.8,1996,89,275,60,50,2,15013,Push,0,12,7.9
user_000024,2026-10-06,47.0,2090,80,312,58,32,4,8663,Pull,1,9,7.5
user_000024,2026-10-07,47.0,2263,89,344,59,12,5,15804,Push,5,13,8.9
user_000024,2026-10-08,46.7,2097,87,291,65,25,1,15161,Upper,2,17,6.7
user_000024,2026-10-09,46.8,2132,76,313,64,12,3,17909,Pull,5,18,7.6
user_000024,2026-10-10,46.9,2097,95,319,49,25,2,14865,Upper,5,18,6.5
user_000024,2026-10-11,47.1,1963,79,306,47,16,5,6016,Rest,,,6.9
user_000024,2026-10-12,47.2,2126,91,328,50,21,5,9321,Upper,2,10,8.5
user_000024,2026-10-13,47.3,2229,75,354,57,24,3,17292,Upper,4,14,8.6
user_000024,2026-10-14,47.2,2756,88,457,64,57,5,16716,Pull,3,15,7.5
user_000024,2026-10-15,46.9,1796,76,274,44,12,3,10379,Legs,5,8,6.6
user_000024,2026-10-16,47.1,2403,77,373,67,59,5,11588,Pull,5,7,6.1
user_000024,2026-10-17,46.9,1866,77,277,50,46,4,5018,Legs,4,12,6.8
user_000024,2026-10-18,47.3,2486,102,362,70,51,5,9388,Upper,3,10,8.1
user_000024,2026-10-19,47.2,1944,87,300,44,15,4,8240,Rest,,,7.8
user_000024,2026-10-20,47.3,1998,100,296,46,51,4,17515,Legs,2,17,7.8
user_000024,2026-10-21,47.0,1458,78,192,42,10,4,8443,Legs,1,9,5.9
user_000024,2026-10-22,46.7,1203,91,149,27,32,5,9524,Legs,1,14,8.5
user_000024,2026-10-23,46.9,1376,81,182,36,23,2,16670,Rest,,,7.1
user_000024,2026-10-24,47.1,1559,102,200,39,33,3,8638,Push,3,8,6.3
user_000024,2026-10-25,47.1,1625,99,197,49,25,5,7361,Rest,,,7.5
user_000024,2026-10-26,47.2,1506,95,178,46,23,1,16858,Pull,2,15,8.8
user_000024,2026-10-27,47.3,1578,79,230,38,25,2,16029,Upper,3,9,7.1
user_000024,2026-10-28,47.2,1053,103,104,25,8,3,7976,Rest,,,7.6
user_000024,2026-10-29,47.0,1052,93,107,28,1,1,7966,Pull,3,12,6.9
user_000024,2026-10-30,47.2,1794,79,239,58,33,4,13787,Pull,0,19,8.5
user_000024,2026-10-31,47.0,1563,92,220,35,52,2,3388,Rest,,,6.8
user_000024,2026-11-01,46.9,1401,84,183,37,2,4,11387,Push,4,16,6.7
user_000024,2026-11-02,46.9,1183,77,140,35,32,2,12172,Push,5,16,8.5
user_000024,2026-11-03,47.0,1784,81,257,48,32,5,7717,Rest,,,6.3
user_000024,2026-11-04,47.1,1519,102,181,43,58,2,10734,Upper,0,11,8.0
user_000024,2026-11-05,47.3,1509,99,195,37,37,4,16577,Upper,5,12,8.0
user_000024,2026-11-06,47.2,1729,102,220,49,50,5,10754,Pull,1,7,5.9
user_000024,2026-11-07,47.4,1274,94,157,30,4,2,10270,Pull,5,12,6.5
user_000024,2026-11-08,47.1,2096,86,285,68,56,5,5085,Legs,2,19,7.7
user_000024,2026-11-09,47.1,1599,95,208,43,29,3,12042,Upper,3,7,7.2
user_000024,2026-11-10,47.3,1306,83,158,38,26,2,10821,Pull,5,17,8.3
user_000024,2026-11-11,47.5,1448,76,214,32,33,1,16657,Push,4,11,7.8
user_000024,2026-11-12,47.6,1549,102,184,45,37,3,7236,Upper,3,20,8.5
user_000024,2026-11-13,47.4,1878,90,258,54,55,3,17754,Legs,4,14,6.7
user_000024,2026-11-14,47.6,1373,85,184,33,26,1,11481,Rest,,,6.5
user_000024,2026-11-15,47.3,1433,81,176,45,53,2,12032,Upper,3,9,8.4
user_000024,2026-11-16,47.0,1702,84,229,50,43,3,9640,Legs,5,12,8.2
user_000024,2026-11-17,47.1,1572,76,218,44,7,3,13253,Upper,4,15,5.8
user_000024,2026-11-18,46.8,1178,87,140,30,40,3,5274,Upper,5,6,5.7
user_000024,2026-11-19,46.8,1589,85,202,49,39,1,13557,Rest,,,7.1
user_000024,2026-11-20,46.8,1180,95,137,28,22,3,7624,Rest,,,8.7
user_000024,2026-11-21,46.8,1270,82,150,38,18,3,8992,Upper,5,19,8.0
user_000024,2026-11-22,46.9,1453,99,172,41,16,2,15453,Rest,,,7.6
user_000024,2026-11-23,46.7,1097,92,108,33,6,4,3720,Upper,3,8,8.6
user_000024,2026-11-24,46.8,1620,84,222,44,18,1,15506,Legs,5,7,6.9
user_000024,2026-11-25,47.0,1541,83,201,45,25,3,10572,Rest,,,8.2
user_000024,2026-11-26,47.2,1332,92,151,40,59,1,6198,Upper,3,9,7.8
user_000024,2026-11-27,47.3,2036,95,306,48,55,4,15290,Push,1,14,7.6
user_000025,2026-07-01,51.4,1925,111,260,49,43,3,10496,Rest,,,6.6
user_000025,2026-07-02,51.2,1589,103,175,53,29,2,7747,Rest,,,7.6
user_000025,2026-07-03,51.0,1274,112,121,38,28,1,4067,Rest,,,6.4
user_000025,2026-07-04,50.9,1704,82,236,48,56,1,12745,Upper,1,15,5.9
user_000025,2026-07-05,50.8,2313,110,313,69,51,5,9508,Push,0,8,6.0
user_000025,2026-07-06,50.8,1838,84,272,46,11,4,9429,Push,1,15,8.9
user_000025,2026-07-07,50.6,1579,84,214,43,49,1,9526,Rest,,,5.7
user_000025,2026-07-08,50.6,2003,87,272,63,39,4,14549,Rest,,,5.6
user_000025,2026-07-09,50.6,1765,88,252,45,33,4,11568,Pull,1,18,8.9
user_000025,2026-07-10,50.7,2297,107,339,57,53,4,8730,Push,0,19,8.7
user_000025,2026-07-11,50.7,1675,90,232,43,11,3,9165,Push,0,15,8.9
user_000025,2026-07-12,50.5,2079,99,270,67,34,1,16419,Upper,0,6,7.8
user_000025,2026-07-13,50.5,1777,98,236,49,14,5,11585,Rest,,,6.8
user_000025,2026-07-14,50.7,2001,109,245,65,36,4,9392,Rest,,,6.7
user_000025,2026-07-15,51.0,1858,108,244,50,24,4,9496,Legs,2,16,8.8
user_000025,2026-07-16,51.0,2064,89,292,60,59,4,14339,Upper,3,6,5.9
user_000025,2026-07-17,51.3,2136,102,288,64,59,2,11552,Legs,1,18,6.8
user_000025,2026-07-18,51.6,1964,97,277,52,29,1,9944,Upper,4,6,6.8
user_000025,2026-07-19,51.5,1733,87,254,41,20,5,3140,Upper,2,13,8.5
user_000025,2026-07-20,51.3,1778,101,231,50,43,4,6016,Legs,5,10,6.6
user_000025,2026-07-21,51.0,2490,103,335,82,50,5,17922,Pull,5,12,5.6
user_000025,2026-07-22,51.0,1875,87,258,55,58,1,11051,Upper,4,11,6.9
user_000025,2026-07-23,51.2,1938,82,263,62,8,4,16080,Legs,4,6,6.0
user_000025,2026-07-24,51.4,2246,106,289,74,59,3,14965,Rest,,,8.0
user_000025,2026-07-25,51.5,1683,88,218,51,16,1,4655,Legs,4,9,8.4
user_000025,2026-07-26,51.5,2546,102,377,70,52,5,14782,Push,4,16,6.2
user_000025,2026-07-27,51.3,2321,83,369,57,37,5,6109,Pull,0,8,7.7
user_000025,2026-07-28,51.6,1840,85,249,56,35,4,3771,Push,2,13,6.9
user_000025,2026-07-29,51.8,2403,94,374,59,48,5,12998,Rest,,,6.1
user_000025,2026-07-30,51.6,2034,112,275,54,57,3,11467,Legs,2,9,6.5
user_000025,2026-07-31,51.7,1340,84,161,40,20,4,9283,Pull,3,11,8.6
user_000025,2026-08-01,51.9,1612,85,228,40,59,1,10187,Pull,3,20,7.2
user_000025,2026-08-02,51.7,1266,103,146,30,6,2,13444,Push,0,16,8.3
user_000025,2026-08-03,51.4,1094,85,121,30,4,2,7460,Upper,0,13,7.5
user_000025,2026-08-04,51.6,1287,106,146,31,18,3,7765,Rest,,,6.9
user_000025,2026-08-05,51.4,1322,100,145,38,36,1,6644,Upper,5,12,6.6
user_000025,2026-08-06,51.4,1323,97,164,31,40,1,8325,Upper,2,18,5.7
user_000025,2026-08-07,51.6,1583,90,209,43,47,3,9964,Rest,,,8.7
user_000025,2026-08-08,51.6,1093,100,99,33,30,1,3896,Rest,,,6.5
user_000025,2026-08-09,51.6,1613,98,204,45,27,5,16129,Legs,3,6,8.9
user_000025,2026-08-10,51.8,1093,105,112,25,4,4,7195,Pull,1,9,6.3
user_000025,2026-08-11,51.8,1539,112,167,47,22,4,14485,Push,1,10,5.8
user_000025,2026-08-12,51.6,1175,97,136,27,32,2,11863,Legs,5,16,8.7
user_000025,2026-08-13,51.5,1433,82,193,37,49,4,4851,Legs,5,12,6.3
user_000025,2026-08-14,51.2,1330,109,129,42,43,3,11163,Upper,2,16,5.6
user_000025,2026-08-15,51.4,1441,89,179,41,52,1,8278,Push,4,17,5.6
user_000025,2026-08-16,51.2,1410,98,178,34,38,1,8887,Push,4,7,6.0
user_000025,2026-08-17,51.2,1691,96,221,47,41,4,16491,Pull,0,7,6.2
user_000025,2026-08-18,51.4,1415,96,170,39,24,5,10111,Pull,2,6,9.0
user_000025,2026-08-19,51.1,1483,96,178,43,29,4,9455,Legs,2,8,6.5
user_000025,2026-08-20,50.8,1112,104,93,36,32,2,8201,Legs,3,15,6.7
user_000025,2026-08-21,50.6,1501,81,193,45,31,5,8180,Pull,5,6,8.3
user_000025,2026-08-22,50.8,1305,108,126,41,23,3,7979,Push,4,14,8.0
user_000025,2026-08-23,50.6,1597,108,181,49,33,1,11315,Rest,,,8.1
user_000025,2026-08-24,50.7,1331,96,158,35,43,2,11007,Pull,2,13,6.7
user_000025,2026-08-25,50.8,1829,81,284,41,56,5,14031,Legs,3,18,7.5
user_000025,2026-08-26,50.8,1286,88,157,34,17,2,17338,Upper,4,14,5.6
user_000025,2026-08-27,50.5,1325,110,147,33,46,3,10628,Pull,2,19,8.9
user_000025,2026-08-28,50.6,1081,102,112,25,15,2,11342,Rest,,,6.4
user_000025,2026-08-29,50.2,1389,92,181,33,46,2,13338,Upper,2,16,8.1
user_000025,2026-08-30,50.2,1556,99,200,40,60,3,13974,Legs,3,14,5.7
user_000025,2026-08-31,50.5,1558,82,222,38,42,5,3379,Pull,3,12,8.9
user_000025,2026-09-01,50.3,1318,105,130,42,11,4,13128,Legs,2,14,6.6
user_000025,2026-09-02,50.4,2149,98,302,61,59,4,17589,Push,5,10,8.6
user_000025,2026-09-03,50.4,1194,98,133,30,5,3,9339,Rest,,,7.0
user_000025,2026-09-04,50.6,1083,100,92,35,3,4,4257,Rest,,,5.6
user_000025,2026-09-05,50.2,1331,96,149,39,17,2,15222,Rest,,,5.5
user_000025,2026-09-06,50.3,1358,98,147,42,26,1,13168,Legs,3,8,8.9
user_000025,2026-09-07,50.2,1830,104,259,42,41,4,13210,Legs,4,17,8.7
user_000025,2026-09-08,50.0,1438,98,167,42,51,2,7136,Upper,4,15,6.5
user_000025,2026-09-09,49.8,1211,89,135,35,53,1,11948,Upper,1,13,5.7
user_000025,2026-09-10,49.5,1313,79,184,29,6,3,9643,Pull,1,14,9.0
user_000025,2026-09-11,49.6,1588,96,184,52,31,4,12227,Upper,2,10,8.5
user_000025,2026-09-12,49.7,1076,90,125,24,12,1,5453,Pull,3,20,8.1
user_000025,2026-09-13,49.6,1937,95,270,53,41,4,14016,Pull,0,12,5.7
user_000025,2026-09-14,49.6,1231,96,133,35,30,1,3254,Legs,5,18,7.2
user_000025,2026-09-15,49.8,1781,82,235,57,45,5,17728,Push,2,12,5.6
user_000025,2026-09-16,50.0,1078,80,131,26,20,1,12534,Upper,2,15,7.4
user_000025,2026-09-17,49.7,1609,97,213,41,45,5,15485,Pull,2,9,8.6
user_000025,2026-09-18,49.7,1553,94,202,41,55,3,3813,Rest,,,6.2
user_000025,2026-09-19,49.4,1801,100,249,45,8,2,3484,Upper,3,17,6.6
user_000025,2026-09-20,49.6,2089,85,291,65,45,1,16295,Legs,4,15,8.8
user_000025,2026-09-21,49.8,1798,86,242,54,56,4,7742,Upper,2,7,6.2
user_000025,2026-09-22,49.7,2313,105,327,65,53,5,9752,Pull,5,18,7.3
user_000025,2026-09-23,49.9,1369,87,163,41,16,1,6481,Upper,0,14,6.5
user_000025,2026-09-24,49.7,1895,92,285,43,42,3,11424,Upper,2,19,6.4
user_000025,2026-09-25,49.9,2119,83,332,51,54,4,13463,Legs,2,10,8.6
user_000025,2026-09-26,49.9,1928,107,240,60,55,2,16102,Upper,2,20,6.3
user_000025,2026-09-27,50.0,1838,103,244,50,10,2,15562,Legs,2,13,8.1
user_000025,2026-09-28,50.0,1799,81,236,59,13,1,7865,Upper,3,10,6.0
user_000025,2026-09-29,49.8,1961,86,267,61,57,2,8808,Legs,3,18,8.9
user_000025,2026-09-30,49.5,1870,84,262,54,55,3,8818,Upper,5,9,7.4
user_000025,2026-10-01,49.4,1587,102,207,39,33,1,4366,Legs,3,17,6.9
user_000025,2026-10-02,49.5,1536,89,214,36,34,1,3337,Pull,3,6,6.3
user_000025,2026-10-03,49.3,1646,102,188,54,12,3,6021,Legs,5,18,8.9
user_000025,2026-10-04,49.5,1469,101,183,37,10,3,3073,Rest,,,7.2
user_000025,2026-10-05,49.5,1339,84,181,31,59,1,4790,Upper,0,8,8.2
user_000025,2026-10-06,49.5,1721,97,232,45,1,1,15605,Rest,,,7.6
user_000025,2026-10-07,49.6,2189,99,293,69,4,4,16145,Rest,,,7.7
user_000025,2026-10-08,49.6,1707,85,245,43,42,2,7379,Upper,5,11,8.8
user_000025,2026-10-09,49.8,2034,98,307,46,56,3,16798,Legs,3,20,8.0
user_000025,2026-10-10,49.7,2522,81,419,58,43,4,17448,Legs,5,11,8.4
user_000025,2026-10-11,49.7,1828,100,231,56,7,2,12297,Pull,2,10,7.7
user_000025,2026-10-12,49.6,1950,97,278,50,45,2,15058,Pull,4,10,6.3
user_000025,2026-10-13,49.5,2239,96,313,67,60,5,6926,Rest,,,8.2
user_000025,2026-10-14,49.7,1702,94,219,50,29,2,13321,Pull,5,12,8.0
user_000025,2026-10-15,49.8,2059,89,275,67,58,4,4154,Legs,1,9,8.5
user_000025,2026-10-16,49.6,2067,103,299,51,56,4,10663,Upper,5,17,7.0
user_000025,2026-10-17,49.5,1702,93,238,42,11,3,6296,Push,0,15,7.4
user_000025,2026-10-18,49.7,1768,83,260,44,8,2,7855,Pull,3,19,6.2
user_000025,2026-10-19,49.8,2180,89,330,56,56,4,12023,Push,2,16,7.3
user_000025,2026-10-20,49.8,1812,93,261,44,14,4,7161,Legs,3,9,6.5
user_000025,2026-10-21,50.0,1936,106,252,56,1,4,17969,Rest,,,6.9
user_000025,2026-10-22,50.2,1834,91,246,54,31,4,3771,Rest,,,7.7
user_000025,2026-10-23,49.9,1709,108,218,45,19,5,8023,Rest,,,7.8
user_000025,2026-10-24,49.7,1662,91,203,54,18,2,4415,Legs,2,15,8.4
user_000025,2026-10-25,49.7,1261,99,133,37,14,2,4482,Rest,,,7.8
user_000025,2026-10-26,49.8,1837,104,218,61,0,5,12425,Upper,2,19,8.3
user_000025,2026-10-27,50.1,1937,99,266,53,16,5,10837,Rest,,,7.6
user_000025,2026-10-28,50.1,1876,84,250,60,2,4,13912,Rest,,,7.8
user_000025,2026-10-29,50.2,2197,109,294,65,15,5,14530,Rest,,,6.4
user_000025,2026-10-30,50.3,1935,82,305,43,40,1,15423,Pull,1,15,7.9
user_000025,2026-10-31,50.2,1759,105,220,51,23,4,4165,Legs,2,20,8.1
user_000025,2026-11-01,50.3,1909,106,234,61,48,1,10406,Rest,,,5.5
user_000025,2026-11-02,50.6,1485,101,196,33,3,1,9370,Pull,2,16,6.7
user_000025,2026-11-03,50.8,1816,86,260,48,50,1,7475,Legs,3,13,6.4
user_000025,2026-11-04,51.1,1897,110,245,53,12,3,10769,Legs,1,7,5.8
user_000025,2026-11-05,50.9,2141,84,296,69,52,3,17347,Legs,3,16,8.9
user_000025,2026-11-06,50.8,1510,86,215,34,10,3,4470,Legs,3,12,8.9
user_000025,2026-11-07,51.0,2129,91,295,65,17,5,15088,Pull,5,13,7.3
user_000025,2026-11-08,50.9,1592,83,207,48,6,1,11615,Push,5,7,7.7
user_000025,2026-11-09,51.1,1728,100,242,40,54,2,4537,Push,4,14,8.4
user_000025,2026-11-10,51.0,1698,108,204,50,22,2,17165,Pull,1,10,6.7
user_000025,2026-11-11,51.2,1904,102,248,56,10,5,17247,Legs,5,14,6.2
user_000025,2026-11-12,51.2,2369,100,355,61,58,4,7832,Rest,,,6.8
user_000025,2026-11-13,51.0,1640,109,202,44,32,3,9138,Upper,0,11,8.1
user_000025,2026-11-14,50.9,1607,108,197,43,47,1,8406,Pull,2,12,6.0
user_000025,2026-11-15,50.9,1882,94,282,42,58,2,3882,Push,2,20,8.5
user_000025,2026-11-16,50.9,1679,94,220,47,46,2,8490,Upper,4,10,7.3
user_000025,2026-11-17,51.1,1630,111,211,38,54,2,3744,Push,2,7,8.0
user_000025,2026-11-18,51.1,1826,84,251,54,7,5,7938,Legs,4,11,8.3
user_000025,2026-11-19,51.3,1623,109,182,51,1,4,7630,Upper,4,12,6.5
user_000025,2026-11-20,51.3,2272,86,365,52,53,3,14514,Rest,,,9.0
user_000025,2026-11-21,51.1,1720,109,204,52,2,1,15146,Rest,,,6.2
user_000025,2026-11-22,51.2,1693,108,223,41,31,2,4932,Rest,,,8.2
user_000025,2026-11-23,51.3,1923,98,268,51,12,1,11961,Rest,,,8.0
user_000025,2026-11-24,51.2,1469,101,165,45,4,5,5293,Push,4,20,8.4
user_000025,2026-11-25,51.1,1450,93,184,38,37,1,6474,Pull,1,15,5.9
user_000025,2026-11-26,51.1,2045,103,280,57,17,2,14820,Rest,,,8.9
user_000025,2026-11-27,51.1,2349,106,344,61,53,3,17018,Push,3,7,8.8
user_000026,2026-07-01,51.3,1425,91,164,45,58,2,4052,Legs,5,10,7.6
user_000026,2026-07-02,51.6,1908,106,245,56,22,3,16283,Legs,4,8,5.8
user_000026,2026-07-03,51.3,1525,104,185,41,50,1,15631,Legs,1,16,5.9
user_000026,2026-07-04,51.3,1394,83,162,46,21,1,17881,Rest,,,7.3
user_000026,2026-07-05,51.4,1698,101,211,50,6,1,9778,Rest,,,8.5
user_000026,2026-07-06,51.5,1603,105,208,39,1,3,10902,Push,1,8,7.5
user_000026,2026-07-07,51.7,1867,96,247,55,0,5,16998,Push,1,16,7.2
user_000026,2026-07-08,51.8,1735,106,240,39,20,2,14509,Pull,5,6,6.5
user_000026,2026-07-09,52.0,2128,99,289,64,50,4,10286,Pull,1,10,8.8
user_000026,2026-07-10,51.8,1780,93,226,56,19,2,16110,Upper,1,12,6.7
user_000026,2026-07-11,52.1,1949,106,280,45,32,1,5961,Pull,0,17,8.8
user_000026,2026-07-12,52.1,1743,85,254,43,32,1,7703,Push,4,7,7.8
user_000026,2026-07-13,52.3,1468,88,198,36,18,1,11255,Pull,3,10,6.5
user_000026,2026-07-14,52.0,1961,101,252,61,30,2,17464,Push,3,9,8.3
user_000026,2026-07-15,52.0,1713,104,205,53,43,3,4100,Upper,5,11,8.5
user_000026,2026-07-16,51.9,1620,96,228,36,47,1,6985,Upper,3,20,5.8
user_000026,2026-07-17,51.8,2039,83,303,55,55,4,11364,Pull,0,18,6.1
user_000026,2026-07-18,52.1,1980,95,256,64,44,2,17043,Pull,1,7,5.8
user_000026,2026-07-19,52.3,1966,98,290,46,9,4,17123,Rest,,,6.0
user_000026,2026-07-20,52.3,1688,98,234,40,13,3,8795,Upper,3,6,5.9
user_000026,2026-07-21,52.1,1933,89,275,53,32,5,9845,Pull,3,8,8.2
user_000026,2026-07-22,51.8,2016,98,289,52,13,5,13966,Upper,0,18,6.6
user_000026,2026-07-23,51.7,1504,113,182,36,60,2,6321,Push,5,16,9.0
user_000026,2026-07-24,51.5,1857,102,252,49,41,3,12267,Legs,0,11,8.2
user_000026,2026-07-25,51.4,2031,87,297,55,36,4,12766,Rest,,,7.7
user_000026,2026-07-26,51.1,1802,95,234,54,33,1,14109,Rest,,,8.1
user_000026,2026-07-27,50.8,2304,92,322,72,60,5,10595,Push,1,10,7.0
user_000026,2026-07-28,51.1,2014,104,260,62,15,4,7867,Rest,,,5.6
user_000026,2026-07-29,50.9,1910,110,255,50,37,4,8621,Push,0,9,7.3
user_000026,2026-07-30,50.7,1525,83,197,45,11,4,10860,Push,0,13,6.1
user_000026,2026-07-31,50.7,2106,86,319,54,33,2,15465,Pull,5,16,8.8
user_000026,2026-08-01,50.5,1828,104,254,44,5,3,17700,Push,3,7,6.5
user_000026,2026-08-02,50.8,1887,85,281,47,54,2,6300,Push,4,17,7.3
user_000026,2026-08-03,50.6,2307,108,309,71,51,5,16182,Upper,5,9,6.3
user_000026,2026-08-04,50.6,1917,108,270,45,4,2,11577,Legs,1,18,5.7
user_000026,2026-08-05,50.4,2171,90,320,59,35,4,15865,Upper,4,16,6.6
user_000026,2026-08-06,50.3,1700,97,202,56,14,1,10076,Upper,1,13,6.9
user_000026,2026-08-07,50.4,1833,82,257,53,44,2,9424,Upper,3,7,7.3
user_000026,2026-08-08,50.4,1613,108,176,53,37,1,3084,Rest,,,5.8
user_000026,2026-08-09,50.3,1566,106,200,38,13,3,5560,Upper,2,17,6.5
user_000026,2026-08-10,50.2,1709,89,219,53,46,3,3445,Upper,5,15,7.3
user_000026,2026-08-11,50.3,2016,107,253,64,14,5,15594,Legs,4,7,6.1
user_000026,2026-08-12,50.2,1754,83,234,54,20,4,4609,Legs,3,13,9.0
user_000026,2026-08-13,49.9,1470,102,162,46,23,3,7336,Legs,2,13,8.9
user_000026,2026-08-14,49.8,1445,94,166,45,11,1,3832,Legs,3,19,7.9
user_000026,2026-08-15,49.8,1817,104,249,45,22,3,9563,Push,2,9,6.5
user_000026,2026-08-16,49.7,2012,96,281,56,59,2,7799,Pull,4,12,6.0
user_000026,2026-08-17,49.9,1762,107,212,54,25,5,4396,Legs,0,11,5.7
user_000026,2026-08-18,50.2,2023,109,246,67,10,5,4505,Push,0,12,8.3
user_000026,2026-08-19,50.4,2272,98,335,60,43,5,12480,Legs,4,13,5.6
user_000026,2026-08-20,50.2,1740,87,249,44,32,3,5055,Pull,3,19,7.4
user_000026,2026-08-21,50.2,1656,88,218,48,40,2,3226,Rest,,,5.7
user_000026,2026-08-22,50.1,1532,107,168,48,7,1,4904,Rest,,,5.7
user_000026,2026-08-23,50.3,1837,91,276,41,22,5,10254,Upper,2,13,7.9
user_000026,2026-08-24,50.6,1585,103,210,37,5,2,9328,Legs,1,14,6.0
user_000026,2026-08-25,50.3,1769,85,238,53,27,1,12552,Pull,2,12,7.8
user_000026,2026-08-26,50.4,1460,85,208,32,46,1,8687,Upper,3,12,6.3
user_000026,2026-08-27,50.5,1876,95,248,56,26,2,16695,Upper,4,20,5.8
user_000026,2026-08-28,50.3,1843,99,256,47,52,5,4995,Pull,3,13,6.4
user_000026,2026-08-29,50.2,1901,110,228,61,50,1,16721,Legs,1,12,7.2
user_000026,2026-08-30,50.5,2259,85,365,51,11,5,16777,Push,2,18,8.7
user_000026,2026-08-31,50.8,2049,111,264,61,0,5,17478,Pull,3,10,6.2
user_000026,2026-09-01,51.0,1737,110,214,49,16,4,5125,Push,4,14,6.6
user_000026,2026-09-02,51.1,2039,98,270,63,49,1,14659,Pull,1,10,7.8
user_000026,2026-09-03,51.1,1922,103,256,54,31,4,13323,Push,4,16,6.0
user_000026,2026-09-04,50.9,1600,105,205,40,54,2,6219,Rest,,,7.0
user_000026,2026-09-05,51.1,1771,82,228,59,7,2,17034,Push,2,7,6.1
user_000026,2026-09-06,50.9,1669,103,231,37,21,2,17209,Rest,,,7.3
user_000026,2026-09-07,50.9,1903,105,238,59,43,2,7679,Rest,,,5.6
user_000026,2026-09-08,50.9,1751,109,214,51,48,4,5600,Legs,1,14,6.5
user_000026,2026-09-09,50.8,2519,94,385,67,59,5,11854,Pull,5,10,7.1
user_000026,2026-09-10,50.6,2480,84,374,72,58,5,7436,Rest,,,7.2
user_000026,2026-09-11,50.9,1558,84,220,38,32,1,3161,Rest,,,6.3
user_000026,2026-09-12,51.2,1599,88,215,43,13,2,3205,Rest,,,7.2
user_000026,2026-09-13,51.2,1840,99,235,56,17,2,10448,Push,2,20,8.2
user_000026,2026-09-14,51.3,1775,108,212,55,58,1,4980,Pull,0,8,6.9
user_000026,2026-09-15,51.0,1728,95,211,56,30,3,8821,Rest,,,7.7
user_000026,2026-09-16,51.2,1868,98,270,44,41,2,5274,Push,2,18,7.9
user_000026,2026-09-17,51.2,1806,88,251,50,14,2,16743,Legs,0,12,6.4
user_000026,2026-09-18,51.0,2347,88,357,63,55,5,8872,Pull,2,13,6.9
user_000026,2026-09-19,51.1,1828,87,253,52,7,1,11490,Pull,5,13,6.4
user_000026,2026-09-20,51.2,1715,111,221,43,14,3,5232,Push,3,11,8.7
user_000026,2026-09-21,51.3,2182,97,318,58,37,2,13140,Legs,5,11,5.9
user_000026,2026-09-22,51.1,1950,107,268,50,42,2,10371,Pull,0,19,8.3
user_000026,2026-09-23,51.2,1782,94,230,54,23,3,11672,Push,4,12,7.3
user_000026,2026-09-24,51.1,2106,95,292,62,3,1,16277,Pull,2,16,5.7
user_000026,2026-09-25,51.1,1684,110,194,52,20,4,8628,Upper,0,6,8.4
user_000026,2026-09-26,51.1,2076,91,284,64,25,2,8931,Pull,0,7,7.6
user_000026,2026-09-27,50.9,2182,97,318,58,32,3,17287,Pull,5,14,5.6
user_000026,2026-09-28,50.9,1602,88,218,42,10,1,10979,Push,5,7,7.5
user_000026,2026-09-29,51.0,1657,82,222,49,59,1,9588,Upper,2,14,8.0
user_000026,2026-09-30,50.8,1782,106,236,46,3,1,7841,Legs,0,19,5.5
user_000026,2026-10-01,50.8,1816,107,230,52,28,1,9647,Pull,0,19,7.4
user_000026,2026-10-02,51.1,2200,94,294,72,57,3,9037,Rest,,,5.8
user_000026,2026-10-03,50.9,2002,95,275,58,11,4,5089,Push,1,11,6.8
user_000026,2026-10-04,50.9,1692,97,218,48,9,2,16410,Pull,3,15,8.9
user_000026,2026-10-05,50.8,2320,105,349,56,55,3,16015,Push,3,16,7.7
user_000026,2026-10-06,51.0,1760,97,253,40,1,4,15635,Upper,4,6,8.7
user_000026,2026-10-07,51.2,1953,82,305,45,20,3,13574,Pull,4,18,6.7
user_000026,2026-10-08,51.3,1996,91,291,52,33,4,15548,Pull,0,11,7.6
user_000026,2026-10-09,51.0,1895,87,281,47,19,2,9990,Pull,5,11,8.5
user_000026,2026-10-10,51.1,1752,82,257,44,28,1,7047,Legs,1,13,8.6
user_000026,2026-10-11,51.3,1546,103,180,46,30,2,6453,Rest,,,8.1
user_000026,2026-10-12,51.6,1644,110,211,40,14,1,13654,Push,5,6,6.1
user_000026,2026-10-13,51.9,1740,92,253,40,28,3,8367,Pull,3,8,8.3
user_000026,2026-10-14,51.8,2010,97,302,46,39,1,14362,Push,1,20,7.0
user_000026,2026-10-15,52.0,2133,89,334,49,49,3,14725,Push,5,20,7.3
user_000026,2026-10-16,51.7,2282,105,335,58,55,4,17795,Rest,,,7.6
user_000026,2026-10-17,51.8,1569,102,180,49,8,5,6316,Upper,0,18,7.2
user_000026,2026-10-18,51.5,1950,101,274,50,41,3,3549,Pull,3,16,7.0
user_000026,2026-10-19,51.7,1615,94,204,47,23,3,3481,Legs,4,20,8.1
user_000026,2026-10-20,51.8,2086,102,298,54,28,3,16187,Rest,,,7.5
user_000026,2026-10-21,52.0,2169,108,288,65,13,3,17755,Push,4,19,5.9
user_000026,2026-10-22,52.3,2273,114,317,61,53,5,7716,Push,3,10,7.0
user_000026,2026-10-23,52.0,1860,99,240,56,57,2,12675,Upper,3,18,7.3
user_000026,2026-10-24,51.7,1922,112,265,46,60,2,9834,Rest,,,6.9
user_000026,2026-10-25,51.9,1836,88,263,48,17,1,5744,Legs,0,16,6.4
user_000026,2026-10-26,52.1,1734,105,234,42,1,1,11928,Pull,1,12,6.6
user_000026,2026-10-27,52.0,1504,87,208,36,2,2,10689,Push,2,17,8.6
user_000026,2026-10-28,51.7,1942,90,265,58,24,2,11961,Legs,5,14,5.5
user_000026,2026-10-29,51.4,2041,111,271,57,24,5,13986,Push,2,9,8.9
user_000026,2026-10-30,51.3,1762,100,237,46,8,4,13249,Legs,4,14,7.9
user_000026,2026-10-31,51.0,1616,88,217,44,45,1,7337,Pull,5,20,8.4
user_000026,2026-11-01,50.7,2379,87,366,63,44,3,17033,Rest,,,8.6
user_000026,2026-11-02,50.7,1593,85,221,41,32,4,6568,Upper,2,14,6.3
user_000026,2026-11-03,50.4,1383,101,157,39,19,1,4484,Rest,,,8.8
user_000026,2026-11-04,50.5,2138,110,276,66,48,3,12048,Pull,3,14,5.7
user_000026,2026-11-05,50.7,1789,103,225,53,13,2,15826,Push,5,8,6.2
user_000026,2026-11-06,51.0,1587,100,200,43,10,2,5916,Rest,,,8.3
user_000026,2026-11-07,51.1,1608,93,228,36,1,2,11190,Rest,,,5.8
user_000026,2026-11-08,51.0,1454,99,188,34,16,1,13863,Legs,1,11,6.2
user_000026,2026-11-09,51.1,1886,107,261,46,23,5,5087,Push,1,12,8.2
user_000026,2026-11-10,50.9,1840,111,241,48,55,3,11843,Push,4,10,6.0
user_000026,2026-11-11,51.2,2090,93,308,54,47,2,13696,Legs,5,6,7.0
user_000026,2026-11-12,50.9,1414,103,156,42,6,4,4371,Legs,5,9,8.4
user_000026,2026-11-13,51.2,1852,83,263,52,28,3,16427,Push,5,14,6.7
user_000026,2026-11-14,51.4,1461,109,155,45,4,4,5568,Rest,,,7.2
user_000026,2026-11-15,51.6,2047,98,308,47,40,2,6773,Rest,,,6.1
user_000026,2026-11-16,51.7,2040,94,272,64,32,4,17188,Pull,2,6,6.8
user_000026,2026-11-17,51.5,1930,112,267,46,42,1,13240,Upper,1,19,6.5
user_000026,2026-11-18,51.4,2293,89,347,61,54,5,11823,Upper,2,6,7.1
user_000026,2026-11-19,51.5,1958,91,259,62,56,4,3471,Legs,4,17,8.7
user_000026,2026-11-20,51.5,2389,109,324,73,42,1,16400,Push,2,19,7.3
user_000026,2026-11-21,51.5,2203,99,301,67,57,5,8401,Legs,2,19,8.1
user_000026,2026-11-22,51.3,1588,87,211,44,43,1,7398,Pull,1,16,8.2
user_000026,2026-11-23,51.6,2090,111,281,58,43,4,12431,Upper,5,20,6.2
user_000026,2026-11-24,51.5,2053,87,298,57,58,2,7310,Push,5,8,6.5
user_000026,2026-11-25,51.4,1781,91,253,45,27,5,5563,Push,0,16,6.6
user_000026,2026-11-26,51.6,2004,96,297,48,33,5,15354,Rest,,,7.2
user_000026,2026-11-27,51.7,2051,106,292,51,26,4,9849,Upper,4,17,6.5
user_000027,2026-07-01,51.2,1888,100,264,48,15,5,9573,Push,5,19,8.0
user_000027,2026-07-02,51.1,2025,96,300,49,23,2,17458,Push,1,12,5.7
user_000027,2026-07-03,50.9,1975,94,294,47,11,4,10833,Rest,,,9.0
user_000027,2026-07-04,51.1,1635,90,231,39,4,3,5384,Pull,3,18,5.7
user_000027,2026-07-05,51.0,1781,85,241,53,0,2,10981,Upper,1,19,7.6
user_000027,2026-07-06,50.7,1957,85,303,45,10,3,15422,Legs,4,14,6.0
user_000027,2026-07-07,51.0,1996,82,318,44,41,3,15874,Legs,1,18,6.2
user_000027,2026-07-08,50.8,1872,84,249,60,51,2,7347,Push,0,7,8.2
user_000027,2026-07-09,51.0,1923,86,262,59,14,5,11596,Upper,3,10,7.4
user_000027,2026-07-10,50.9,2485,97,396,57,55,5,14657,Rest,,,7.1
user_000027,2026-07-11,51.0,1824,82,284,40,18,3,6169,Legs,0,8,6.6
user_000027,2026-07-12,50.8,1829,96,260,45,12,5,12857,Legs,0,15,7.6
user_000027,2026-07-13,51.0,2250,82,314,74,60,5,6834,Push,5,12,8.5
user_000027,2026-07-14,50.9,2129,93,311,57,40,5,3904,Upper,3,17,6.1
user_000027,2026-07-15,50.7,1604,96,197,48,0,3,11657,Upper,5,15,5.7
user_000027,2026-07-16,50.8,1834,98,239,54,8,2,6209,Upper,2,13,6.9
user_000027,2026-07-17,50.8,1950,84,264,62,26,2,10670,Legs,0,9,8.0
user_000027,2026-07-18,50.6,1931,97,289,43,17,5,9303,Legs,3,11,8.5
user_000027,2026-07-19,50.7,1637,81,245,37,29,2,5863,Rest,,,6.4
user_000027,2026-07-20,50.7,2262,96,357,50,40,3,8985,Pull,5,10,5.7
user_000027,2026-07-21,50.6,2093,103,292,57,35,5,5078,Legs,1,14,8.0
user_000027,2026-07-22,50.3,1880,96,239,60,5,3,17907,Push,5,14,8.4
user_000027,2026-07-23,50.1,2374,100,363,58,45,5,11962,Legs,2,8,7.5
user_000027,2026-07-24,50.0,2156,108,287,64,35,3,16313,Upper,4,15,7.3
user_000027,2026-07-25,50.1,2356,84,361,64,60,5,3062,Pull,5,20,5.9
user_000027,2026-07-26,49.9,2048,96,290,56,25,5,7383,Pull,2,15,5.8
user_000027,2026-07-27,49.9,2518,88,357,82,47,5,5308,Pull,5,17,7.8
user_000027,2026-07-28,49.8,1846,109,258,42,60,2,13920,Rest,,,6.4
user_000027,2026-07-29,50.1,1871,84,287,43,23,1,10772,Upper,2,12,7.8
user_000027,2026-07-30,50.2,2069,109,262,65,51,3,11713,Upper,2,19,5.8
user_000027,2026-07-31,50.4,2063,106,259,67,42,5,10121,Upper,0,16,6.6
user_000027,2026-08-01,50.5,2323,97,333,67,36,4,10878,Legs,4,20,8.7
user_000027,2026-08-02,50.8,1874,106,223,62,8,2,14717,Push,4,20,6.3
user_000027,2026-08-03,50.5,2469,102,369,65,60,5,14468,Pull,2,11,8.5
user_000027,2026-08-04,50.6,2245,83,359,53,43,4,16469,Rest,,,6.8
user_000027,2026-08-05,50.4,1982,94,289,50,60,3,6823,Legs,0,19,8.2
user_000027,2026-08-06,50.4,1882,82,258,58,39,1,10304,Legs,3,17,6.9
user_000027,2026-08-07,50.2,2051,102,260,67,24,3,16476,Pull,1,16,5.9
user_000027,2026-08-08,50.1,1932,87,297,44,5,4,6978,Upper,0,9,8.6
user_000027,2026-08-09,49.8,1798,89,257,46,33,5,7783,Rest,,,7.2
user_000027,2026-08-10,49.8,2174,85,310,66,41,5,12696,Push,2,11,5.7
user_000027,2026-08-11,49.5,1728,92,223,52,13,2,16800,Push,5,17,7.4
user_000027,2026-08-12,49.8,1554,88,188,50,6,1,5440,Rest,,,7.0
user_000027,2026-08-13,49.6,2227,97,300,71,46,4,15200,Legs,4,17,8.3
user_000027,2026-08-14,49.5,2095,82,300,63,59,1,15862,Push,3,20,8.4
user_000027,2026-08-15,49.4,1800,98,253,44,32,2,14221,Pull,4,14,6.6
user_000027,2026-08-16,49.5,2020,101,287,52,20,3,14682,Legs,0,11,5.6
user_000027,2026-08-17,49.6,1977,97,287,49,23,1,14915,Upper,3,13,7.8
user_000027,2026-08-18,49.5,2025,80,316,49,43,2,5139,Legs,3,13,8.8
user_000027,2026-08-19,49.5,1928,103,271,48,56,2,14988,Push,3,11,5.8
user_000027,2026-08-20,49.5,1910,101,246,58,14,5,14992,Upper,5,11,8.1
user_000027,2026-08-21,49.3,1990,88,297,50,19,2,14212,Rest,,,6.6
user_000027,2026-08-22,49.0,2047,91,315,47,33,3,9756,Legs,3,14,8.1
user_000027,2026-08-23,49.2,1516,78,193,48,7,5,8672,Pull,0,8,8.3
user_000027,2026-08-24,48.9,1768,100,225,52,7,3,15340,Push,0,13,7.9
user_000027,2026-08-25,48.9,1751,104,219,51,35,2,11013,Push,2,10,6.2
user_000027,2026-08-26,49.0,1928,93,281,48,42,1,16201,Legs,5,11,7.7
user_000027,2026-08-27,48.8,2320,89,356,60,47,5,4762,Push,4,14,6.8
user_000027,2026-08-28,48.5,1657,96,199,53,57,1,10029,Rest,,,6.2
user_000027,2026-08-29,48.9,2274,94,317,70,51,3,14629,Pull,0,15,7.6
user_000027,2026-08-30,49.1,2066,83,294,62,21,4,15717,Upper,4,17,6.8
user_000027,2026-08-31,48.9,2255,88,352,55,29,2,12232,Rest,,,7.7
user_000027,2026-09-01,49.0,2582,91,406,66,58,5,13825,Push,3,14,9.0
user_000027,2026-09-02,49.1,2340,82,368,60,45,4,13571,Upper,2,16,6.7
user_000027,2026-09-03,49.1,1595,81,212,47,11,4,8046,Rest,,,7.1
user_000027,2026-09-04,49.1,1947,95,259,59,38,2,15145,Rest,,,7.2
user_000027,2026-09-05,49.0,2084,100,304,52,11,1,11534,Pull,4,14,6.8
user_000027,2026-09-06,48.9,1814,92,249,50,59,1,14633,Pull,3,6,5.8
user_000027,2026-09-07,48.8,2161,89,305,65,60,1,15854,Legs,1,15,7.0
user_000027,2026-09-08,48.8,1867,100,252,51,18,5,13233,Legs,5,8,7.5
user_000027,2026-09-09,48.7,1937,93,254,61,42,1,14500,Rest,,,8.3
user_000027,2026-09-10,48.5,2269,82,348,61,34,3,17395,Pull,2,8,5.7
user_000027,2026-09-11,48.4,1775,104,243,43,33,3,3348,Pull,2,16,8.1
user_000027,2026-09-12,48.4,1962,101,250,62,16,3,13679,Push,2,9,8.1
user_000027,2026-09-13,48.5,1679,85,211,55,11,2,5750,Rest,,,8.0
user_000027,2026-09-14,48.5,1431,86,193,35,3,3,4150,Pull,0,10,6.9
user_000027,2026-09-15,48.6,2034,101,268,62,58,4,14063,Legs,1,14,8.0
user_000027,2026-09-16,48.4,1067,104,93,31,8,1,4578,Push,1,15,6.8
user_000027,2026-09-17,48.2,1657,85,210,53,57,3,14881,Upper,0,11,8.3
user_000027,2026-09-18,48.3,1357,87,178,33,15,4,15719,Rest,,,6.9
user_000027,2026-09-19,48.4,1234,93,148,30,50,1,4318,Pull,1,9,8.5
user_000027,2026-09-20,48.3,1426,91,189,34,57,2,7272,Push,4,15,8.5
user_000027,2026-09-21,48.4,1403,99,173,35,21,2,11123,Push,2,17,7.3
user_000027,2026-09-22,48.1,1352,104,162,32,17,3,10502,Upper,3,15,8.3
user_000027,2026-09-23,48.0,1282,87,166,30,42,3,8920,Legs,0,7,7.7
user_000027,2026-09-24,48.2,1179,86,130,35,1,5,11179,Pull,3,19,6.2
user_000027,2026-09-25,48.3,1192,92,125,36,14,5,8118,Push,5,19,7.5
user_000027,2026-09-26,48.4,1149,90,114,37,11,4,3484,Push,5,9,8.8
user_000027,2026-09-27,48.4,1486,92,194,38,32,2,16531,Push,5,17,6.1
user_000027,2026-09-28,48.1,1065,104,106,25,16,4,4506,Legs,5,13,7.1
user_000027,2026-09-29,48.3,1756,105,217,52,35,4,17804,Pull,1,12,7.4
user_000027,2026-09-30,48.1,1638,86,220,46,23,1,16735,Rest,,,7.8
user_000027,2026-10-01,48.2,1206,88,146,30,2,3,4995,Legs,1,16,6.5
user_000027,2026-10-02,47.9,1470,86,205,34,28,3,13960,Push,0,6,5.7
user_000027,2026-10-03,47.9,1512,93,204,36,60,3,7498,Pull,0,18,6.9
user_000027,2026-10-04,48.1,1681,79,249,41,6,5,16237,Upper,0,13,7.4
user_000027,2026-10-05,48.4,1449,105,183,33,30,2,5363,Pull,4,9,7.2
user_000027,2026-10-06,48.3,1404,104,148,44,11,5,13873,Pull,2,18,5.6
user_000027,2026-10-07,48.2,1458,87,174,46,2,5,16069,Legs,0,9,6.9
user_000027,2026-10-08,48.1,1190,87,143,30,0,4,17594,Legs,2,15,6.4
user_000027,2026-10-09,48.2,1529,99,191,41,32,3,7706,Upper,0,17,7.5
user_000027,2026-10-10,48.2,1064,94,100,32,1,1,11029,Rest,,,5.9
user_000027,2026-10-11,48.4,1564,105,178,48,9,4,10721,Push,4,12,7.3
user_000027,2026-10-12,48.4,1703,98,213,51,46,5,3240,Pull,3,9,8.2
user_000027,2026-10-13,48.4,1503,90,207,35,15,4,8567,Upper,2,20,6.4
user_000027,2026-10-14,48.3,1612,83,230,40,42,3,8137,Rest,,,8.2
user_000027,2026-10-15,48.2,1607,97,190,51,32,4,13234,Rest,,,7.1
user_000027,2026-10-16,48.1,1125,98,127,25,14,2,5481,Pull,4,15,7.5
user_000027,2026-10-17,47.9,1136,103,109,32,54,2,6401,Legs,3,17,6.7
user_000027,2026-10-18,48.1,1409,105,155,41,40,4,8573,Rest,,,8.8
user_000027,2026-10-19,47.8,1485,83,214,33,16,4,11389,Push,0,14,5.8
user_000027,2026-10-20,47.8,1318,104,131,42,31,3,10149,Legs,3,17,5.7
user_000027,2026-10-21,47.7,1530,101,178,46,46,5,3638,Pull,4,20,6.3
user_000027,2026-10-22,47.6,1445,97,190,33,49,4,8878,Pull,0,16,5.9
user_000027,2026-10-23,47.3,1576,97,189,48,2,3,11211,Legs,1,19,6.3
user_000027,2026-10-24,47.5,1557,85,203,45,25,2,15514,Legs,4,8,6.5
user_000027,2026-10-25,47.6,1336,96,157,36,44,2,14551,Rest,,,6.9
user_000027,2026-10-26,47.8,1251,93,141,35,18,1,8112,Push,1,18,7.9
user_000027,2026-10-27,48.0,1242,91,152,30,26,2,14041,Push,1,19,6.7
user_000027,2026-10-28,48.2,1621,103,219,37,48,4,6068,Rest,,,6.9
user_000027,2026-10-29,48.4,1074,88,113,30,4,2,3920,Pull,1,17,6.1
user_000027,2026-10-30,48.5,1273,79,165,33,27,4,6159,Legs,2,8,7.4
user_000027,2026-10-31,48.2,1572,79,233,36,34,4,8100,Pull,2,10,8.0
user_000027,2026-11-01,48.0,1547,88,193,47,44,2,11013,Upper,1,19,5.9
user_000027,2026-11-02,47.9,1170,80,136,34,24,1,6013,Legs,2,20,8.0
user_000027,2026-11-03,47.7,1644,88,233,40,41,5,16466,Rest,,,6.6
user_000027,2026-11-04,47.9,1735,87,241,47,48,3,12697,Push,4,20,8.3
user_000027,2026-11-05,47.6,1780,94,252,44,35,5,12980,Legs,0,19,8.3
user_000027,2026-11-06,47.5,1774,76,237,58,56,2,17373,Legs,2,10,6.9
user_000027,2026-11-07,47.4,1389,84,189,33,30,3,4856,Legs,5,9,5.9
user_000027,2026-11-08,47.4,1551,82,218,39,52,3,13988,Upper,3,9,6.2
user_000027,2026-11-09,47.4,1457,97,166,45,21,4,8263,Push,5,6,8.5
user_000027,2026-11-10,47.4,1580,84,194,52,20,2,14304,Upper,2,20,8.0
user_000027,2026-11-11,47.6,1303,87,169,31,2,4,11159,Rest,,,7.8
user_000027,2026-11-12,47.6,1340,96,167,32,46,3,6829,Legs,0,13,7.7
user_000027,2026-11-13,47.2,1056,88,122,24,20,1,11844,Pull,2,17,7.3
user_000027,2026-11-14,47.4,1271,85,145,39,37,1,3488,Push,2,8,7.9
user_000027,2026-11-15,47.5,1525,88,192,45,58,4,10977,Legs,0,11,9.0
user_000027,2026-11-16,47.3,1057,102,88,33,53,1,4683,Rest,,,7.5
user_000027,2026-11-17,47.2,1297,97,153,33,45,1,12417,Rest,,,6.1
user_000027,2026-11-18,47.3,1356,77,163,44,46,2,6644,Rest,,,6.7
user_000027,2026-11-19,47.1,1672,90,211,52,49,3,11490,Legs,5,16,7.0
user_000027,2026-11-20,46.8,1412,77,186,40,19,4,10082,Legs,4,14,6.5
user_000027,2026-11-21,47.0,2128,90,325,52,55,5,13700,Push,5,19,8.9
user_000027,2026-11-22,47.1,1316,76,181,32,59,2,4677,Rest,,,6.8
user_000027,2026-11-23,47.2,1950,91,293,46,51,3,17965,Legs,4,10,6.8
user_000027,2026-11-24,47.3,1070,103,88,34,4,5,12296,Push,4,13,6.9
user_000027,2026-11-25,47.2,1403,96,167,39,20,2,15093,Rest,,,8.1
user_000027,2026-11-26,46.8,1900,80,269,56,54,5,13437,Upper,5,9,6.8
user_000027,2026-11-27,46.8,1694,102,218,46,53,3,11614,Upper,2,9,5.5
user_000028,2026-07-01,51.2,1424,86,171,44,4,1,16687,Upper,5,6,7.8
user_000028,2026-07-02,51.2,1428,88,179,40,14,1,12135,Upper,2,15,6.9
user_000028,2026-07-03,51.4,1101,103,98,33,4,5,9966,Legs,0,14,8.8
user_000028,2026-07-04,51.6,1401,95,154,45,50,2,16480,Pull,0,19,6.9
user_000028,2026-07-05,51.5,1326,103,152,34,7,4,16280,Upper,3,13,6.2
user_000028,2026-07-06,51.7,1193,109,124,29,55,1,5015,Upper,1,20,5.6
user_000028,2026-07-07,51.5,1091,94,109,31,0,3,4984,Pull,5,19,6.8
user_000028,2026-07-08,51.4,1273,92,143,37,8,1,7006,Pull,3,7,6.8
user_000028,2026-07-09,51.3,1440,92,178,40,0,4,11153,Pull,3,11,6.4
user_000028,2026-07-10,51.5,1195,108,103,39,27,3,3867,Push,2,17,7.7
user_000028,2026-07-11,51.5,1339,99,148,39,2,3,16075,Pull,0,20,6.9
user_000028,2026-07-12,51.2,1514,94,190,42,23,1,17408,Legs,0,12,8.7
user_000028,2026-07-13,51.5,1604,105,188,48,32,4,5546,Rest,,,8.4
user_000028,2026-07-14,51.2,1221,94,128,37,41,1,8442,Pull,3,16,5.9
user_000028,2026-07-15,51.4,1495,91,177,47,24,4,10163,Legs,2,11,8.3
user_000028,2026-07-16,51.5,1267,109,120,39,45,1,5282,Rest,,,5.7
user_000028,2026-07-17,51.4,1921,94,258,57,59,5,14132,Upper,1,6,6.2
user_000028,2026-07-18,51.6,1176,104,118,32,23,2,15270,Legs,3,18,8.7
user_000028,2026-07-19,51.5,1664,107,201,48,40,4,14902,Pull,5,18,6.2
user_000028,2026-07-20,51.4,1835,93,233,59,43,5,4581,Pull,2,15,8.0
user_000028,2026-07-21,51.3,1413,96,165,41,43,3,12682,Push,5,15,6.3
user_000028,2026-07-22,51.2,1164,94,125,32,6,4,12650,Push,5,13,5.9
user_000028,2026-07-23,51.3,1564,104,179,48,46,3,5152,Rest,,,6.2
user_000028,2026-07-24,51.2,1243,100,141,31,12,1,13120,Push,1,12,8.8
user_000028,2026-07-25,51.4,1629,94,221,41,57,2,11780,Rest,,,6.1
user_000028,2026-07-26,51.6,1385,100,154,41,9,1,13645,Pull,2,9,6.4
user_000028,2026-07-27,51.2,1256,94,139,36,10,4,4770,Legs,2,18,6.1
user_000028,2026-07-28,51.0,1791,98,244,47,45,4,16733,Push,2,14,7.5
user_000028,2026-07-29,50.8,1232,96,122,40,3,2,10400,Push,2,8,5.7
user_000028,2026-07-30,51.1,1472,95,165,48,22,5,3077,Push,1,13,7.5
user_000028,2026-07-31,51.0,1918,92,266,54,53,3,16174,Upper,0,11,8.9
user_000028,2026-08-01,51.1,1406,83,174,42,35,3,3672,Push,2,18,6.2
user_000028,2026-08-02,51.1,1473,97,170,45,47,4,12634,Rest,,,8.3
user_000028,2026-08-03,51.1,1549,82,213,41,21,5,11683,Rest,,,8.5
user_000028,2026-08-04,50.8,1346,111,140,38,43,2,9299,Rest,,,6.5
user_000028,2026-08-05,50.9,1387,81,169,43,9,1,9401,Upper,1,8,6.7
user_000028,2026-08-06,50.9,1424,87,188,36,41,1,12108,Push,1,18,5.6
user_000028,2026-08-07,51.1,1459,103,156,47,21,3,7419,Upper,3,12,8.4
user_000028,2026-08-08,51.1,1087,102,91,35,4,5,5252,Legs,4,7,8.3
user_000028,2026-08-09,50.9,1706,86,237,46,19,4,11069,Pull,4,20,7.4
user_000028,2026-08-10,51.1,1892,105,260,48,59,4,10803,Rest,,,8.0
user_000028,2026-08-11,51.1,1587,98,184,51,37,3,10388,Rest,,,8.7
user_000028,2026-08-12,51.2,1451,99,176,39,50,2,6888,Push,2,15,7.8
user_000028,2026-08-13,51.1,1671,101,193,55,20,5,14212,Pull,2,13,7.8
user_000028,2026-08-14,51.3,1154,102,119,30,6,3,7162,Rest,,,6.7
user_000028,2026-08-15,51.3,1314,106,128,42,14,2,14337,Rest,,,7.0
user_000028,2026-08-16,51.5,1296,110,124,40,7,5,8622,Legs,2,20,6.1
user_000028,2026-08-17,51.4,1950,98,277,50,55,5,9734,Legs,4,16,8.4
user_000028,2026-08-18,51.3,1677,105,222,41,54,5,5103,Legs,1,18,7.5
user_000028,2026-08-19,51.4,1353,95,151,41,52,1,5755,Legs,3,12,7.8
user_000028,2026-08-20,51.1,1556,107,192,40,31,1,10843,Pull,5,15,6.3
user_000028,2026-08-21,51.3,1212,103,128,32,4,1,10959,Upper,0,20,5.8
user_000028,2026-08-22,50.9,1129,106,120,25,24,5,6988,Legs,0,6,5.6
user_000028,2026-08-23,51.0,1407,87,168,43,60,2,6796,Pull,0,19,7.0
user_000028,2026-08-24,51.1,1170,98,109,38,20,2,3969,Legs,4,18,7.8
user_000028,2026-08-25,51.1,1368,106,155,36,1,2,9788,Pull,1,18,6.8
user_000028,2026-08-26,51.1,1197,106,128,29,27,1,4181,Pull,0,19,7.4
user_000028,2026-08-27,51.1,1262,108,131,34,5,2,11403,Pull,1,18,5.9
user_000028,2026-08-28,50.8,1264,87,139,40,36,4,3507,Legs,1,11,8.0
user_000028,2026-08-29,51.0,1946,107,258,54,50,4,4048,Rest,,,5.9
user_000028,2026-08-30,50.9,1711,106,234,39,60,3,14811,Pull,3,16,7.2
user_000028,2026-08-31,51.1,1624,97,228,36,46,1,13389,Pull,2,8,7.2
user_000028,2026-09-01,51.1,1535,94,193,43,27,1,3711,Push,0,19,5.5
user_000028,2026-09-02,51.0,1711,87,244,43,51,1,12913,Rest,,,6.1
user_000028,2026-09-03,51.1,2125,107,314,49,55,2,16679,Push,3,12,6.7
user_000028,2026-09-04,51.1,1926,90,252,62,37,3,4598,Pull,4,18,6.1
user_000028,2026-09-05,50.9,2089,109,285,57,51,2,12138,Upper,4,19,6.7
user_000028,2026-09-06,51.0,1867,97,237,59,40,3,4891,Legs,0,19,6.7
user_000028,2026-09-07,50.9,1844,99,254,48,41,3,14926,Rest,,,5.8
user_000028,2026-09-08,50.7,2305,104,353,53,49,5,8630,Push,1,6,7.0
user_000028,2026-09-09,50.8,2061,104,301,49,44,1,15975,Rest,,,5.6
user_000028,2026-09-10,50.5,2065,111,259,65,20,5,17327,Pull,1,6,6.1
user_000028,2026-09-11,50.5,2365,102,352,61,53,2,11609,Pull,5,18,6.5
user_000028,2026-09-12,50.2,1747,94,228,51,38,2,14794,Upper,0,16,6.5
user_000028,2026-09-13,50.2,1513,97,180,45,7,5,4385,Pull,4,15,6.1
user_000028,2026-09-14,50.1,1843,99,229,59,11,2,12149,Push,5,7,7.4
user_000028,2026-09-15,50.0,1996,90,292,52,33,2,9522,Pull,4,18,6.2
user_000028,2026-09-16,50.1,2412,100,341,72,50,4,15113,Legs,3,15,6.9
user_000028,2026-09-17,50.3,1691,104,195,55,22,5,3210,Pull,1,8,6.8
user_000028,2026-09-18,50.3,2048,103,265,64,57,1,15734,Pull,1,12,8.5
user_000028,2026-09-19,50.5,2107,98,296,59,47,3,11533,Upper,5,20,8.6
user_000028,2026-09-20,50.6,1469,97,187,37,55,1,9376,Upper,4,19,7.1
user_000028,2026-09-21,50.5,1801,105,226,53,55,1,4792,Pull,5,11,6.2
user_000028,2026-09-22,50.7,1959,83,265,63,50,3,14279,Legs,0,11,6.9
user_000028,2026-09-23,50.8,2116,96,325,48,38,3,14349,Rest,,,6.6
user_000028,2026-09-24,50.6,1860,101,256,48,10,5,9513,Upper,2,8,7.8
user_000028,2026-09-25,50.5,1946,102,245,62,55,3,6481,Push,4,19,8.7
user_000028,2026-09-26,50.5,1741,109,216,49,40,1,10903,Upper,4,10,6.2
user_000028,2026-09-27,50.8,1957,98,290,45,22,5,10134,Push,0,15,6.3
user_000028,2026-09-28,50.6,2192,103,328,52,49,3,16667,Legs,1,16,7.2
user_000028,2026-09-29,50.5,2374,99,364,58,27,5,13957,Legs,3,17,5.5
user_000028,2026-09-30,50.2,1913,82,259,61,12,2,10359,Rest,,,6.0
user_000028,2026-10-01,50.2,1919,81,257,63,11,5,9362,Pull,5,19,8.5
user_000028,2026-10-02,50.3,1772,87,239,52,0,5,17408,Rest,,,8.7
user_000028,2026-10-03,50.1,1789,104,224,53,5,4,14034,Upper,3,15,6.4
user_000028,2026-10-04,50.0,1791,100,242,47,27,4,8699,Push,2,9,5.9
user_000028,2026-10-05,50.1,1477,101,185,37,3,4,3984,Upper,0,7,8.9
user_000028,2026-10-06,50.3,1852,88,267,48,22,1,7441,Upper,4,19,6.2
user_000028,2026-10-07,50.2,1863,103,257,47,40,3,7171,Pull,4,12,7.8
user_000028,2026-10-08,50.1,2202,106,305,62,51,5,6191,Pull,1,10,6.6
user_000028,2026-10-09,50.4,1643,84,239,39,21,5,6156,Rest,,,6.5
user_000028,2026-10-10,50.4,2045,106,277,57,54,1,13532,Pull,4,19,7.1
user_000028,2026-10-11,50.3,2122,82,291,70,33,2,15361,Upper,5,6,7.9
user_000028,2026-10-12,50.3,2065,103,294,53,33,2,12826,Pull,3,12,6.2
user_000028,2026-10-13,50.2,1784,94,253,44,49,1,14703,Push,0,20,5.7
user_000028,2026-10-14,50.1,2334,104,340,62,56,3,17055,Upper,1,14,6.8
user_000028,2026-10-15,50.1,1709,83,225,53,35,2,17609,Push,4,13,7.9
user_000028,2026-10-16,49.9,1447,81,202,35,50,1,3358,Push,2,17,8.2
user_000028,2026-10-17,49.9,2168,88,328,56,29,5,4469,Legs,2,17,8.9
user_000028,2026-10-18,49.6,1720,100,231,44,43,2,7788,Push,1,11,6.9
user_000028,2026-10-19,49.5,1390,98,155,42,0,1,10035,Pull,0,10,7.3
user_000028,2026-10-20,49.4,2130,93,327,50,47,3,9710,Legs,3,19,8.5
user_000028,2026-10-21,49.2,2352,97,347,64,52,5,5934,Legs,2,15,6.9
user_000028,2026-10-22,49.3,1363,101,152,39,3,1,8524,Rest,,,7.0
user_000028,2026-10-23,49.2,2378,104,315,78,56,5,8915,Legs,5,14,7.9
user_000028,2026-10-24,48.9,1887,87,261,55,51,3,9122,Push,0,19,6.2
user_000028,2026-10-25,49.1,2027,97,277,59,54,2,15195,Push,1,20,8.3
user_000028,2026-10-26,49.1,1807,102,226,55,47,2,5579,Rest,,,8.9
user_000028,2026-10-27,49.1,1973,106,286,45,16,5,17798,Pull,1,15,7.0
user_000028,2026-10-28,48.9,1899,93,258,55,51,2,10221,Rest,,,6.0
user_000028,2026-10-29,48.6,2200,90,307,68,29,1,13651,Pull,3,10,8.9
user_000028,2026-10-30,48.7,1977,95,271,57,35,2,16895,Rest,,,6.3
user_000028,2026-10-31,49.0,2178,83,340,54,21,4,16102,Pull,2,19,5.8
user_000028,2026-11-01,49.1,1578,87,195,50,58,1,9400,Upper,0,9,6.6
user_000028,2026-11-02,49.2,1638,101,214,42,43,1,16440,Legs,0,10,6.4
user_000028,2026-11-03,49.1,1692,99,225,44,48,1,15877,Upper,1,8,7.7
user_000028,2026-11-04,48.9,2048,98,279,60,35,4,9307,Legs,0,14,7.4
user_000028,2026-11-05,48.8,2179,84,328,59,44,5,5651,Pull,3,16,7.0
user_000028,2026-11-06,49.1,1899,84,267,55,48,2,8754,Pull,1,10,7.2
user_000028,2026-11-07,49.0,1582,95,188,50,39,1,8744,Legs,5,13,8.1
user_000028,2026-11-08,48.7,1328,87,146,44,10,1,5155,Upper,4,19,6.7
user_000028,2026-11-09,48.6,1501,81,193,45,2,1,11637,Pull,4,11,5.7
user_000028,2026-11-10,48.5,1231,93,127,39,10,5,4521,Rest,,,7.0
user_000028,2026-11-11,48.6,1568,83,228,36,10,2,17713,Push,3,19,8.7
user_000028,2026-11-12,48.5,1769,99,251,41,40,4,16579,Rest,,,7.4
user_000028,2026-11-13,48.7,2250,104,301,70,48,5,10504,Rest,,,6.4
user_000028,2026-11-14,48.9,1658,101,192,54,28,3,16164,Legs,2,20,7.8
user_000028,2026-11-15,48.6,1444,78,211,32,4,5,6018,Upper,4,20,5.7
user_000028,2026-11-16,48.4,1630,101,194,50,3,5,14752,Legs,2,16,7.8
user_000028,2026-11-17,48.6,1406,105,143,46,23,2,3068,Legs,1,20,5.9
user_000028,2026-11-18,48.9,2086,96,313,50,56,5,5574,Rest,,,8.7
user_000028,2026-11-19,48.6,1703,81,239,47,36,3,13107,Pull,1,17,7.7
user_000028,2026-11-20,48.7,1921,93,277,49,52,4,16087,Legs,3,18,8.0
user_000028,2026-11-21,48.7,1363,82,162,43,55,2,5077,Rest,,,6.5
user_000028,2026-11-22,48.7,1783,90,250,47,41,5,4993,Upper,0,15,6.3
user_000028,2026-11-23,48.4,1645,94,198,53,19,2,12004,Rest,,,7.7
user_000028,2026-11-24,48.3,1143,79,146,27,25,2,5849,Upper,1,7,8.4
user_000028,2026-11-25,48.3,1432,87,172,44,33,3,4308,Upper,2,8,8.5
user_000028,2026-11-26,48.3,1354,87,175,34,36,1,13855,Rest,,,7.2
user_000028,2026-11-27,48.5,1233,82,143,37,10,5,7409,Legs,1,17,7.6
user_000029,2026-07-01,51.6,2229,103,326,57,53,2,12740,Pull,1,12,7.1
user_000029,2026-07-02,51.7,1713,100,227,45,40,1,11344,Upper,0,19,6.7
user_000029,2026-07-03,51.5,1533,87,204,41,1,1,11050,Pull,0,7,8.9
user_000029,2026-07-04,51.6,1868,85,256,56,42,3,16073,Pull,2,10,8.3
user_000029,2026-07-05,51.5,1840,85,276,44,0,1,7839,Push,2,14,8.2
user_000029,2026-07-06,51.8,2077,103,288,57,21,4,16212,Pull,2,10,7.4
user_000029,2026-07-07,51.7,2182,83,323,62,29,3,17274,Pull,4,17,5.5
user_000029,2026-07-08,51.7,1838,102,227,58,46,2,9850,Rest,,,5.5
user_000029,2026-07-09,51.7,1379,113,153,35,11,1,6378,Upper,5,7,9.0
user_000029,2026-07-10,52.0,1715,108,206,51,45,1,8459,Upper,4,13,7.4
user_000029,2026-07-11,51.8,1985,108,278,49,33,2,14924,Push,2,6,5.6
user_000029,2026-07-12,52.0,2575,113,380,67,46,5,6667,Legs,1,8,7.7
user_000029,2026-07-13,51.9,1891,87,289,43,29,1,7700,Upper,1,9,8.2
user_000029,2026-07-14,52.0,1944,106,254,56,51,1,14771,Rest,,,7.4
user_000029,2026-07-15,52.0,1883,99,239,59,24,3,13630,Upper,1,6,7.7
user_000029,2026-07-16,52.1,2170,97,324,54,43,4,6011,Legs,0,10,8.0
user_000029,2026-07-17,51.9,1857,106,248,49,9,2,14744,Rest,,,6.5
user_000029,2026-07-18,51.7,1847,91,238,59,20,1,12480,Pull,2,6,9.0
user_000029,2026-07-19,51.5,1975,89,281,55,29,5,5450,Rest,,,7.7
user_000029,2026-07-20,51.3,1995,96,279,55,29,4,8597,Upper,1,6,8.7
user_000029,2026-07-21,51.5,1823,93,266,43,22,4,10328,Legs,1,14,5.7
user_000029,2026-07-22,51.8,1814,96,245,50,7,2,6377,Legs,2,18,6.7
user_000029,2026-07-23,52.1,2345,110,312,73,43,4,11921,Legs,3,9,8.3
user_000029,2026-07-24,52.4,1932,106,251,56,59,1,6613,Push,2,7,8.6
user_000029,2026-07-25,52.5,1943,110,234,63,17,1,10401,Pull,2,12,7.0
user_000029,2026-07-26,52.6,1772,84,233,56,13,3,10650,Pull,5,14,7.9
user_000029,2026-07-27,52.9,1909,99,277,45,43,2,9532,Rest,,,7.3
user_000029,2026-07-28,53.0,2085,95,280,65,32,1,11374,Legs,2,7,8.6
user_000029,2026-07-29,53.2,2103,90,303,59,47,2,10643,Legs,3,19,8.2
user_000029,2026-07-30,53.0,1765,104,209,57,2,3,10187,Rest,,,6.2
user_000029,2026-07-31,53.1,2015,85,295,55,22,2,5705,Rest,,,7.8
user_000029,2026-08-01,53.2,2064,95,304,52,29,4,15805,Rest,,,7.3
user_000029,2026-08-02,53.1,2053,110,284,53,25,3,16822,Rest,,,8.8
user_000029,2026-08-03,52.8,2086,110,272,62,33,1,16688,Push,2,17,7.5
user_000029,2026-08-04,52.8,2023,115,249,63,36,3,7569,Upper,1,13,5.6
user_000029,2026-08-05,53.0,1866,86,277,46,24,3,14218,Rest,,,7.9
user_000029,2026-08-06,52.9,2313,111,348,53,39,5,4308,Upper,0,10,8.4
user_000029,2026-08-07,53.2,1843,103,234,55,23,1,14335,Upper,0,7,7.6
user_000029,2026-08-08,53.2,1821,111,216,57,28,1,5099,Push,2,18,6.4
user_000029,2026-08-09,53.0,2060,103,268,64,58,4,6322,Pull,0,11,8.2
user_000029,2026-08-10,53.1,1685,85,244,41,60,2,4123,Upper,1,7,8.5
user_000029,2026-08-11,53.0,2350,93,328,74,35,4,14156,Pull,4,17,8.3
user_000029,2026-08-12,53.1,1893,86,277,49,17,5,6592,Rest,,,6.3
user_000029,2026-08-13,52.9,2688,103,407,72,51,5,14295,Rest,,,8.2
user_000029,2026-08-14,53.1,1764,95,256,40,6,1,14130,Legs,4,10,5.6
user_000029,2026-08-15,52.9,1666,107,224,38,4,3,7099,Rest,,,6.5
user_000029,2026-08-16,52.6,1972,112,264,52,25,1,17443,Rest,,,7.2
user_000029,2026-08-17,52.5,1761,105,225,49,34,1,5282,Legs,3,16,6.1
user_000029,2026-08-18,52.5,1780,110,245,40,8,1,8170,Pull,0,9,6.3
user_000029,2026-08-19,52.8,1924,91,282,48,4,3,16079,Push,4,6,6.8
user_000029,2026-08-20,52.6,1774,91,222,58,0,3,15471,Legs,0,19,8.9
user_000029,2026-08-21,52.7,2072,102,272,64,26,5,4421,Upper,2,8,8.3
user_000029,2026-08-22,52.9,1467,111,150,47,5,5,10313,Rest,,,6.6
user_000029,2026-08-23,53.1,2067,107,295,51,51,3,12762,Rest,,,5.6
user_000029,2026-08-24,53.1,1925,101,270,49,23,3,16959,Upper,3,8,8.0
user_000029,2026-08-25,53.0,1579,98,209,39,14,2,3698,Pull,5,10,9.0
user_000029,2026-08-26,52.8,1924,104,242,60,23,5,15229,Upper,0,17,8.9
user_000029,2026-08-27,52.9,2354,107,333,66,24,5,17355,Rest,,,7.3
user_000029,2026-08-28,52.9,1548,115,182,40,34,1,4144,Legs,5,12,8.3
user_000029,2026-08-29,53.0,2008,102,301,44,36,3,13005,Rest,,,6.1
user_000029,2026-08-30,53.1,1778,101,249,42,11,1,14928,Upper,2,9,5.6
user_000029,2026-08-31,53.4,1892,94,271,48,41,1,14591,Upper,1,14,8.2
user_000029,2026-09-01,53.2,2454,112,335,74,45,5,11329,Push,0,7,6.3
user_000029,2026-09-02,53.3,2132,104,321,48,43,3,9269,Upper,4,15,6.0
user_000029,2026-09-03,53.4,2047,110,287,51,4,1,12595,Rest,,,6.1
user_000029,2026-09-04,53.4,2196,105,327,52,42,5,6448,Upper,3,13,7.7
user_000029,2026-09-05,53.5,1803,94,233,55,36,2,4891,Pull,3,14,6.9
user_000029,2026-09-06,53.3,1983,89,301,47,26,4,13963,Rest,,,7.3
user_000029,2026-09-07,53.2,2212,94,297,72,34,5,16445,Push,1,13,6.8
user_000029,2026-09-08,53.1,2127,114,267,67,42,1,17026,Pull,0,19,6.7
user_000029,2026-09-09,53.0,1851,106,233,55,41,2,10907,Upper,0,11,5.7
user_000029,2026-09-10,53.1,1696,89,209,56,20,1,4521,Upper,0,14,5.9
user_000029,2026-09-11,53.3,1972,96,262,60,37,4,5016,Pull,3,17,6.4
user_000029,2026-09-12,53.2,1952,110,270,48,10,3,13043,Rest,,,8.7
user_000029,2026-09-13,53.0,2325,105,357,53,55,3,14668,Push,0,7,7.0
user_000029,2026-09-14,53.2,2016,90,297,52,22,1,14911,Pull,1,9,8.0
user_000029,2026-09-15,53.1,2266,101,344,54,32,5,15213,Upper,2,20,8.0
user_000029,2026-09-16,53.3,2039,101,303,47,36,2,11721,Pull,5,18,5.6
user_000029,2026-09-17,53.5,1640,96,206,48,16,3,9656,Push,3,8,7.5
user_000029,2026-09-18,53.7,1337,101,159,33,14,4,9034,Legs,3,12,7.3
user_000029,2026-09-19,53.5,1757,89,258,41,13,5,13549,Upper,4,7,5.8
user_000029,2026-09-20,53.6,1484,112,169,40,22,1,6946,Push,3,12,8.5
user_000029,2026-09-21,53.9,1792,91,231,56,0,4,8020,Legs,2,12,7.8
user_000029,2026-09-22,53.7,1847,114,215,59,35,2,17441,Pull,2,15,7.0
user_000029,2026-09-23,53.6,1728,101,205,56,56,1,12858,Pull,4,8,5.9
user_000029,2026-09-24,53.4,1379,102,164,35,2,5,3162,Push,5,15,8.2
user_000029,2026-09-25,53.1,1600,117,175,48,23,3,7441,Push,4,20,6.3
user_000029,2026-09-26,52.9,1825,116,230,49,38,5,3389,Push,4,11,6.2
user_000029,2026-09-27,53.0,2246,102,329,58,33,4,16570,Pull,4,8,6.3
user_000029,2026-09-28,52.9,1522,107,179,42,10,4,10468,Upper,1,9,8.7
user_000029,2026-09-29,52.7,1396,90,178,36,2,2,15658,Pull,2,18,7.9
user_000029,2026-09-30,52.5,1915,99,274,47,39,4,8936,Push,4,15,7.9
user_000029,2026-10-01,52.5,1677,94,224,45,10,4,8680,Rest,,,8.3
user_000029,2026-10-02,52.2,1782,111,240,42,40,4,5019,Legs,4,18,6.6
user_000029,2026-10-03,51.9,2364,84,372,60,54,5,13749,Push,0,17,8.4
user_000029,2026-10-04,52.0,1094,112,103,26,22,1,5804,Upper,0,11,8.4
user_000029,2026-10-05,51.8,1981,112,282,45,39,4,15205,Push,1,6,7.5
user_000029,2026-10-06,51.7,1512,102,195,36,19,3,16373,Legs,5,9,7.1
user_000029,2026-10-07,51.6,1214,97,121,38,10,3,4336,Push,3,6,7.7
user_000029,2026-10-08,51.5,1498,112,177,38,45,3,5280,Push,1,7,7.3
user_000029,2026-10-09,51.3,1891,96,280,43,46,5,7892,Push,2,12,8.2
user_000029,2026-10-10,51.1,1533,101,181,45,51,1,5881,Legs,1,19,7.1
user_000029,2026-10-11,51.2,2115,99,315,51,37,5,14888,Upper,5,9,7.9
user_000029,2026-10-12,51.4,1343,86,171,35,7,4,5943,Legs,4,14,6.8
user_000029,2026-10-13,51.7,2103,92,292,63,54,4,11326,Push,0,6,8.3
user_000029,2026-10-14,51.4,1438,101,155,46,6,2,4616,Rest,,,8.0
user_000029,2026-10-15,51.5,1525,89,200,41,33,1,4276,Pull,4,17,6.8
user_000029,2026-10-16,51.6,1567,84,202,47,10,1,15826,Rest,,,5.5
user_000029,2026-10-17,51.4,1459,110,167,39,20,5,3353,Pull,5,11,6.3
user_000029,2026-10-18,51.5,1662,104,217,42,60,2,6201,Upper,5,16,8.5
user_000029,2026-10-19,51.4,1482,107,187,34,34,1,6132,Rest,,,6.2
user_000029,2026-10-20,51.2,2066,106,262,66,30,5,8567,Upper,2,14,6.3
user_000029,2026-10-21,51.0,2192,110,294,64,54,4,13718,Legs,3,16,8.9
user_000029,2026-10-22,50.9,1451,85,190,39,38,3,5613,Upper,4,6,8.6
user_000029,2026-10-23,50.8,1899,84,276,51,30,4,12668,Legs,4,17,6.6
user_000029,2026-10-24,50.7,1294,88,159,34,46,1,4054,Pull,3,9,7.5
user_000029,2026-10-25,50.7,1588,100,207,40,7,4,11195,Legs,5,9,6.1
user_000029,2026-10-26,50.7,1414,86,173,42,9,3,5851,Push,1,11,8.1
user_000029,2026-10-27,50.6,1189,107,116,33,25,1,4871,Upper,3,17,8.1
user_000029,2026-10-28,50.7,1753,82,228,57,0,4,17802,Pull,4,12,8.5
user_000029,2026-10-29,50.5,1446,104,181,34,16,2,7125,Push,2,11,7.2
user_000029,2026-10-30,50.4,1530,85,212,38,33,2,12477,Legs,1,18,8.5
user_000029,2026-10-31,50.4,1750,92,233,50,46,3,3605,Pull,0,6,5.6
user_000029,2026-11-01,50.3,1362,104,151,38,11,1,4726,Upper,0,20,7.7
user_000029,2026-11-02,50.2,1221,109,113,37,22,5,3189,Pull,1,16,7.9
user_000029,2026-11-03,50.0,1645,81,247,37,17,3,7554,Legs,5,10,6.3
user_000029,2026-11-04,49.8,1546,108,184,42,47,5,6360,Pull,3,18,7.1
user_000029,2026-11-05,49.6,1709,101,216,49,12,1,8359,Legs,3,19,6.9
user_000029,2026-11-06,49.6,1415,98,186,31,42,3,7877,Rest,,,6.8
user_000029,2026-11-07,49.4,1641,87,213,49,42,2,14165,Legs,1,16,6.3
user_000029,2026-11-08,49.7,1353,103,143,41,0,2,8495,Push,5,20,8.1
user_000029,2026-11-09,49.9,1648,108,214,40,30,4,3071,Legs,3,6,6.4
user_000029,2026-11-10,50.0,1632,82,209,52,21,4,11149,Rest,,,6.5
user_000029,2026-11-11,49.7,1501,84,181,49,3,5,12127,Pull,3,15,8.6
user_000029,2026-11-12,49.7,1294,96,160,30,35,1,6660,Upper,3,12,6.9
user_000029,2026-11-13,50.0,1670,87,227,46,11,5,11330,Upper,1,20,6.2
user_000029,2026-11-14,49.8,1404,101,169,36,7,3,6126,Pull,1,17,9.0
user_000029,2026-11-15,49.9,1664,104,204,48,25,1,16515,Pull,1,6,8.5
user_000029,2026-11-16,49.9,1787,84,248,51,27,4,15822,Push,0,7,7.9
user_000029,2026-11-17,49.8,1404,86,166,44,13,2,5956,Rest,,,5.7
user_000029,2026-11-18,49.6,1998,80,271,66,39,4,13227,Legs,2,17,6.2
user_000029,2026-11-19,49.5,1821,100,227,57,47,3,12892,Push,5,9,5.6
user_000029,2026-11-20,49.7,1677,103,233,37,14,3,14919,Upper,0,12,8.1
user_000029,2026-11-21,49.9,1566,96,192,46,46,2,11246,Legs,0,9,7.1
user_000029,2026-11-22,49.9,1681,105,205,49,16,1,11919,Push,4,11,6.3
user_000029,2026-11-23,50.1,1710,83,259,38,42,3,12320,Upper,4,17,8.0
user_000029,2026-11-24,50.3,1551,81,219,39,2,5,15006,Legs,2,6,8.7
user_000029,2026-11-25,50.3,1663,89,212,51,26,3,3903,Upper,5,13,8.3
user_000029,2026-11-26,50.5,1768,95,230,52,54,2,11442,Rest,,,7.9
user_000029,2026-11-27,50.3,1721,85,235,49,39,3,17676,Upper,4,11,8.3
user_000030,2026-07-01,51.3,1530,97,200,38,19,1,14533,Upper,5,18,7.9
user_000030,2026-07-02,51.2,1562,87,200,46,16,1,5747,Push,1,7,8.7
user_000030,2026-07-03,51.0,1609,109,183,49,14,5,7282,Upper,2,15,9.0
user_000030,2026-07-04,51.2,2211,99,312,63,46,4,16072,Rest,,,6.2
user_000030,2026-07-05,51.4,1171,89,134,31,13,3,3716,Rest,,,9.0
user_000030,2026-07-06,51.5,1763,90,236,51,36,3,6943,Legs,4,17,6.4
user_000030,2026-07-07,51.6,1603,82,204,51,21,4,10558,Pull,0,14,7.2
user_000030,2026-07-08,51.3,2051,105,302,47,43,5,15084,Upper,0,16,7.6
user_000030,2026-07-09,51.4,1255,97,138,35,41,3,6651,Legs,3,15,7.9
user_000030,2026-07-10,51.6,1743,87,234,51,31,2,10497,Rest,,,6.8
user_000030,2026-07-11,51.6,1709,82,226,53,20,5,4636,Pull,1,8,5.9
user_000030,2026-07-12,51.8,1507,109,180,39,27,1,16337,Legs,2,18,8.6
user_000030,2026-07-13,51.4,1150,94,108,38,28,1,11789,Push,1,20,5.7
user_000030,2026-07-14,51.4,1579,87,229,35,31,3,11482,Pull,1,11,5.5
user_000030,2026-07-15,51.6,1138,100,108,34,31,1,4724,Rest,,,8.8
user_000030,2026-07-16,51.7,1591,84,226,39,16,1,5713,Push,0,6,6.3
user_000030,2026-07-17,51.4,1261,97,144,33,40,1,7747,Upper,3,14,6.3
user_000030,2026-07-18,51.1,1628,110,180,52,17,2,10888,Push,5,15,7.4
user_000030,2026-07-19,51.0,2155,87,328,55,27,5,15764,Pull,2,9,5.6
user_000030,2026-07-20,50.8,2201,84,311,69,18,5,15906,Rest,,,7.3
user_000030,2026-07-21,51.0,1568,108,176,48,8,2,9819,Rest,,,6.9
user_000030,2026-07-22,51.0,2069,109,271,61,56,5,7389,Push,2,13,7.6
user_000030,2026-07-23,50.8,1549,89,215,37,7,1,16419,Push,0,14,6.4
user_000030,2026-07-24,51.0,1468,93,193,36,8,4,4170,Upper,2,6,8.1
user_000030,2026-07-25,51.0,1654,81,220,50,36,4,8659,Legs,4,9,7.2
user_000030,2026-07-26,50.7,1362,86,169,38,53,1,8206,Push,5,15,8.3
user_000030,2026-07-27,50.4,1296,109,143,32,0,4,3065,Legs,1,14,6.9
user_000030,2026-07-28,50.3,1329,100,149,37,17,3,3967,Push,0,15,8.6
user_000030,2026-07-29,50.3,1798,100,228,54,36,3,6930,Legs,0,8,7.4
user_000030,2026-07-30,50.4,2262,89,319,70,56,5,13148,Push,1,18,5.6
user_000030,2026-07-31,50.3,1217,97,124,37,16,3,6284,Upper,1,20,9.0
user_000030,2026-08-01,50.2,2234,83,345,58,56,3,16291,Legs,1,17,6.9
user_000030,2026-08-02,50.1,1850,80,261,54,41,3,10865,Upper,1,13,6.5
user_000030,2026-08-03,50.1,1077,96,108,29,1,4,3771,Pull,1,19,7.1
user_000030,2026-08-04,49.8,1464,99,177,40,23,3,8581,Push,5,14,7.1
user_000030,2026-08-05,49.5,1906,108,247,54,42,5,16038,Upper,3,19,5.7
user_000030,2026-08-06,49.8,1710,82,233,50,58,1,17813,Legs,4,10,6.5
user_000030,2026-08-07,50.1,2182,88,309,66,40,5,14921,Rest,,,8.1
user_000030,2026-08-08,50.1,1586,104,207,38,17,5,16265,Pull,4,12,8.5
user_000030,2026-08-09,50.1,1421,91,163,45,24,3,6918,Push,3,12,6.2
user_000030,2026-08-10,50.1,1416,85,197,32,20,2,13326,Upper,5,14,6.6
user_000030,2026-08-11,50.0,1622,84,236,38,59,1,16929,Rest,,,8.1
user_000030,2026-08-12,50.1,1487,101,174,43,18,5,10169,Pull,2,6,8.8
user_000030,2026-08-13,49.9,1889,105,257,49,38,2,11479,Upper,0,11,7.2
user_000030,2026-08-14,49.8,2233,88,351,53,49,5,14007,Upper,5,14,5.5
user_000030,2026-08-15,50.0,1678,98,209,50,12,3,9980,Pull,2,9,7.8
user_000030,2026-08-16,50.1,1456,101,182,36,10,5,12953,Legs,0,9,5.9
user_000030,2026-08-17,50.1,1542,86,205,42,9,4,14021,Pull,4,9,7.0
user_000030,2026-08-18,50.3,1581,83,220,41,6,4,8722,Push,0,12,8.4
user_000030,2026-08-19,50.3,1780,96,250,44,38,5,3135,Rest,,,8.3
user_000030,2026-08-20,50.5,1476,101,187,36,44,1,8648,Rest,,,6.4
user_000030,2026-08-21,50.6,1199,107,114,35,22,2,6570,Pull,4,8,8.1
user_000030,2026-08-22,50.3,1473,88,179,45,40,2,7565,Pull,0,6,8.1
user_000030,2026-08-23,50.1,1444,104,167,40,2,4,14797,Pull,3,7,6.1
user_000030,2026-08-24,50.3,1668,102,198,52,53,2,17942,Upper,5,18,5.9
user_000030,2026-08-25,50.4,1335,95,169,31,27,1,3054,Legs,2,18,8.2
user_000030,2026-08-26,50.6,1425,85,179,41,23,2,8692,Push,3,20,5.8
user_000030,2026-08-27,50.4,1715,89,243,43,53,1,12184,Rest,,,8.7
user_000030,2026-08-28,50.4,1081,91,123,25,13,1,3805,Push,5,17,7.1
user_000030,2026-08-29,50.3,1213,86,152,29,43,3,13919,Upper,5,13,7.4
user_000030,2026-08-30,50.2,1209,108,120,33,1,5,9596,Rest,,,5.5
user_000030,2026-08-31,50.0,1233,94,122,41,38,3,12181,Upper,2,7,7.0
user_000030,2026-09-01,50.0,1078,105,88,34,18,1,6874,Push,4,14,7.5
user_000030,2026-09-02,49.7,1137,89,112,37,27,5,10439,Pull,5,18,6.6
user_000030,2026-09-03,49.9,1470,86,205,34,20,5,14667,Upper,4,12,6.0
user_000030,2026-09-04,49.9,1807,101,245,47,57,3,16411,Push,3,11,6.7
user_000030,2026-09-05,49.9,1544,98,207,36,16,4,12853,Pull,4,13,7.2
user_000030,2026-09-06,49.9,1077,91,104,33,19,1,13374,Legs,4,18,7.0
user_000030,2026-09-07,49.9,1457,82,181,45,44,4,8064,Rest,,,5.6
user_000030,2026-09-08,49.8,1516,79,192,48,36,4,11250,Push,4,13,6.1
user_000030,2026-09-09,49.6,1127,88,115,35,58,2,12091,Push,5,18,7.6
user_000030,2026-09-10,49.7,1517,87,200,41,9,4,14934,Push,5,20,8.3
user_000030,2026-09-11,49.7,1521,103,185,41,58,4,5422,Upper,1,7,6.2
user_000030,2026-09-12,49.8,1191,106,104,39,22,3,7591,Legs,2,17,8.9
user_000030,2026-09-13,49.9,2069,100,271,65,47,5,15414,Push,1,17,6.4
user_000030,2026-09-14,49.9,1314,95,139,42,22,1,16746,Legs,2,17,7.1
user_000030,2026-09-15,49.9,1186,99,130,30,26,3,13458,Legs,4,7,6.3
user_000030,2026-09-16,49.9,1384,107,140,44,39,5,12609,Push,0,11,5.6
user_000030,2026-09-17,49.9,1075,91,99,35,30,1,4678,Push,3,19,6.9
user_000030,2026-09-18,50.0,1533,81,219,37,52,4,10380,Legs,5,19,7.1
user_000030,2026-09-19,49.9,1138,83,134,30,36,5,4768,Upper,2,14,7.8
user_000030,2026-09-20,49.7,1075,100,90,35,10,1,10652,Rest,,,5.8
user_000030,2026-09-21,49.5,1130,103,121,26,31,4,3781,Upper,3,13,8.2
user_000030,2026-09-22,49.2,1096,84,118,32,13,3,6200,Legs,0,6,8.8
user_000030,2026-09-23,48.9,1137,90,111,37,32,1,17468,Rest,,,6.5
user_000030,2026-09-24,49.0,1151,105,104,35,17,4,10549,Rest,,,8.6
user_000030,2026-09-25,49.1,1353,79,158,45,42,3,17618,Upper,2,11,6.2
user_000030,2026-09-26,49.3,1271,87,143,39,26,5,7423,Pull,5,12,6.5
user_000030,2026-09-27,49.3,1303,92,164,31,29,5,9878,Legs,1,12,6.1
user_000030,2026-09-28,49.1,1552,79,219,40,56,5,3524,Legs,4,6,5.7
user_000030,2026-09-29,49.0,1608,93,192,52,33,2,16912,Upper,0,10,7.1
user_000030,2026-09-30,49.1,1071,86,121,27,43,1,5926,Legs,1,7,6.5
user_000030,2026-10-01,49.2,1344,79,185,32,18,5,4737,Push,5,6,8.0
user_000030,2026-10-02,49.0,1656,96,228,40,48,4,10866,Push,5,17,8.3
user_000030,2026-10-03,49.3,1562,96,182,50,31,5,3313,Legs,2,20,6.2
user_000030,2026-10-04,49.2,1810,98,251,46,21,5,17715,Rest,,,6.0
user_000030,2026-10-05,49.3,1414,95,173,38,45,3,9705,Pull,5,14,6.8
user_000030,2026-10-06,49.5,1184,94,121,36,1,1,10872,Legs,0,20,6.5
user_000030,2026-10-07,49.5,2298,99,345,58,60,5,11709,Upper,5,9,6.0
user_000030,2026-10-08,49.4,1251,98,145,31,2,4,7818,Push,2,14,6.9
user_000030,2026-10-09,49.2,1342,102,166,30,16,3,8193,Legs,0,7,6.4
user_000030,2026-10-10,49.2,1397,89,168,41,35,2,3970,Push,2,11,6.2
user_000030,2026-10-11,49.1,1509,84,192,45,23,4,10973,Rest,,,7.5
user_000030,2026-10-12,49.3,1226,97,124,38,14,3,5991,Push,0,16,7.3
user_000030,2026-10-13,49.5,1929,102,243,61,25,5,17843,Push,4,6,8.0
user_000030,2026-10-14,49.7,2243,106,331,55,47,5,14940,Pull,0,7,7.1
user_000030,2026-10-15,49.7,1496,84,182,48,41,1,17631,Upper,3,13,6.9
user_000030,2026-10-16,49.6,1290,93,135,42,5,2,6318,Push,0,16,7.3
user_000030,2026-10-17,49.5,1708,81,247,44,9,4,12638,Legs,3,7,8.0
user_000030,2026-10-18,49.3,1825,102,226,57,25,4,8586,Pull,2,16,6.6
user_000030,2026-10-19,49.5,1895,94,265,51,51,3,17434,Push,1,11,6.0
user_000030,2026-10-20,49.7,1596,92,208,44,36,2,13622,Upper,5,9,6.2
user_000030,2026-10-21,49.6,1455,92,166,47,25,1,9227,Rest,,,7.8
user_000030,2026-10-22,49.7,1969,102,280,49,30,4,13616,Rest,,,6.6
user_000030,2026-10-23,49.9,1363,96,175,31,49,1,14330,Rest,,,8.0
user_000030,2026-10-24,50.1,1339,87,169,35,43,1,6483,Rest,,,7.5
user_000030,2026-10-25,49.8,1485,103,158,49,7,5,14561,Rest,,,8.7
user_000030,2026-10-26,49.6,1808,105,257,40,32,3,17823,Legs,2,9,6.2
user_000030,2026-10-27,49.6,1483,106,177,39,7,2,16340,Push,3,16,8.3
user_000030,2026-10-28,49.5,1337,96,146,41,28,3,10412,Legs,4,11,7.6
user_000030,2026-10-29,49.4,1086,108,105,26,9,3,3721,Push,0,8,9.0
user_000030,2026-10-30,49.1,1582,105,196,42,46,2,14421,Rest,,,7.0
user_000030,2026-10-31,48.8,2119,84,313,59,53,5,8101,Upper,0,12,7.9
user_000030,2026-11-01,48.7,1984,83,269,64,44,5,11614,Pull,3,8,5.5
user_000030,2026-11-02,48.5,1067,83,123,27,31,1,5890,Rest,,,5.8
user_000030,2026-11-03,48.7,1611,105,201,43,39,4,12198,Push,1,13,8.1
user_000030,2026-11-04,48.7,1903,92,287,43,33,3,12775,Pull,5,6,8.4
user_000030,2026-11-05,48.5,1227,97,122,39,36,1,11188,Upper,4,10,7.8
user_000030,2026-11-06,48.6,1560,96,186,48,6,4,12976,Pull,1,19,7.2
user_000030,2026-11-07,48.5,1241,88,157,29,6,2,6400,Legs,1,13,6.9
user_000030,2026-11-08,48.4,1378,87,172,38,8,2,8395,Legs,1,9,6.4
user_000030,2026-11-09,48.2,1144,105,109,32,5,4,11773,Push,2,14,6.7
user_000030,2026-11-10,48.4,1700,91,235,44,33,1,17735,Rest,,,8.0
user_000030,2026-11-11,48.5,1679,98,234,39,31,4,17486,Upper,2,6,8.1
user_000030,2026-11-12,48.3,1521,81,189,49,33,3,5634,Legs,1,13,5.7
user_000030,2026-11-13,48.4,1826,94,232,58,52,3,15076,Upper,1,16,8.3
user_000030,2026-11-14,48.6,1423,105,172,35,8,3,13766,Pull,5,16,8.7
user_000030,2026-11-15,48.9,1673,86,213,53,29,5,13317,Pull,1,12,6.8
user_000030,2026-11-16,48.8,1897,78,295,45,24,4,17625,Upper,0,17,6.3
user_000030,2026-11-17,48.7,1467,93,168,47,26,3,8352,Rest,,,6.2
user_000030,2026-11-18,48.8,1500,97,170,48,13,2,13359,Pull,4,19,8.4
user_000030,2026-11-19,48.9,1310,85,148,42,27,2,8688,Push,1,15,8.6
user_000030,2026-11-20,48.8,1638,105,183,54,50,1,15370,Upper,5,18,5.6
user_000030,2026-11-21,48.9,1317,97,167,29,56,1,10143,Pull,0,17,5.7
user_000030,2026-11-22,49.2,1697,78,254,41,10,2,10891,Pull,4,12,6.9
user_000030,2026-11-23,49.0,2001,82,299,53,52,1,16644,Legs,0,14,6.1
user_000030,2026-11-24,49.1,1633,86,212,49,6,2,6710,Legs,0,17,5.8
user_000030,2026-11-25,48.9,1924,105,250,56,7,4,17624,Legs,5,8,5.6
user_000030,2026-11-26,48.8,2026,78,298,58,7,1,13084,Push,4,20,7.1
user_000030,2026-11-27,49.1,1930,82,297,46,31,1,15725,Rest,,,7.6
user_000031,2026-07-01,51.6,1094,109,97,30,11,5,4893,Rest,,,6.8
user_000031,2026-07-02,51.5,1197,84,150,29,13,1,10037,Upper,5,13,8.3
user_000031,2026-07-03,51.3,1627,86,233,39,52,5,15077,Pull,1,15,7.2
user_000031,2026-07-04,51.2,1164,89,121,36,17,4,7192,Pull,1,11,6.0
user_000031,2026-07-05,51.0,1130,94,112,34,22,2,3200,Rest,,,7.0
user_000031,2026-07-06,51.1,1102,88,120,30,25,1,8959,Push,3,18,8.9
user_000031,2026-07-07,51.2,1659,106,194,51,33,5,9696,Pull,2,12,8.3
user_000031,2026-07-08,51.4,1729,112,219,45,30,4,11143,Push,3,14,5.6
user_000031,2026-07-09,51.5,1455,99,177,39,45,2,12792,Legs,5,7,8.7
user_000031,2026-07-10,51.2,1238,88,145,34,19,2,9300,Rest,,,6.1
user_000031,2026-07-11,51.3,1316,100,139,40,47,2,17568,Pull,4,18,7.7
user_000031,2026-07-12,51.2,1417,105,148,45,37,2,16114,Legs,5,14,5.7
user_000031,2026-07-13,51.4,1180,103,129,28,35,1,7219,Legs,1,15,7.9
user_000031,2026-07-14,51.4,1291,109,126,39,19,5,7124,Push,3,13,6.2
user_000031,2026-07-15,51.4,1195,95,125,35,49,1,9874,Push,3,18,8.0
user_000031,2026-07-16,51.4,1194,92,139,30,15,5,9219,Push,5,6,6.6
user_000031,2026-07-17,51.0,1407,109,146,43,48,5,3238,Push,5,18,6.9
user_000031,2026-07-18,50.6,1384,88,177,36,31,2,17350,Pull,3,12,7.7
user_000031,2026-07-19,50.3,1311,102,147,35,41,4,3921,Upper,5,20,7.9
user_000031,2026-07-20,50.1,1676,91,211,52,55,4,8166,Upper,4,19,8.5
user_000031,2026-07-21,50.4,1712,99,212,52,48,4,11142,Rest,,,7.8
user_000031,2026-07-22,50.0,1079,82,109,35,19,1,11281,Push,5,14,8.1
user_000031,2026-07-23,49.7,1417,89,164,45,13,1,15295,Upper,1,11,7.6
user_000031,2026-07-24,49.5,1184,104,111,36,16,3,6957,Upper,2,20,8.1
user_000031,2026-07-25,49.3,1397,82,175,41,32,3,5860,Legs,5,20,7.8
user_000031,2026-07-26,49.2,1281,82,173,29,26,5,6560,Legs,3,11,7.8
user_000031,2026-07-27,49.1,1397,91,166,41,17,2,16767,Pull,2,11,5.9
user_000031,2026-07-28,49.0,1156,97,120,32,6,4,11781,Pull,5,7,5.6
user_000031,2026-07-29,48.8,1293,103,128,41,33,2,13507,Rest,,,6.2
user_000031,2026-07-30,48.8,1366,99,148,42,50,3,12313,Upper,0,17,8.3
user_000031,2026-07-31,48.5,1664,99,209,48,1,5,11489,Rest,,,8.3
user_000031,2026-08-01,48.2,1718,105,203,54,13,2,11767,Upper,0,19,8.3
user_000031,2026-08-02,48.1,1761,98,250,41,24,3,11837,Pull,5,16,6.3
user_000031,2026-08-03,48.0,1743,86,244,47,18,1,17489,Rest,,,8.6
user_000031,2026-08-04,47.7,1431,100,161,43,1,4,11381,Rest,,,7.8
user_000031,2026-08-05,47.6,1770,77,262,46,39,3,17329,Rest,,,8.4
user_000031,2026-08-06,47.6,1628,89,201,52,9,2,12113,Upper,5,20,8.9
user_000031,2026-08-07,47.4,1493,83,207,37,13,1,5373,Pull,0,16,7.3
user_000031,2026-08-08,47.1,1965,86,295,49,5,5,13693,Rest,,,6.0
user_000031,2026-08-09,46.9,1858,94,249,54,24,2,13666,Upper,5,17,7.8
user_000031,2026-08-10,46.7,2149,101,308,57,57,3,10859,Upper,3,14,6.7
user_000031,2026-08-11,46.7,1871,100,271,43,30,1,10229,Pull,2,15,5.7
user_000031,2026-08-12,46.5,1845,83,268,49,21,4,13549,Pull,2,18,6.5
user_000031,2026-08-13,46.3,1827,78,255,55,56,1,7112,Rest,,,6.8
user_000031,2026-08-14,46.4,1953,91,287,49,59,5,8769,Upper,1,14,6.1
user_000031,2026-08-15,46.5,2224,94,327,60,47,5,17248,Rest,,,6.5
user_000031,2026-08-16,46.7,1359,87,156,43,20,2,5351,Upper,1,18,5.8
user_000031,2026-08-17,46.9,1721,81,257,41,8,2,4847,Legs,5,8,6.2
user_000031,2026-08-18,46.6,1777,96,220,57,24,3,10393,Upper,2,9,7.3
user_000031,2026-08-19,46.6,2018,75,290,62,44,2,11899,Push,4,13,5.7
user_000031,2026-08-20,46.6,1910,98,240,62,18,4,8349,Pull,1,10,7.6
user_000031,2026-08-21,46.5,1346,101,150,38,14,5,4320,Push,5,14,5.8
user_000031,2026-08-22,46.5,1958,94,265,58,41,2,16079,Pull,0,14,6.9
user_000031,2026-08-23,46.4,1727,87,257,39,36,1,9274,Push,2,18,8.8
user_000031,2026-08-24,46.6,1369,89,170,37,30,3,13542,Legs,3,17,7.0
user_000031,2026-08-25,46.6,1495,87,190,43,10,5,10288,Legs,4,11,5.6
user_000031,2026-08-26,46.8,1799,100,226,55,26,4,13173,Rest,,,8.9
user_000031,2026-08-27,46.6,1737,100,224,49,37,4,5539,Upper,2,12,5.7
user_000031,2026-08-28,46.5,1898,75,287,50,38,4,9786,Legs,2,13,7.5
user_000031,2026-08-29,46.5,1409,75,194,37,1,4,3560,Legs,3,12,6.8
user_000031,2026-08-30,46.3,1920,86,295,44,22,4,16072,Push,4,12,6.2
user_000031,2026-08-31,46.3,1428,87,171,44,8,4,6211,Push,1,12,8.2
user_000031,2026-09-01,46.3,1762,100,219,54,59,1,9566,Pull,4,18,6.5
user_000031,2026-09-02,46.6,1701,87,228,49,56,3,6706,Pull,5,11,6.9
user_000031,2026-09-03,46.6,2042,99,281,58,29,5,13864,Push,4,19,5.5
user_000031,2026-09-04,46.5,1809,83,268,45,18,4,10368,Push,4,13,8.8
user_000031,2026-09-05,46.5,1697,98,234,41,28,2,10584,Upper,0,7,8.8
user_000031,2026-09-06,46.3,1733,86,219,57,12,5,14808,Pull,2,8,6.6
user_000031,2026-09-07,46.5,1486,79,216,34,9,2,5560,Push,0,9,8.0
user_000031,2026-09-08,46.7,1693,93,238,41,16,3,8073,Upper,1,18,6.5
user_000031,2026-09-09,47.0,1680,100,221,44,0,5,11924,Pull,4,11,8.9
user_000031,2026-09-10,46.7,1897,86,278,49,35,3,17291,Push,0,11,8.9
user_000031,2026-09-11,46.9,1491,75,210,39,17,4,8248,Legs,0,17,6.8
user_000031,2026-09-12,46.7,1888,83,290,44,58,3,4964,Pull,2,6,8.5
user_000031,2026-09-13,46.4,1633,82,216,49,43,1,14250,Upper,5,18,6.2
user_000031,2026-09-14,46.2,1511,90,209,35,10,3,5398,Rest,,,5.9
user_000031,2026-09-15,45.9,1763,77,267,43,54,4,6088,Push,2,10,6.8
user_000031,2026-09-16,45.9,1604,91,202,48,19,5,8916,Legs,2,9,8.4
user_000031,2026-09-17,45.7,1986,79,296,54,59,3,9773,Push,2,17,8.1
user_000031,2026-09-18,45.5,1500,80,205,40,58,5,3565,Pull,5,14,5.6
user_000031,2026-09-19,45.6,1770,94,236,50,8,4,13640,Pull,2,20,6.5
user_000031,2026-09-20,45.6,1766,91,256,42,8,5,14520,Rest,,,6.7
user_000031,2026-09-21,45.6,1961,98,291,45,38,2,16094,Push,0,7,5.8
user_000031,2026-09-22,45.7,1904,90,278,48,53,1,14488,Push,2,6,6.2
user_000031,2026-09-23,45.6,2002,86,302,50,40,3,14674,Legs,2,8,6.3
user_000031,2026-09-24,45.4,1669,91,225,45,19,4,7047,Pull,5,14,7.6
user_000031,2026-09-25,45.6,1664,73,235,48,27,1,13820,Pull,3,6,8.0
user_000031,2026-09-26,45.7,2302,84,343,66,54,5,9766,Push,0,20,7.3
user_000031,2026-09-27,46.0,1636,84,244,36,29,1,5671,Rest,,,6.1
user_000031,2026-09-28,46.1,1370,77,189,34,4,5,16749,Push,1,18,6.1
user_000031,2026-09-29,46.1,1780,79,276,40,46,3,11963,Pull,0,16,8.7
user_000031,2026-09-30,46.1,1415,88,187,35,25,1,3969,Pull,2,17,6.1
user_000031,2026-10-01,45.9,1934,84,260,62,36,5,9212,Upper,1,16,6.3
user_000031,2026-10-02,45.7,1690,100,237,38,9,2,14867,Legs,2,10,8.2
user_000031,2026-10-03,45.9,1942,75,298,50,55,3,8309,Pull,0,12,8.1
user_000031,2026-10-04,45.9,2102,100,322,46,37,5,16783,Legs,1,6,6.3
user_000031,2026-10-05,46.1,2237,77,363,53,41,5,17081,Upper,1,18,7.9
user_000031,2026-10-06,46.1,1505,95,207,33,1,3,10505,Pull,5,6,8.6
user_000031,2026-10-07,46.3,1895,89,279,47,43,1,16983,Rest,,,6.4
user_000031,2026-10-08,46.4,1650,89,238,38,3,4,5735,Legs,5,20,6.5
user_000031,2026-10-09,46.5,1805,88,253,49,32,2,16222,Upper,3,16,6.1
user_000031,2026-10-10,46.6,1690,86,224,50,52,1,11403,Push,4,20,6.9
user_000031,2026-10-11,46.5,1810,90,232,58,18,3,12709,Legs,4,12,6.9
user_000031,2026-10-12,46.7,1700,79,220,56,33,1,9690,Rest,,,8.3
user_000031,2026-10-13,46.9,1554,87,198,46,47,1,3393,Pull,1,17,6.6
user_000031,2026-10-14,47.1,1600,78,205,52,31,1,8008,Push,2,16,6.1
user_000031,2026-10-15,47.3,2059,82,327,47,55,4,17989,Pull,5,14,7.7
user_000031,2026-10-16,47.4,1857,94,251,53,4,1,12792,Rest,,,8.4
user_000031,2026-10-17,47.4,1872,91,242,60,9,4,13666,Push,5,10,7.5
user_000031,2026-10-18,47.5,1575,86,229,35,6,5,13936,Legs,3,15,7.9
user_000031,2026-10-19,47.2,1948,102,286,44,18,4,17794,Upper,5,6,7.7
user_000031,2026-10-20,47.0,1604,78,242,36,15,3,12403,Upper,3,19,8.5
user_000031,2026-10-21,47.0,1701,99,225,45,3,4,14930,Rest,,,6.9
user_000031,2026-10-22,47.2,2479,97,363,71,47,5,14894,Pull,3,17,7.7
user_000031,2026-10-23,47.4,1693,90,232,45,5,2,5474,Rest,,,6.7
user_000031,2026-10-24,47.6,1815,99,231,55,43,2,11736,Pull,4,11,7.0
user_000031,2026-10-25,47.6,1573,91,210,41,5,1,4900,Legs,2,18,6.9
user_000031,2026-10-26,47.5,2004,93,282,56,19,5,7299,Push,1,11,8.2
user_000031,2026-10-27,47.3,1517,93,176,49,25,1,5217,Push,3,7,6.6
user_000031,2026-10-28,47.3,1503,98,181,43,1,1,6655,Rest,,,8.3
user_000031,2026-10-29,47.1,1967,89,288,51,47,4,12426,Rest,,,5.9
user_000031,2026-10-30,47.1,2010,88,275,62,60,5,5241,Pull,2,20,7.8
user_000031,2026-10-31,47.1,1727,93,215,55,1,1,10357,Rest,,,7.8
user_000031,2026-11-01,47.2,2307,102,315,71,51,5,14140,Upper,2,7,7.9
user_000031,2026-11-02,47.0,2290,102,331,62,54,4,15543,Legs,4,6,6.1
user_000031,2026-11-03,47.2,1872,93,240,60,52,3,17943,Upper,5,18,5.8
user_000031,2026-11-04,47.4,1650,86,214,50,19,3,17338,Pull,3,15,8.0
user_000031,2026-11-05,47.6,1831,78,256,55,44,5,9824,Legs,3,20,8.5
user_000031,2026-11-06,47.6,1057,95,95,33,19,2,4643,Upper,1,12,9.0
user_000031,2026-11-07,47.4,1966,99,271,54,53,4,6723,Legs,2,7,6.4
user_000031,2026-11-08,47.6,1710,90,252,38,22,4,6795,Rest,,,6.1
user_000031,2026-11-09,47.4,1417,95,176,37,11,4,9517,Legs,2,10,6.6
user_000031,2026-11-10,47.6,1386,78,192,34,30,2,5948,Upper,2,9,6.4
user_000031,2026-11-11,47.4,1428,83,175,44,28,4,5810,Pull,0,13,6.5
user_000031,2026-11-12,47.5,1787,98,252,43,37,3,13370,Upper,3,13,8.6
user_000031,2026-11-13,47.5,1861,96,232,61,24,5,13819,Upper,2,8,8.2
user_000031,2026-11-14,47.6,1423,98,152,47,45,2,9435,Legs,0,20,7.6
user_000031,2026-11-15,47.8,1619,85,223,43,6,5,13347,Upper,5,11,7.6
user_000031,2026-11-16,47.9,2021,85,274,65,39,4,15829,Legs,0,13,8.6
user_000031,2026-11-17,47.6,1476,101,160,48,49,3,4812,Push,3,13,7.7
user_000031,2026-11-18,47.7,1726,91,219,54,50,1,15584,Push,0,7,8.0
user_000031,2026-11-19,47.7,1286,77,159,38,15,4,3256,Legs,1,14,8.0
user_000031,2026-11-20,47.6,1687,96,220,47,31,1,16099,Rest,,,6.8
user_000031,2026-11-21,47.2,1745,80,228,57,58,5,8418,Rest,,,7.3
user_000031,2026-11-22,47.3,1124,84,116,36,7,3,3459,Rest,,,8.6
user_000031,2026-11-23,47.2,1561,89,209,41,55,1,9612,Pull,3,19,7.8
user_000031,2026-11-24,46.9,1223,86,141,35,4,2,16457,Push,1,19,8.4
user_000031,2026-11-25,47.0,1903,87,265,55,55,5,3144,Pull,2,9,7.8
user_000031,2026-11-26,46.7,1856,84,281,44,38,3,11945,Upper,4,7,6.9
user_000031,2026-11-27,46.8,1821,83,244,57,59,4,12671,Legs,2,13,5.8
user_000032,2026-07-01,51.3,1669,104,212,45,54,3,6838,Legs,3,19,9.0
user_000032,2026-07-02,51.2,1425,93,171,41,29,2,7775,Rest,,,8.2
user_000032,2026-07-03,51.2,1311,94,146,39,27,1,12934,Pull,4,11,5.8
user_000032,2026-07-04,51.1,1694,104,198,54,40,4,12428,Push,1,10,8.5
user_000032,2026-07-05,51.3,2323,86,344,67,55,5,15271,Push,4,10,8.0
user_000032,2026-07-06,51.3,2010,105,285,50,57,2,14262,Pull,1,14,8.9
user_000032,2026-07-07,51.1,1465,110,173,37,43,4,5549,Push,5,16,7.8
user_000032,2026-07-08,51.2,1418,85,166,46,24,2,13358,Upper,3,15,7.2
user_000032,2026-07-09,51.0,1587,82,218,43,6,5,9459,Push,3,6,8.3
user_000032,2026-07-10,50.7,1860,99,267,44,54,5,6308,Legs,4,14,7.3
user_000032,2026-07-11,50.9,1391,96,182,31,46,1,10175,Pull,3,18,8.2
user_000032,2026-07-12,50.9,1573,94,216,37,39,2,12556,Pull,3,16,5.9
user_000032,2026-07-13,50.8,1788,105,252,40,53,2,16413,Legs,3,18,7.7
user_000032,2026-07-14,50.6,1256,88,136,40,18,4,15526,Pull,4,16,6.4
user_000032,2026-07-15,50.8,1740,109,200,56,27,1,10167,Legs,5,10,7.9
user_000032,2026-07-16,50.8,1815,92,256,47,41,4,17243,Upper,1,10,6.6
user_000032,2026-07-17,50.7,1919,87,269,55,41,4,11734,Upper,5,20,7.2
user_000032,2026-07-18,50.7,1571,99,188,47,53,3,9563,Legs,0,10,7.1
user_000032,2026-07-19,50.8,1148,106,109,32,37,1,3331,Rest,,,8.3
user_000032,2026-07-20,51.0,1408,86,176,40,56,1,4887,Push,1,17,8.7
user_000032,2026-07-21,51.2,1618,111,199,42,11,5,15980,Push,5,13,7.6
user_000032,2026-07-22,51.4,1984,111,277,48,51,4,6743,Push,4,8,6.1
user_000032,2026-07-23,51.4,1506,97,194,38,46,3,8794,Push,1,15,8.0
user_000032,2026-07-24,51.1,1218,112,116,34,60,1,12219,Rest,,,6.6
user_000032,2026-07-25,50.8,1452,93,162,48,51,2,9657,Pull,3,18,8.1
user_000032,2026-07-26,50.9,1294,107,149,30,42,2,7466,Push,4,19,8.7
user_000032,2026-07-27,50.6,1423,98,161,43,59,1,17729,Rest,,,7.7
user_000032,2026-07-28,50.6,1916,109,244,56,44,5,4271,Legs,1,13,6.1
user_000032,2026-07-29,50.8,1444,106,183,32,32,3,6667,Upper,5,16,7.6
user_000032,2026-07-30,50.7,1325,102,137,41,12,4,8731,Pull,5,13,6.7
user_000032,2026-07-31,50.8,1384,101,173,32,22,3,7936,Upper,1,8,6.8
user_000032,2026-08-01,50.9,1870,88,267,50,23,5,15018,Pull,3,18,8.7
user_000032,2026-08-02,51.1,1870,108,229,58,17,5,16974,Upper,0,10,7.7
user_000032,2026-08-03,51.3,1637,97,202,49,12,1,13412,Rest,,,7.2
user_000032,2026-08-04,51.2,2088,95,319,48,54,5,17854,Legs,2,12,7.7
user_000032,2026-08-05,51.4,1522,92,194,42,35,3,4273,Upper,5,6,6.7
user_000032,2026-08-06,51.5,1606,94,195,50,33,3,12978,Push,0,12,6.9
user_000032,2026-08-07,51.2,1460,103,190,32,4,1,11734,Legs,1,6,8.2
user_000032,2026-08-08,51.5,1546,108,166,50,31,3,7821,Legs,3,16,6.2
user_000032,2026-08-09,51.2,1862,83,288,42,59,3,17715,Legs,3,8,7.7
user_000032,2026-08-10,51.3,1489,109,180,37,11,1,12241,Rest,,,5.5
user_000032,2026-08-11,51.0,1744,96,214,56,37,5,8518,Rest,,,9.0
user_000032,2026-08-12,50.9,1629,103,194,49,51,3,5860,Rest,,,8.2
user_000032,2026-08-13,51.2,1904,82,295,44,21,4,17614,Rest,,,8.5
user_000032,2026-08-14,51.2,1468,95,182,40,16,3,16122,Pull,0,19,6.2
user_000032,2026-08-15,50.9,1676,106,196,52,50,3,12908,Push,1,20,8.8
user_000032,2026-08-16,51.1,1824,100,248,48,29,5,17007,Push,4,14,6.6
user_000032,2026-08-17,51.0,1578,83,208,46,31,3,14080,Pull,0,18,7.2
user_000032,2026-08-18,51.1,1586,106,178,50,42,4,6047,Rest,,,6.9
user_000032,2026-08-19,51.1,1174,109,117,30,29,2,8956,Upper,3,6,7.6
user_000032,2026-08-20,51.2,1419,88,161,47,59,1,8397,Legs,1,13,5.8
user_000032,2026-08-21,51.3,1465,105,187,33,42,2,6529,Push,0,20,7.8
user_000032,2026-08-22,51.2,2009,86,279,61,53,3,13188,Upper,1,6,8.9
user_000032,2026-08-23,51.3,1505,93,200,37,1,5,13313,Push,3,16,5.7
user_000032,2026-08-24,51.1,1816,109,228,52,57,5,4576,Push,1,15,8.2
user_000032,2026-08-25,51.2,1563,89,205,43,2,3,14712,Upper,3,14,8.8
user_000032,2026-08-26,51.1,1917,89,262,57,32,2,11764,Legs,2,16,8.7
user_000032,2026-08-27,51.0,1357,90,166,37,32,5,6179,Legs,1,14,8.6
user_000032,2026-08-28,51.1,1510,95,188,42,2,2,17292,Push,1,10,5.8
user_000032,2026-08-29,51.0,1575,100,197,43,30,1,7293,Push,5,15,8.2
user_000032,2026-08-30,51.2,1953,83,295,49,59,3,16112,Pull,4,17,7.0
user_000032,2026-08-31,51.1,2044,111,247,68,54,5,14002,Push,0,19,5.9
user_000032,2026-09-01,51.2,1538,96,212,34,40,1,7581,Pull,1,7,7.5
user_000032,2026-09-02,51.0,1615,110,179,51,60,3,7159,Rest,,,7.1
user_000032,2026-09-03,51.0,1438,84,199,34,32,5,5540,Push,3,7,6.1
user_000032,2026-09-04,51.2,1088,110,108,24,5,3,3159,Pull,1,19,8.5
user_000032,2026-09-05,51.1,1089,111,96,29,3,3,8259,Pull,1,7,5.7
user_000032,2026-09-06,51.2,1085,92,105,33,1,1,5656,Pull,3,16,8.1
user_000032,2026-09-07,51.0,1520,100,190,40,43,3,9302,Rest,,,7.1
user_000032,2026-09-08,50.8,1674,110,214,42,12,5,13456,Upper,5,6,7.2
user_000032,2026-09-09,50.6,1210,111,106,38,0,5,4462,Push,3,20,5.6
user_000032,2026-09-10,50.3,1742,110,231,42,32,5,3506,Pull,1,9,8.4
user_000032,2026-09-11,50.5,1474,104,188,34,22,4,7425,Upper,0,20,6.1
user_000032,2026-09-12,50.2,1211,109,106,39,39,1,3029,Upper,5,18,6.2
user_000032,2026-09-13,49.9,1262,102,137,34,2,5,7790,Rest,,,8.3
user_000032,2026-09-14,49.6,1515,96,204,35,22,4,10953,Upper,3,15,8.3
user_000032,2026-09-15,49.6,1573,101,182,49,15,1,17597,Pull,1,17,7.5
user_000032,2026-09-16,49.4,1330,81,184,30,23,2,5481,Rest,,,8.6
user_000032,2026-09-17,49.2,1415,99,167,39,0,2,11442,Pull,2,8,6.1
user_000032,2026-09-18,49.2,1380,87,159,44,4,3,10326,Legs,5,12,7.2
user_000032,2026-09-19,49.4,1997,102,278,53,11,2,17392,Push,2,17,8.3
user_000032,2026-09-20,49.3,2073,81,309,57,51,5,7840,Upper,3,6,7.2
user_000032,2026-09-21,49.5,2051,83,306,55,47,5,8636,Push,4,18,5.9
user_000032,2026-09-22,49.5,1855,81,277,47,13,5,14677,Pull,2,13,6.0
user_000032,2026-09-23,49.7,1522,94,174,50,28,3,3056,Legs,1,16,8.6
user_000032,2026-09-24,49.5,2264,99,305,72,49,4,10691,Rest,,,7.4
user_000032,2026-09-25,49.4,1950,89,295,46,17,4,7967,Push,0,8,5.6
user_000032,2026-09-26,49.2,1890,79,263,58,22,1,15323,Pull,1,13,7.1
user_000032,2026-09-27,49.4,1787,80,243,55,49,2,10708,Pull,2,13,5.7
user_000032,2026-09-28,49.7,1928,91,247,64,58,2,14188,Legs,1,17,6.8
user_000032,2026-09-29,49.6,1550,100,202,38,28,3,5826,Push,4,7,8.0
user_000032,2026-09-30,49.8,2013,105,279,53,25,5,8124,Rest,,,5.9
user_000032,2026-10-01,49.9,2451,107,328,79,55,5,9606,Rest,,,6.0
user_000032,2026-10-02,50.0,1807,103,252,43,34,1,8364,Rest,,,8.6
user_000032,2026-10-03,50.2,1918,109,258,50,10,1,14390,Legs,3,8,8.2
user_000032,2026-10-04,50.0,2240,103,304,68,16,4,15193,Push,3,10,7.1
user_000032,2026-10-05,49.7,1672,98,203,52,16,5,15567,Rest,,,5.5
user_000032,2026-10-06,49.9,1644,99,204,48,36,2,3447,Legs,2,18,6.7
user_000032,2026-10-07,49.9,1916,104,267,48,43,1,11975,Legs,1,20,8.1
user_000032,2026-10-08,50.2,1795,100,243,47,13,3,4220,Legs,0,16,6.3
user_000032,2026-10-09,50.1,1731,91,245,43,37,1,9215,Rest,,,7.7
user_000032,2026-10-10,50.2,2062,83,302,58,58,4,9877,Rest,,,8.6
user_000032,2026-10-11,50.4,1692,80,235,48,58,1,5458,Rest,,,6.3
user_000032,2026-10-12,50.6,1743,107,214,51,39,3,6473,Push,0,11,6.5
user_000032,2026-10-13,50.8,1924,110,227,64,19,3,16729,Upper,3,18,8.6
user_000032,2026-10-14,50.6,1504,104,164,48,16,1,5087,Legs,3,11,7.4
user_000032,2026-10-15,50.6,2156,85,346,48,26,5,16799,Rest,,,8.6
user_000032,2026-10-16,50.9,1987,106,285,47,59,1,14222,Upper,0,10,7.9
user_000032,2026-10-17,51.0,1728,83,232,52,34,2,16460,Pull,0,14,6.5
user_000032,2026-10-18,51.0,2119,107,281,63,15,5,8889,Pull,4,7,7.1
user_000032,2026-10-19,50.8,1845,111,240,49,6,1,16186,Rest,,,8.6
user_000032,2026-10-20,50.7,1700,84,251,40,8,4,3332,Rest,,,7.8
user_000032,2026-10-21,50.4,2026,104,290,50,26,3,3672,Rest,,,6.2
user_000032,2026-10-22,50.2,1770,83,238,54,13,3,12481,Upper,0,13,8.2
user_000032,2026-10-23,50.2,2051,87,302,55,42,5,8111,Legs,5,15,8.8
user_000032,2026-10-24,50.4,2112,104,316,48,39,1,7765,Pull,4,14,5.8
user_000032,2026-10-25,50.1,1476,84,177,48,54,1,3251,Upper,4,13,6.8
user_000032,2026-10-26,50.2,2100,100,290,60,49,3,17551,Pull,2,8,8.3
user_000032,2026-10-27,50.3,1527,92,211,35,33,1,3860,Rest,,,8.1
user_000032,2026-10-28,50.4,2210,102,320,58,56,3,11797,Legs,2,19,8.7
user_000032,2026-10-29,50.1,1491,104,163,47,45,3,8547,Legs,1,6,6.0
user_000032,2026-10-30,50.0,1822,110,251,42,20,3,7754,Legs,1,7,8.8
user_000032,2026-10-31,49.7,2247,99,348,51,33,3,14683,Legs,3,16,7.1
user_000032,2026-11-01,49.4,1983,94,269,59,50,4,7783,Pull,0,19,8.9
user_000032,2026-11-02,49.5,1800,108,234,48,47,2,14797,Pull,3,12,7.7
user_000032,2026-11-03,49.6,1850,88,262,50,52,2,13830,Upper,4,9,8.3
user_000032,2026-11-04,49.9,2268,92,331,64,46,5,12878,Upper,4,9,8.5
user_000032,2026-11-05,50.1,2042,97,283,58,31,4,14291,Rest,,,7.3
user_000032,2026-11-06,50.0,1817,109,226,53,41,3,6442,Upper,2,15,7.5
user_000032,2026-11-07,50.2,1855,91,240,59,0,3,16723,Pull,2,10,6.1
user_000032,2026-11-08,50.4,1911,93,270,51,55,4,6540,Push,1,15,6.1
user_000032,2026-11-09,50.5,2250,86,328,66,55,3,10503,Upper,1,18,9.0
user_000032,2026-11-10,50.3,2384,89,372,60,58,4,12279,Push,4,8,8.4
user_000032,2026-11-11,50.2,1358,92,162,38,9,3,4579,Rest,,,8.1
user_000032,2026-11-12,49.9,1696,86,221,52,36,4,8231,Rest,,,7.8
user_000032,2026-11-13,49.9,1322,95,159,34,14,1,8303,Upper,0,10,8.2
user_000032,2026-11-14,49.7,1665,93,204,53,20,4,6644,Legs,3,13,6.8
user_000032,2026-11-15,49.6,2347,104,350,59,45,5,10667,Upper,1,16,7.5
user_000032,2026-11-16,49.4,1689,104,208,49,43,2,3500,Legs,4,9,8.3
user_000032,2026-11-17,49.4,1822,103,240,50,48,1,12159,Rest,,,6.1
user_000032,2026-11-18,49.4,1716,86,235,48,36,1,4597,Push,4,12,8.0
user_000032,2026-11-19,49.4,2285,105,347,53,33,4,11528,Legs,5,14,8.0
user_000032,2026-11-20,49.3,1825,107,230,53,28,2,16677,Upper,1,6,8.5
user_000032,2026-11-21,49.6,1701,107,235,37,1,4,5700,Upper,4,16,5.7
user_000032,2026-11-22,49.3,1913,106,271,45,20,5,8888,Legs,1,10,8.1
user_000032,2026-11-23,49.3,2217,100,308,65,58,3,14561,Pull,5,7,6.9
user_000032,2026-11-24,49.3,1898,86,276,50,14,1,13548,Upper,2,11,8.0
user_000032,2026-11-25,49.4,1953,87,264,61,32,4,15575,Legs,0,6,8.7
user_000032,2026-11-26,49.6,1699,108,202,51,1,2,12134,Legs,3,10,8.0
user_000032,2026-11-27,49.4,1794,83,262,46,19,2,6941,Legs,0,8,6.6
user_000033,2026-07-01,51.2,1461,94,197,33,48,1,9280,Push,3,12,7.6
user_000033,2026-07-02,50.9,1188,84,141,32,1,3,12664,Pull,5,16,5.5
user_000033,2026-07-03,50.6,1265,86,165,29,43,1,6813,Upper,2,19,5.7
user_000033,2026-07-04,50.9,1129,110,89,37,11,3,10102,Upper,2,11,6.0
user_000033,2026-07-05,50.8,1086,90,123,26,10,1,3009,Push,3,7,7.1
user_000033,2026-07-06,50.4,1084,103,105,28,15,3,3841,Upper,3,18,7.3
user_000033,2026-07-07,50.3,1360,81,160,44,58,2,6697,Upper,3,8,7.3
user_000033,2026-07-08,50.4,1978,97,267,58,58,4,14664,Push,5,20,6.6
user_000033,2026-07-09,50.5,1080,97,119,24,12,4,4091,Upper,0,16,8.1
user_000033,2026-07-10,50.3,1473,81,195,41,15,5,17192,Upper,0,17,8.4
user_000033,2026-07-11,50.1,1597,90,199,49,36,2,16706,Upper,0,9,7.7
user_000033,2026-07-12,49.8,1444,97,174,40,58,4,15293,Rest,,,8.4
user_000033,2026-07-13,49.8,1106,82,118,34,0,1,12026,Rest,,,7.6
user_000033,2026-07-14,49.6,1217,80,150,33,21,3,6424,Push,5,20,6.4
user_000033,2026-07-15,49.6,1073,81,113,33,43,3,3779,Pull,1,20,5.7
user_000033,2026-07-16,49.3,1073,104,108,25,48,1,8266,Legs,3,20,7.3
user_000033,2026-07-17,49.3,1334,107,132,42,11,3,17071,Rest,,,6.6
user_000033,2026-07-18,49.3,1661,88,235,41,53,4,16306,Pull,0,13,6.8
user_000033,2026-07-19,49.5,1235,86,144,35,1,5,17089,Rest,,,8.3
user_000033,2026-07-20,49.2,1440,84,186,40,29,5,15247,Pull,3,18,7.7
user_000033,2026-07-21,49.0,1458,79,200,38,43,4,12996,Pull,2,9,7.1
user_000033,2026-07-22,48.9,1252,99,124,40,2,5,16434,Push,1,9,8.9
user_000033,2026-07-23,48.7,1068,94,119,24,8,4,4163,Pull,5,7,5.9
user_000033,2026-07-24,48.8,1069,102,91,33,3,4,4504,Upper,0,20,8.0
user_000033,2026-07-25,48.5,1660,88,210,52,48,5,16662,Push,0,20,6.2
user_000033,2026-07-26,48.5,1089,104,103,29,15,2,12754,Rest,,,9.0
user_000033,2026-07-27,48.4,1311,83,157,39,16,5,14073,Legs,0,10,6.8
user_000033,2026-07-28,48.4,1363,98,173,31,40,3,9874,Legs,1,9,7.5
user_000033,2026-07-29,48.7,2011,94,285,55,54,4,14267,Rest,,,8.1
user_000033,2026-07-30,48.9,1067,105,83,35,12,4,3608,Rest,,,7.8
user_000033,2026-07-31,49.0,1412,86,186,36,37,4,7315,Push,3,16,8.5
user_000033,2026-08-01,49.1,1323,97,164,31,60,3,8270,Legs,2,18,7.2
user_000033,2026-08-02,49.0,1330,99,148,38,9,4,16856,Upper,0,7,6.2
user_000033,2026-08-03,48.8,1150,81,139,30,11,4,13882,Pull,5,10,8.3
user_000033,2026-08-04,48.7,1066,105,85,34,12,5,4049,Legs,1,12,8.1
user_000033,2026-08-05,48.5,1225,87,154,29,41,1,10134,Rest,,,6.1
user_000033,2026-08-06,48.1,1493,96,176,45,45,4,13811,Upper,5,14,6.5
user_000033,2026-08-07,48.2,1336,98,137,44,38,2,14046,Push,2,16,8.0
user_000033,2026-08-08,48.1,1320,90,168,32,45,1,14192,Pull,2,18,7.3
user_000033,2026-08-09,48.2,1252,80,143,40,29,5,4780,Upper,4,11,8.8
user_000033,2026-08-10,48.2,1269,88,146,37,42,2,5520,Upper,2,18,6.0
user_000033,2026-08-11,48.2,1129,102,115,29,24,4,3340,Push,1,18,8.9
user_000033,2026-08-12,48.3,1441,87,190,37,24,5,14752,Push,5,20,8.2
user_000033,2026-08-13,48.5,1333,99,142,41,39,4,7581,Rest,,,8.9
user_000033,2026-08-14,48.4,1065,84,108,33,5,1,13969,Push,3,9,6.1
user_000033,2026-08-15,48.4,1328,86,156,40,54,2,7458,Legs,0,18,6.4
user_000033,2026-08-16,48.7,1065,85,125,25,3,3,7388,Rest,,,8.2
user_000033,2026-08-17,48.8,1583,86,213,43,43,5,10230,Pull,0,13,7.5
user_000033,2026-08-18,48.7,1487,106,160,47,14,3,12061,Pull,2,12,6.2
user_000033,2026-08-19,48.7,1797,83,247,53,32,5,17771,Legs,5,19,7.6
user_000033,2026-08-20,48.8,1077,81,114,33,25,4,9368,Push,4,18,7.4
user_000033,2026-08-21,48.9,1227,96,123,39,19,1,10244,Legs,0,10,7.7
user_000033,2026-08-22,48.6,1402,105,169,34,26,5,12440,Legs,4,6,7.9
user_000033,2026-08-23,48.9,1394,100,163,38,21,2,12599,Rest,,,9.0
user_000033,2026-08-24,48.7,1068,78,117,32,2,2,9808,Upper,4,20,8.3
user_000033,2026-08-25,48.6,1162,106,117,30,49,2,10714,Rest,,,6.9
user_000033,2026-08-26,48.6,1780,92,236,52,59,4,13984,Upper,2,9,6.5
user_000033,2026-08-27,48.5,1552,94,213,36,43,4,4987,Legs,3,19,5.5
user_000033,2026-08-28,48.4,1094,92,114,30,3,4,11810,Rest,,,8.1
user_000033,2026-08-29,48.2,1300,104,140,36,11,2,5251,Upper,3,20,8.3
user_000033,2026-08-30,48.1,1731,96,222,51,46,5,11168,Upper,3,6,6.0
user_000033,2026-08-31,47.8,1112,77,138,28,38,4,3609,Push,0,10,6.9
user_000033,2026-09-01,47.9,2431,91,393,55,26,5,17376,Rest,,,7.1
user_000033,2026-09-02,47.9,1852,87,277,44,44,1,4472,Push,2,9,7.8
user_000033,2026-09-03,48.2,2095,85,333,47,46,2,10422,Push,1,15,7.1
user_000033,2026-09-04,48.4,2043,105,291,51,24,2,12438,Legs,0,15,7.6
user_000033,2026-09-05,48.6,2148,91,320,56,19,2,17378,Upper,4,18,8.4
user_000033,2026-09-06,48.5,2320,79,348,68,25,3,4375,Rest,,,7.4
user_000033,2026-09-07,48.7,2430,89,397,54,45,4,11130,Rest,,,5.7
user_000033,2026-09-08,48.6,2276,86,330,68,44,5,6971,Upper,4,17,7.1
user_000033,2026-09-09,49.0,1739,82,238,51,5,5,7177,Pull,3,18,6.8
user_000033,2026-09-10,48.9,2517,86,397,65,42,3,12311,Legs,5,14,6.0
user_000033,2026-09-11,48.7,1896,100,266,48,7,2,11832,Legs,4,12,6.1
user_000033,2026-09-12,48.7,2142,94,284,70,28,4,5912,Upper,4,13,6.3
user_000033,2026-09-13,48.6,2394,90,387,54,38,1,15099,Pull,4,9,7.0
user_000033,2026-09-14,48.3,1953,80,262,65,25,2,14134,Push,5,14,8.5
user_000033,2026-09-15,48.4,1981,104,245,65,20,4,6498,Push,4,14,5.5
user_000033,2026-09-16,48.2,2337,83,328,77,38,5,11387,Push,1,20,8.1
user_000033,2026-09-17,48.5,1760,93,230,52,57,1,6142,Rest,,,7.4
user_000033,2026-09-18,48.5,2107,105,307,51,13,4,13331,Pull,4,16,8.5
user_000033,2026-09-19,48.3,2241,102,330,57,44,4,14214,Legs,3,15,6.0
user_000033,2026-09-20,48.1,2160,97,335,48,8,4,14498,Push,3,6,6.8
user_000033,2026-09-21,48.4,2612,87,377,84,51,3,17465,Legs,2,20,8.6
user_000033,2026-09-22,48.3,2092,82,297,64,55,3,12568,Pull,4,19,8.0
user_000033,2026-09-23,48.5,1942,101,245,62,16,3,12217,Pull,0,15,8.7
user_000033,2026-09-24,48.9,2183,98,315,59,1,1,10513,Push,3,17,5.9
user_000033,2026-09-25,49.2,2051,87,284,63,18,1,13538,Pull,2,17,7.2
user_000033,2026-09-26,49.2,2243,91,310,71,31,5,9343,Push,1,6,9.0
user_000033,2026-09-27,49.2,1769,106,208,57,30,1,5153,Legs,1,9,7.3
user_000033,2026-09-28,49.3,2724,84,417,80,57,5,13864,Push,5,19,7.4
user_000033,2026-09-29,49.6,2292,105,306,72,29,3,17767,Rest,,,8.9
user_000033,2026-09-30,49.5,1891,89,269,51,1,2,8278,Legs,2,7,8.1
user_000033,2026-10-01,49.4,2136,108,300,56,40,3,3068,Pull,1,9,8.5
user_000033,2026-10-02,49.7,2176,100,291,68,30,4,11533,Legs,0,14,7.0
user_000033,2026-10-03,49.7,2396,103,325,76,39,4,9687,Upper,4,18,5.9
user_000033,2026-10-04,49.8,2514,98,355,78,48,3,14777,Rest,,,8.3
user_000033,2026-10-05,50.0,2357,99,353,61,19,5,17705,Legs,3,9,7.8
user_000033,2026-10-06,50.2,2004,84,273,64,29,2,9537,Upper,4,10,8.3
user_000033,2026-10-07,50.0,1941,102,264,53,7,4,4239,Push,5,20,6.7
user_000033,2026-10-08,49.9,1931,102,266,51,25,1,10209,Legs,4,11,6.5
user_000033,2026-10-09,50.0,2213,109,307,61,1,2,16096,Rest,,,6.8
user_000033,2026-10-10,50.1,1808,84,251,52,13,1,10075,Pull,5,11,6.2
user_000033,2026-10-11,49.9,2475,80,406,59,40,4,17496,Rest,,,7.0
user_000033,2026-10-12,49.8,2197,95,299,69,41,3,8990,Push,4,10,6.0
user_000033,2026-10-13,50.0,2233,105,298,69,54,1,15296,Legs,5,11,8.7
user_000033,2026-10-14,49.9,2390,83,339,78,34,5,8944,Upper,0,8,6.5
user_000033,2026-10-15,49.8,2020,83,296,56,9,2,14886,Push,3,7,8.7
user_000033,2026-10-16,49.5,2247,104,316,63,39,5,10844,Legs,3,15,6.2
user_000033,2026-10-17,49.7,2037,92,289,57,11,4,3416,Rest,,,8.2
user_000033,2026-10-18,49.8,2026,107,260,62,44,3,6815,Push,0,17,5.9
user_000033,2026-10-19,50.0,2323,102,337,63,56,2,13634,Legs,4,12,7.2
user_000033,2026-10-20,50.2,2312,103,331,64,33,4,15341,Rest,,,7.0
user_000033,2026-10-21,50.2,2524,82,405,64,43,5,4707,Upper,4,17,5.5
user_000033,2026-10-22,50.3,2101,101,305,53,41,5,4518,Legs,0,17,8.7
user_000033,2026-10-23,50.1,2177,100,316,57,24,5,13769,Pull,5,6,6.3
user_000033,2026-10-24,50.2,2346,105,360,54,38,5,10045,Push,5,19,5.9
user_000033,2026-10-25,50.3,2183,94,301,67,8,4,15400,Rest,,,6.6
user_000033,2026-10-26,50.5,2181,89,337,53,25,2,15907,Pull,4,6,8.7
user_000033,2026-10-27,50.4,1827,95,229,59,13,3,14692,Push,5,11,5.6
user_000033,2026-10-28,50.3,2029,96,310,45,3,5,7775,Pull,0,12,6.4
user_000033,2026-10-29,50.3,1773,107,226,49,0,3,11410,Upper,5,18,9.0
user_000033,2026-10-30,50.2,2548,94,390,68,17,5,12477,Push,3,18,6.7
user_000033,2026-10-31,50.1,1958,101,258,58,27,4,6517,Legs,3,18,5.9
user_000033,2026-11-01,50.1,2668,82,432,68,49,5,17416,Legs,1,13,7.2
user_000033,2026-11-02,50.1,2634,90,402,74,46,3,15378,Pull,4,17,6.8
user_000033,2026-11-03,50.4,2204,104,330,52,25,2,14045,Legs,1,10,7.9
user_000033,2026-11-04,50.5,2014,102,262,62,5,2,4611,Rest,,,7.4
user_000033,2026-11-05,50.5,1946,100,274,50,57,1,7720,Push,5,20,8.7
user_000033,2026-11-06,50.3,2058,89,277,66,58,3,6578,Rest,,,6.6
user_000033,2026-11-07,50.2,2056,99,280,60,56,2,5058,Push,4,16,7.5
user_000033,2026-11-08,50.4,2140,89,329,52,14,3,13524,Rest,,,8.0
user_000033,2026-11-09,50.5,2033,94,277,61,19,2,9343,Push,3,8,6.6
user_000033,2026-11-10,50.5,2451,105,339,75,54,4,12794,Upper,0,10,8.3
user_000033,2026-11-11,50.6,2197,82,330,61,33,4,6045,Legs,1,6,5.7
user_000033,2026-11-12,50.7,1840,106,219,60,30,3,4002,Legs,5,19,6.4
user_000033,2026-11-13,50.6,2000,88,295,52,20,1,11645,Upper,1,6,5.7
user_000033,2026-11-14,50.8,1547,103,205,35,20,2,3456,Upper,1,7,8.1
user_000033,2026-11-15,50.5,2114,85,313,58,31,1,9436,Pull,1,16,6.0
user_000033,2026-11-16,50.3,2061,81,297,61,56,1,9452,Pull,1,6,6.7
user_000033,2026-11-17,50.2,2116,82,312,60,6,5,17735,Push,1,10,8.1
user_000033,2026-11-18,50.4,2039,109,277,55,18,4,9363,Legs,5,13,6.4
user_000033,2026-11-19,50.2,1930,89,290,46,41,2,3687,Legs,0,7,5.7
user_000033,2026-11-20,50.1,2395,85,390,55,39,4,13006,Upper,2,18,6.3
user_000033,2026-11-21,50.1,2686,97,408,74,52,5,14497,Rest,,,6.5
user_000033,2026-11-22,50.3,1708,87,232,48,9,1,5490,Upper,1,14,6.1
user_000033,2026-11-23,50.1,1713,89,220,53,48,1,6696,Legs,2,15,5.8
user_000033,2026-11-24,50.0,2428,91,345,76,29,3,14883,Pull,0,9,5.6
user_000033,2026-11-25,50.2,2195,106,328,51,33,2,16473,Rest,,,8.0
user_000033,2026-11-26,50.6,2175,99,312,59,4,5,9732,Upper,0,10,8.5
user_000033,2026-11-27,50.5,2443,97,345,75,42,2,13814,Upper,4,14,5.5
user_000034,2026-07-01,51.4,1092,111,99,28,9,3,5355,Pull,1,20,8.7
user_000034,2026-07-02,51.4,1287,87,165,31,51,2,14451,Legs,5,17,8.2
user_000034,2026-07-03,51.5,1550,111,173,46,28,5,9469,Pull,3,16,7.5
user_000034,2026-07-04,51.7,1431,102,177,35,21,3,10295,Rest,,,8.0
user_000034,2026-07-05,51.4,1553,84,221,37,12,5,9774,Legs,0,9,6.0
user_000034,2026-07-06,51.3,1418,91,169,42,13,5,4727,Push,2,6,8.7
user_000034,2026-07-07,51.1,1721,107,231,41,16,4,11902,Push,4,20,8.4
user_000034,2026-07-08,50.8,1405,99,169,37,29,5,8261,Upper,2,13,8.9
user_000034,2026-07-09,51.0,1246,105,121,38,25,1,7512,Pull,4,18,6.7
user_000034,2026-07-10,51.1,1457,98,183,37,25,2,6802,Legs,2,13,7.2
user_000034,2026-07-11,50.8,1830,89,274,42,51,5,8667,Upper,2,19,8.3
user_000034,2026-07-12,51.0,1415,99,176,35,38,4,3068,Pull,5,16,6.2
user_000034,2026-07-13,51.1,1262,90,140,38,9,4,6840,Legs,0,10,8.4
user_000034,2026-07-14,51.0,1696,100,207,52,34,2,15501,Push,3,20,8.7
user_000034,2026-07-15,50.8,1481,93,185,41,56,4,4026,Legs,4,10,6.6
user_000034,2026-07-16,51.1,1632,96,222,40,23,1,14901,Rest,,,6.3
user_000034,2026-07-17,51.1,1088,109,91,32,13,1,3646,Upper,3,12,6.1
user_000034,2026-07-18,51.0,1809,90,243,53,57,3,7654,Rest,,,6.4
user_000034,2026-07-19,51.3,1868,90,269,48,33,1,14317,Legs,0,7,6.1
user_000034,2026-07-20,51.1,1303,104,134,39,16,4,3533,Legs,5,16,5.8
user_000034,2026-07-21,51.3,1181,102,110,37,22,1,9412,Push,0,9,8.2
user_000034,2026-07-22,51.3,1433,103,172,37,6,4,11036,Push,0,6,9.0
user_000034,2026-07-23,51.4,1673,110,216,41,19,4,17843,Legs,4,11,6.1
user_000034,2026-07-24,51.0,1489,109,162,45,56,4,8582,Upper,2,13,8.8
user_000034,2026-07-25,51.0,1355,90,170,35,39,3,10585,Legs,2,11,7.1
user_000034,2026-07-26,51.0,1088,108,92,32,14,4,4067,Rest,,,5.9
user_000034,2026-07-27,51.0,1464,111,174,36,40,4,5130,Push,1,15,7.8
user_000034,2026-07-28,51.1,1247,99,134,35,3,3,8385,Upper,3,19,5.8
user_000034,2026-07-29,51.3,1227,81,147,35,0,3,7507,Push,0,9,8.9
user_000034,2026-07-30,51.2,1319,97,163,31,14,3,4099,Upper,2,17,8.8
user_000034,2026-07-31,51.1,1366,112,135,42,30,1,9561,Pull,0,15,7.0
user_000034,2026-08-01,51.0,1608,83,211,48,7,2,16948,Pull,5,15,7.1
user_000034,2026-08-02,51.3,1412,111,170,32,2,2,4989,Upper,3,20,6.9
user_000034,2026-08-03,51.5,1167,92,130,31,0,3,5199,Upper,5,7,6.0
user_000034,2026-08-04,51.5,1681,91,237,41,35,4,16130,Upper,5,13,5.7
user_000034,2026-08-05,51.6,1311,84,174,31,3,3,8825,Legs,3,9,8.8
user_000034,2026-08-06,51.5,1682,96,203,54,50,1,16146,Upper,1,12,7.3
user_000034,2026-08-07,51.7,1325,86,180,29,21,4,6784,Legs,3,17,7.6
user_000034,2026-08-08,51.7,1285,105,133,37,7,4,3351,Rest,,,8.1
user_000034,2026-08-09,52.0,1896,84,273,52,22,5,15540,Rest,,,8.7
user_000034,2026-08-10,52.1,1236,109,128,32,22,2,4657,Rest,,,8.8
user_000034,2026-08-11,51.8,1097,97,121,25,27,1,3325,Rest,,,7.3
user_000034,2026-08-12,51.9,1500,87,180,48,19,5,4813,Push,1,10,6.1
user_000034,2026-08-13,52.1,1555,90,220,35,57,2,14250,Rest,,,6.2
user_000034,2026-08-14,52.3,1574,109,199,38,30,3,13371,Push,1,16,6.3
user_000034,2026-08-15,52.4,1956,105,276,48,48,5,9458,Upper,1,18,7.1
user_000034,2026-08-16,52.5,2136,102,324,48,59,5,17272,Push,3,10,7.5
user_000034,2026-08-17,52.4,1346,97,154,38,28,5,3230,Push,5,7,6.7
user_000034,2026-08-18,52.1,1405,83,176,41,29,1,7483,Push,0,12,8.5
user_000034,2026-08-19,51.9,1323,97,164,31,58,3,5238,Pull,3,10,7.6
user_000034,2026-08-20,52.0,1093,109,108,25,1,3,6354,Pull,2,19,8.5
user_000034,2026-08-21,51.9,2019,93,306,47,15,5,17534,Upper,1,7,8.1
user_000034,2026-08-22,51.8,1710,108,207,50,10,1,17672,Upper,4,11,7.0
user_000034,2026-08-23,52.0,1324,110,131,40,14,2,15535,Rest,,,6.1
user_000034,2026-08-24,52.1,2690,88,400,82,53,5,16072,Legs,2,14,6.1
user_000034,2026-08-25,52.1,2136,110,298,56,55,5,4515,Push,5,12,6.1
user_000034,2026-08-26,52.4,2057,102,302,49,47,3,14360,Legs,2,10,7.4
user_000034,2026-08-27,52.4,1895,111,239,55,10,5,17386,Rest,,,6.1
user_000034,2026-08-28,52.6,1621,88,216,45,30,3,12464,Pull,5,7,6.5
user_000034,2026-08-29,52.8,1895,102,248,55,58,4,8382,Legs,1,6,8.2
user_000034,2026-08-30,52.6,2007,113,274,51,27,3,15361,Upper,2,19,5.9
user_000034,2026-08-31,52.3,1499,102,176,43,3,1,16703,Push,1,17,8.1
user_000034,2026-09-01,52.5,1580,98,189,48,20,4,4537,Pull,2,12,8.6
user_000034,2026-09-02,52.6,1427,108,152,43,6,2,6559,Pull,4,15,8.0
user_000034,2026-09-03,52.9,1731,89,238,47,14,2,9823,Legs,2,20,8.6
user_000034,2026-09-04,53.0,1915,111,235,59,30,5,6747,Push,0,11,9.0
user_000034,2026-09-05,53.2,2097,106,290,57,41,3,13286,Rest,,,5.7
user_000034,2026-09-06,53.2,1997,113,249,61,27,2,16332,Push,0,6,6.5
user_000034,2026-09-07,53.0,1524,96,195,40,15,1,9530,Push,0,8,5.9
user_000034,2026-09-08,52.8,2077,95,314,49,33,3,16901,Push,0,7,8.9
user_000034,2026-09-09,52.5,2087,89,318,51,31,4,17285,Rest,,,8.7
user_000034,2026-09-10,52.4,1780,110,245,40,18,4,4958,Legs,5,13,7.0
user_000034,2026-09-11,52.1,1531,96,208,35,30,1,3432,Push,2,7,6.3
user_000034,2026-09-12,51.9,1827,107,235,51,22,1,10959,Upper,3,14,5.6
user_000034,2026-09-13,51.8,1767,97,239,47,27,4,9711,Push,4,19,6.8
user_000034,2026-09-14,51.8,1603,98,215,39,46,2,14014,Pull,4,6,8.5
user_000034,2026-09-15,51.6,1491,108,186,35,44,2,6352,Upper,5,12,7.9
user_000034,2026-09-16,51.6,1571,110,195,39,49,2,8542,Upper,5,9,8.0
user_000034,2026-09-17,51.9,2230,89,311,70,18,5,16858,Push,5,12,8.6
user_000034,2026-09-18,51.8,1620,90,234,36,19,3,6013,Upper,0,18,5.8
user_000034,2026-09-19,51.8,2152,91,339,48,56,4,10642,Pull,5,14,7.4
user_000034,2026-09-20,51.5,1564,104,197,40,34,3,3084,Legs,3,13,6.1
user_000034,2026-09-21,51.5,1942,89,257,62,37,5,8637,Pull,1,8,8.9
user_000034,2026-09-22,51.4,1548,87,192,48,14,1,5140,Pull,0,15,5.5
user_000034,2026-09-23,51.3,1779,97,233,51,35,1,14040,Upper,2,8,8.2
user_000034,2026-09-24,51.4,1917,107,244,57,22,3,11440,Push,4,15,6.5
user_000034,2026-09-25,51.3,1484,102,170,44,32,1,3218,Pull,5,10,7.0
user_000034,2026-09-26,51.3,1564,85,216,40,52,2,4433,Pull,0,10,7.4
user_000034,2026-09-27,51.1,1594,98,188,50,53,1,7053,Legs,3,11,8.3
user_000034,2026-09-28,51.3,2281,104,338,57,48,5,15748,Pull,1,7,7.0
user_000034,2026-09-29,51.1,1924,85,261,60,23,5,17556,Pull,4,12,6.0
user_000034,2026-09-30,51.0,1500,97,170,48,9,1,9439,Legs,2,19,8.6
user_000034,2026-10-01,50.7,1619,112,187,47,50,2,10124,Pull,4,19,6.1
user_000034,2026-10-02,50.7,1867,81,271,51,20,2,14582,Push,4,10,7.4
user_000034,2026-10-03,50.9,1869,110,229,57,50,1,15347,Rest,,,7.6
user_000034,2026-10-04,50.6,1691,98,201,55,51,1,13714,Upper,2,12,6.9
user_000034,2026-10-05,50.6,1783,98,224,55,48,2,11348,Pull,5,20,8.3
user_000034,2026-10-06,50.5,1632,95,196,52,3,5,8298,Legs,5,15,7.7
user_000034,2026-10-07,50.7,1580,99,206,40,9,3,5852,Legs,2,19,6.8
user_000034,2026-10-08,50.8,1699,84,226,51,43,2,13920,Rest,,,8.2
user_000034,2026-10-09,50.6,2004,96,270,60,13,5,16938,Pull,3,20,7.9
user_000034,2026-10-10,50.5,1918,93,283,46,33,5,16203,Upper,0,16,7.4
user_000034,2026-10-11,50.7,1837,80,242,61,45,4,5847,Rest,,,7.7
user_000034,2026-10-12,50.5,1192,105,112,36,16,3,5975,Rest,,,8.1
user_000034,2026-10-13,50.2,1318,83,152,42,0,1,9684,Pull,0,17,6.0
user_000034,2026-10-14,50.1,1566,89,199,46,26,3,6048,Rest,,,5.6
user_000034,2026-10-15,50.0,1992,100,254,64,46,3,17771,Pull,5,9,8.6
user_000034,2026-10-16,50.1,1693,93,211,53,27,5,6365,Rest,,,5.8
user_000034,2026-10-17,49.8,1819,97,261,43,40,5,16430,Legs,3,8,6.8
user_000034,2026-10-18,50.0,1362,88,167,38,31,1,7860,Rest,,,8.5
user_000034,2026-10-19,49.9,1574,92,189,50,34,5,5029,Rest,,,6.3
user_000034,2026-10-20,50.0,1711,109,195,55,28,4,7467,Push,1,16,5.7
user_000034,2026-10-21,49.7,1808,109,235,48,52,5,3970,Push,1,17,5.9
user_000034,2026-10-22,49.5,1364,94,148,44,29,3,10531,Legs,5,14,7.5
user_000034,2026-10-23,49.3,1976,88,307,44,58,4,15206,Rest,,,7.2
user_000034,2026-10-24,49.2,1961,108,254,57,51,5,4883,Push,1,14,6.1
user_000034,2026-10-25,49.1,1754,79,256,46,22,3,15739,Push,0,6,7.7
user_000034,2026-10-26,48.9,1467,81,189,43,29,5,5584,Push,2,12,8.0
user_000034,2026-10-27,49.0,1352,95,144,44,13,2,9021,Legs,0,7,5.7
user_000034,2026-10-28,49.0,1670,96,227,42,13,5,9411,Legs,4,7,7.9
user_000034,2026-10-29,49.2,1975,98,254,63,57,5,14378,Pull,3,10,8.7
user_000034,2026-10-30,49.2,1854,99,270,42,33,3,14124,Upper,5,15,7.6
user_000034,2026-10-31,49.0,1337,101,141,41,1,5,6851,Pull,1,15,6.8
user_000034,2026-11-01,48.7,1612,91,195,52,35,5,3125,Push,2,14,8.6
user_000034,2026-11-02,49.0,1916,105,266,48,60,4,7442,Rest,,,5.9
user_000034,2026-11-03,48.9,1537,94,207,37,31,2,17279,Pull,0,15,8.0
user_000034,2026-11-04,48.9,1663,80,221,51,13,4,17467,Legs,3,15,8.3
user_000034,2026-11-05,49.1,1616,85,220,44,48,1,15333,Upper,5,13,6.4
user_000034,2026-11-06,48.8,1494,87,210,34,27,4,5898,Push,4,6,7.0
user_000034,2026-11-07,48.8,1659,103,224,39,46,3,7471,Legs,5,7,8.4
user_000034,2026-11-08,48.9,1438,100,183,34,47,1,16152,Upper,4,12,5.6
user_000034,2026-11-09,48.8,1339,96,169,31,6,2,14115,Legs,3,12,8.9
user_000034,2026-11-10,48.7,1701,79,236,49,38,3,8837,Legs,2,17,6.4
user_000034,2026-11-11,48.7,1378,101,158,38,10,2,5817,Push,0,14,6.3
user_000034,2026-11-12,48.8,2216,85,316,68,47,5,9947,Upper,1,14,7.5
user_000034,2026-11-13,48.6,1457,99,191,33,50,3,5127,Upper,3,17,6.0
user_000034,2026-11-14,48.4,1860,90,240,60,11,4,16001,Rest,,,8.6
user_000034,2026-11-15,48.3,1816,81,247,56,33,2,14740,Push,1,10,7.0
user_000034,2026-11-16,48.3,1489,83,206,37,45,4,9110,Upper,4,18,6.3
user_000034,2026-11-17,48.3,1662,81,213,54,49,2,5959,Push,4,13,8.8
user_000034,2026-11-18,48.1,1776,84,243,52,50,3,13598,Rest,,,6.4
user_000034,2026-11-19,48.0,1443,100,182,35,9,3,11925,Rest,,,5.6
user_000034,2026-11-20,48.0,1380,83,181,36,33,3,3706,Upper,3,11,5.5
user_000034,2026-11-21,47.7,1258,84,154,34,59,1,5076,Push,5,16,6.0
user_000034,2026-11-22,47.8,1371,100,164,35,31,1,12147,Push,5,16,6.8
user_000034,2026-11-23,47.8,1163,78,134,35,5,1,3755,Rest,,,5.6
user_000034,2026-11-24,48.0,1667,97,214,47,46,5,4449,Push,2,7,9.0
user_000034,2026-11-25,48.0,1770,87,225,58,43,5,10879,Upper,1,15,8.8
user_000034,2026-11-26,48.2,1384,98,167,36,40,3,3541,Push,2,7,5.6
user_000034,2026-11-27,48.4,1456,89,194,36,10,1,14499,Push,1,13,7.5
user_000035,2026-07-01,51.3,1981,103,282,49,37,2,7838,Legs,5,19,7.4
user_000035,2026-07-02,51.5,1807,104,233,51,47,2,9079,Pull,3,13,9.0
user_000035,2026-07-03,51.6,2122,88,321,54,28,5,4132,Push,4,7,7.6
user_000035,2026-07-04,51.9,1655,110,189,51,8,2,10787,Upper,1,8,7.1
user_000035,2026-07-05,52.1,2044,97,270,64,58,3,6537,Upper,0,18,7.6
user_000035,2026-07-06,52.1,2230,106,285,74,25,4,11826,Legs,0,7,7.9
user_000035,2026-07-07,52.0,2505,112,341,77,48,5,9947,Legs,3,11,8.4
user_000035,2026-07-08,52.2,2047,105,292,51,21,5,10345,Legs,5,15,8.6
user_000035,2026-07-09,52.2,1705,95,239,41,37,4,4090,Legs,0,7,8.6
user_000035,2026-07-10,52.2,1963,98,287,47,37,2,8391,Legs,0,16,5.7
user_000035,2026-07-11,52.4,1590,111,201,38,50,1,9832,Upper,5,19,7.0
user_000035,2026-07-12,52.6,1847,90,239,59,44,1,9997,Pull,4,19,8.6
user_000035,2026-07-13,52.3,2167,100,318,55,38,4,14671,Pull,0,6,6.5
user_000035,2026-07-14,52.2,2113,89,311,57,10,3,16030,Push,4,6,8.8
user_000035,2026-07-15,52.4,2325,91,335,69,46,5,15057,Rest,,,9.0
user_000035,2026-07-16,52.5,2012,115,253,60,50,3,14716,Rest,,,8.5
user_000035,2026-07-17,52.6,1821,99,228,57,57,1,12810,Legs,5,8,7.4
user_000035,2026-07-18,52.9,1900,112,237,56,14,5,11053,Legs,0,7,7.6
user_000035,2026-07-19,52.9,2243,107,321,59,16,3,12204,Rest,,,7.3
user_000035,2026-07-20,52.9,1745,103,205,57,17,4,5086,Upper,5,13,7.8
user_000035,2026-07-21,53.1,2022,98,277,58,28,5,14484,Upper,0,12,6.4
user_000035,2026-07-22,53.0,1583,110,171,51,1,1,8198,Upper,3,9,6.9
user_000035,2026-07-23,53.1,1904,109,232,60,39,2,8976,Pull,2,14,7.8
user_000035,2026-07-24,53.2,2340,107,334,64,36,5,10435,Pull,5,19,8.0
user_000035,2026-07-25,53.0,1887,98,250,55,41,3,5964,Legs,3,8,8.7
user_000035,2026-07-26,53.0,2344,88,327,76,56,1,14637,Rest,,,8.2
user_000035,2026-07-27,53.2,1858,100,270,42,15,1,13884,Legs,0,10,8.4
user_000035,2026-07-28,53.3,1835,89,255,51,9,2,12516,Push,1,12,6.7
user_000035,2026-07-29,53.4,2021,116,252,61,22,4,16537,Rest,,,6.7
user_000035,2026-07-30,53.6,2431,90,349,75,41,4,15291,Legs,2,10,6.4
user_000035,2026-07-31,53.5,1916,115,247,52,1,3,12976,Rest,,,6.0
user_000035,2026-08-01,53.6,1754,114,221,46,41,1,6057,Push,1,7,7.0
user_000035,2026-08-02,53.5,1531,106,171,47,22,1,3180,Push,2,12,5.6
user_000035,2026-08-03,53.5,1969,97,276,53,13,1,15816,Upper,1,10,8.0
user_000035,2026-08-04,53.8,2493,101,394,57,48,5,7774,Upper,5,17,6.1
user_000035,2026-08-05,53.7,1843,91,273,43,5,4,15457,Rest,,,6.3
user_000035,2026-08-06,53.8,1944,92,277,52,52,2,7187,Upper,3,19,5.7
user_000035,2026-08-07,54.1,1742,110,213,50,4,3,7211,Upper,5,17,8.6
user_000035,2026-08-08,54.0,2243,88,313,71,60,2,9313,Upper,2,9,7.7
user_000035,2026-08-09,53.8,2369,114,350,57,43,3,4198,Rest,,,6.6
user_000035,2026-08-10,53.8,2171,103,316,55,17,3,15052,Pull,4,16,7.9
user_000035,2026-08-11,53.5,1991,104,270,55,46,1,11465,Upper,2,12,6.5
user_000035,2026-08-12,53.4,1601,101,189,49,51,1,6370,Rest,,,6.3
user_000035,2026-08-13,53.2,2060,116,264,60,14,3,17002,Upper,4,20,6.1
user_000035,2026-08-14,53.2,2111,105,272,67,25,4,11795,Pull,2,14,7.3
user_000035,2026-08-15,53.1,2120,87,299,64,43,2,13271,Legs,5,18,6.1
user_000035,2026-08-16,52.9,1794,96,258,42,4,1,17246,Rest,,,7.0
user_000035,2026-08-17,53.0,1787,102,221,55,13,4,3316,Legs,2,6,6.9
user_000035,2026-08-18,53.1,1772,88,265,40,44,1,12151,Upper,4,8,6.8
user_000035,2026-08-19,53.4,1793,107,231,49,25,2,8286,Rest,,,7.4
user_000035,2026-08-20,53.6,2276,87,356,56,54,3,15090,Legs,4,14,5.8
user_000035,2026-08-21,53.9,1865,112,217,61,49,2,5676,Upper,0,19,7.5
user_000035,2026-08-22,53.7,1710,88,236,46,29,2,5108,Pull,2,20,6.6
user_000035,2026-08-23,53.6,1749,101,235,45,3,4,16828,Push,0,10,8.7
user_000035,2026-08-24,53.8,1557,111,186,41,15,1,8510,Push,1,18,6.9
user_000035,2026-08-25,53.8,1755,100,242,43,2,4,3432,Upper,1,7,7.3
user_000035,2026-08-26,53.5,1947,113,241,59,16,4,10229,Pull,3,12,8.8
user_000035,2026-08-27,53.5,2230,114,313,58,31,5,6410,Legs,0,12,6.7
user_000035,2026-08-28,53.8,2169,90,342,49,56,1,16135,Pull,3,11,8.7
user_000035,2026-08-29,54.1,1804,86,239,56,32,1,12843,Rest,,,6.1
user_000035,2026-08-30,53.8,1830,105,249,46,6,3,9193,Push,1,7,6.2
user_000035,2026-08-31,53.7,1891,100,276,43,6,4,12059,Pull,0,11,8.8
user_000035,2026-09-01,54.0,1675,103,210,47,35,2,6941,Pull,1,14,7.7
user_000035,2026-09-02,53.8,1768,93,232,52,19,5,12768,Pull,0,14,6.6
user_000035,2026-09-03,53.8,2419,102,361,63,50,4,8330,Rest,,,5.9
user_000035,2026-09-04,53.5,1595,90,221,39,8,3,3297,Pull,1,14,6.9
user_000035,2026-09-05,53.3,2345,107,324,69,38,5,8049,Push,5,8,6.8
user_000035,2026-09-06,53.1,1803,100,245,47,13,1,8267,Pull,5,7,5.9
user_000035,2026-09-07,53.3,2173,112,312,53,32,5,15303,Pull,3,13,8.2
user_000035,2026-09-08,53.4,1279,104,146,31,21,1,13595,Legs,0,12,6.8
user_000035,2026-09-09,53.3,1106,99,101,34,20,1,3029,Legs,0,11,7.6
user_000035,2026-09-10,53.4,1358,91,154,42,8,2,16735,Rest,,,6.8
user_000035,2026-09-11,53.4,1865,107,249,49,58,3,11732,Pull,3,16,6.9
user_000035,2026-09-12,53.0,1108,86,128,28,40,1,7453,Push,3,20,5.7
user_000035,2026-09-13,52.9,1410,116,133,46,27,5,5122,Upper,4,20,8.2
user_000035,2026-09-14,52.6,1516,93,196,40,14,5,14950,Rest,,,8.5
user_000035,2026-09-15,52.6,1101,90,111,33,51,1,3746,Legs,2,6,6.6
user_000035,2026-09-16,52.5,1122,114,99,30,14,1,13554,Rest,,,7.6
user_000035,2026-09-17,52.4,1504,101,176,44,31,2,15741,Push,4,6,8.4
user_000035,2026-09-18,52.5,1098,99,108,30,8,1,10791,Legs,3,17,5.5
user_000035,2026-09-19,52.3,2197,88,342,53,53,5,11127,Push,0,15,7.1
user_000035,2026-09-20,52.2,1525,91,207,37,11,2,16208,Pull,2,10,6.6
user_000035,2026-09-21,51.9,1730,90,221,54,29,4,16833,Rest,,,6.4
user_000035,2026-09-22,51.6,1386,109,143,42,29,3,17777,Legs,5,15,7.7
user_000035,2026-09-23,51.6,1092,90,120,28,35,1,7721,Rest,,,8.1
user_000035,2026-09-24,51.8,1730,103,217,50,39,5,9205,Pull,4,10,6.1
user_000035,2026-09-25,51.8,1309,97,147,37,6,2,9552,Legs,1,16,7.6
user_000035,2026-09-26,51.6,1822,109,252,42,40,4,11949,Legs,5,19,7.3
user_000035,2026-09-27,51.3,1277,90,146,37,13,5,13141,Rest,,,7.9
user_000035,2026-09-28,51.1,1119,98,103,35,4,5,14300,Pull,5,17,5.7
user_000035,2026-09-29,51.1,1923,112,236,59,54,4,14672,Rest,,,8.9
user_000035,2026-09-30,51.2,1443,82,200,35,12,4,15768,Legs,1,14,7.4
user_000035,2026-10-01,51.4,1724,84,257,40,31,4,16137,Push,5,10,6.7
user_000035,2026-10-02,51.0,1306,97,144,38,19,4,8927,Upper,2,12,7.1
user_000035,2026-10-03,50.7,1732,90,235,48,54,4,13562,Pull,2,16,7.1
user_000035,2026-10-04,50.5,1371,109,146,39,16,5,4702,Push,3,11,5.6
user_000035,2026-10-05,50.5,1083,107,85,35,10,3,3393,Legs,4,16,7.1
user_000035,2026-10-06,50.5,1479,108,156,47,23,1,16675,Pull,1,11,7.5
user_000035,2026-10-07,50.2,1238,84,158,30,27,4,8089,Upper,2,14,6.2
user_000035,2026-10-08,49.9,1278,82,152,38,2,5,17760,Pull,5,13,8.3
user_000035,2026-10-09,50.2,1544,84,194,48,36,4,13301,Rest,,,5.9
user_000035,2026-10-10,50.3,1441,98,188,33,48,5,6058,Legs,3,20,6.3
user_000035,2026-10-11,50.1,1464,96,180,40,49,2,15611,Push,2,11,7.3
user_000035,2026-10-12,49.8,1175,83,123,39,0,4,8901,Rest,,,7.5
user_000035,2026-10-13,49.5,1494,98,172,46,58,4,13241,Rest,,,6.5
user_000035,2026-10-14,49.5,1491,80,196,43,30,3,11501,Rest,,,7.4
user_000035,2026-10-15,49.3,1411,108,157,39,32,5,9518,Legs,3,12,8.4
user_000035,2026-10-16,49.0,1397,105,170,33,29,1,14332,Push,0,18,8.5
user_000035,2026-10-17,48.8,1405,91,186,33,8,2,14595,Push,2,10,7.3
user_000035,2026-10-18,48.5,1230,103,119,38,2,3,17185,Pull,1,8,7.4
user_000035,2026-10-19,48.3,1351,91,168,35,46,2,7532,Upper,1,17,8.6
user_000035,2026-10-20,48.6,1736,91,244,44,28,1,15713,Pull,3,20,6.0
user_000035,2026-10-21,48.5,1606,79,228,42,33,2,10470,Rest,,,7.1
user_000035,2026-10-22,48.6,1761,79,260,45,6,2,7332,Legs,4,7,8.7
user_000035,2026-10-23,48.5,1739,102,236,43,35,2,16971,Legs,0,20,7.3
user_000035,2026-10-24,48.4,1673,94,241,37,12,4,7679,Legs,4,9,8.1
user_000035,2026-10-25,48.5,2007,77,283,63,60,4,7183,Push,3,18,6.6
user_000035,2026-10-26,48.5,2035,88,297,55,54,2,15235,Pull,5,13,6.3
user_000035,2026-10-27,48.6,2092,86,293,64,22,5,14131,Rest,,,8.9
user_000035,2026-10-28,48.5,1350,103,149,38,42,2,7622,Upper,3,18,6.0
user_000035,2026-10-29,48.5,1963,89,260,63,26,2,16706,Legs,0,10,7.7
user_000035,2026-10-30,48.7,1693,101,230,41,33,2,6817,Push,2,15,6.9
user_000035,2026-10-31,48.8,1571,92,213,39,10,2,6463,Legs,3,6,7.5
user_000035,2026-11-01,49.0,1910,82,256,62,37,2,10439,Pull,4,8,6.1
user_000035,2026-11-02,49.2,1685,80,240,45,40,3,5932,Pull,4,11,8.6
user_000035,2026-11-03,49.2,1592,91,226,36,52,1,10269,Pull,3,16,6.9
user_000035,2026-11-04,49.4,2220,87,324,64,47,5,13876,Legs,1,16,7.1
user_000035,2026-11-05,49.5,1690,106,231,38,9,2,7427,Upper,4,19,6.3
user_000035,2026-11-06,49.6,1845,108,234,53,25,3,16624,Upper,3,11,7.5
user_000035,2026-11-07,49.9,2455,90,373,67,51,4,7566,Upper,1,10,5.6
user_000035,2026-11-08,49.8,1563,92,193,47,32,2,6222,Upper,4,14,7.2
user_000035,2026-11-09,49.8,1741,99,235,45,34,4,9505,Push,3,18,7.5
user_000035,2026-11-10,49.9,2008,82,303,52,51,3,17486,Upper,4,10,5.9
user_000035,2026-11-11,49.8,1640,97,214,44,24,4,3323,Upper,0,19,6.5
user_000035,2026-11-12,49.9,2498,88,352,82,49,5,14841,Rest,,,5.5
user_000035,2026-11-13,49.8,2015,109,289,47,60,3,10813,Push,2,13,7.7
user_000035,2026-11-14,49.7,2003,96,281,55,27,5,15862,Upper,2,18,8.5
user_000035,2026-11-15,49.7,1442,107,168,38,55,1,3009,Pull,4,7,8.0
user_000035,2026-11-16,49.6,1946,84,290,50,56,3,7610,Upper,3,8,7.9
user_000035,2026-11-17,49.6,2078,86,285,66,27,3,17730,Upper,1,18,8.0
user_000035,2026-11-18,49.9,2221,85,315,69,46,3,17821,Rest,,,8.5
user_000035,2026-11-19,50.0,1720,90,232,48,34,3,10573,Rest,,,6.0
user_000035,2026-11-20,50.0,1844,87,257,52,25,1,10017,Rest,,,5.8
user_000035,2026-11-21,49.9,1604,92,201,48,3,1,4538,Legs,3,16,7.5
user_000035,2026-11-22,49.7,1859,92,240,59,18,1,18000,Legs,2,14,6.6
user_000035,2026-11-23,49.6,1707,83,238,47,10,3,10974,Pull,0,16,7.5
user_000035,2026-11-24,49.6,1982,95,270,58,21,1,10894,Upper,0,10,6.3
user_000035,2026-11-25,49.8,2362,103,357,58,46,5,12561,Push,1,19,6.8
user_000035,2026-11-26,50.1,1726,87,232,50,23,1,9203,Legs,1,13,5.6
user_000035,2026-11-27,50.1,1754,106,229,46,14,2,9731,Push,1,12,5.5
user_000036,2026-07-01,51.7,2060,105,266,64,58,5,10665,Rest,,,5.7
user_000036,2026-07-02,51.5,1613,89,222,41,45,2,12543,Upper,1,12,8.0
user_000036,2026-07-03,51.4,1558,92,203,42,2,2,16216,Pull,1,12,7.2
user_000036,2026-07-04,51.3,1678,108,226,38,4,1,16397,Pull,4,11,7.0
user_000036,2026-07-05,51.3,1458,82,197,38,49,2,3710,Pull,2,9,7.9
user_000036,2026-07-06,51.5,1435,103,177,35,0,4,8466,Upper,2,11,5.6
user_000036,2026-07-07,51.4,1587,87,213,43,23,2,17875,Upper,3,10,6.5
user_000036,2026-07-08,51.6,1850,110,222,58,52,3,16193,Upper,2,14,8.1
user_000036,2026-07-09,51.7,1430,94,187,34,55,1,5213,Pull,4,6,8.7
user_000036,2026-07-10,51.8,1424,89,177,40,6,4,6335,Pull,1,6,7.2
user_000036,2026-07-11,51.5,1838,89,249,54,41,5,10653,Legs,4,16,6.6
user_000036,2026-07-12,51.5,1285,83,146,41,19,1,9000,Legs,5,11,8.5
user_000036,2026-07-13,51.6,1784,102,254,40,24,3,11913,Legs,2,16,8.4
user_000036,2026-07-14,51.7,2013,95,271,61,39,4,8595,Pull,5,8,8.9
user_000036,2026-07-15,51.6,1255,106,138,31,8,3,5330,Pull,2,19,5.9
user_000036,2026-07-16,51.6,1715,100,205,55,45,5,3438,Legs,0,13,6.0
user_000036,2026-07-17,51.8,1334,104,144,38,6,5,3118,Rest,,,8.2
user_000036,2026-07-18,52.0,2383,101,362,59,58,5,14694,Rest,,,8.6
user_000036,2026-07-19,51.9,1770,84,228,58,23,4,12818,Rest,,,8.4
user_000036,2026-07-20,52.0,1278,98,136,38,9,1,7454,Upper,0,18,8.4
user_000036,2026-07-21,52.1,1674,109,215,42,40,1,12331,Push,5,20,8.3
user_000036,2026-07-22,52.3,1811,99,221,59,38,5,10760,Rest,,,7.0
user_000036,2026-07-23,52.1,1659,114,186,51,57,1,13139,Pull,3,16,6.8
user_000036,2026-07-24,51.8,1750,107,236,42,17,1,14302,Rest,,,8.4
user_000036,2026-07-25,51.7,1755,102,222,51,46,4,15045,Push,2,13,8.8
user_000036,2026-07-26,51.9,1449,95,184,37,21,2,5049,Upper,4,14,7.1
user_000036,2026-07-27,51.7,1540,111,184,40,58,2,3516,Rest,,,8.6
user_000036,2026-07-28,51.5,1891,107,233,59,46,3,11829,Rest,,,8.3
user_000036,2026-07-29,51.5,1779,111,237,43,19,4,15680,Push,4,13,5.9
user_000036,2026-07-30,51.6,1749,94,233,49,40,3,16654,Upper,2,12,6.5
user_000036,2026-07-31,51.6,1323,112,122,43,29,2,15958,Legs,1,17,8.2
user_000036,2026-08-01,51.5,1780,104,224,52,20,3,15451,Rest,,,6.8
user_000036,2026-08-02,51.4,1399,89,173,39,25,1,5600,Pull,3,18,5.5
user_000036,2026-08-03,51.3,2338,87,349,66,55,5,15940,Legs,1,20,7.0
user_000036,2026-08-04,51.2,1728,89,235,48,52,2,12549,Upper,0,18,7.1
user_000036,2026-08-05,51.2,1491,90,177,47,27,3,16367,Push,1,11,7.1
user_000036,2026-08-06,51.0,1551,110,199,35,15,4,3826,Pull,1,19,6.0
user_000036,2026-08-07,50.9,1177,102,109,37,7,2,4707,Rest,,,7.5
user_000036,2026-08-08,51.1,1365,85,155,45,6,3,6469,Push,1,19,5.6
user_000036,2026-08-09,50.9,1459,104,182,35,14,1,15739,Rest,,,7.6
user_000036,2026-08-10,51.2,1719,95,229,47,35,3,12335,Legs,3,10,7.4
user_000036,2026-08-11,51.3,2018,82,292,58,44,5,4561,Pull,4,18,6.0
user_000036,2026-08-12,51.3,1642,98,218,42,0,3,9183,Rest,,,8.8
user_000036,2026-08-13,51.2,1734,99,249,38,37,2,4681,Push,3,13,8.0
user_000036,2026-08-14,51.1,1390,111,151,38,48,2,8313,Legs,0,13,8.8
user_000036,2026-08-15,51.2,1438,102,172,38,27,4,7826,Rest,,,8.2
user_000036,2026-08-16,51.0,2152,91,312,60,42,4,15794,Legs,2,12,7.8
user_000036,2026-08-17,50.7,1142,103,97,38,29,1,11081,Pull,5,14,8.1
user_000036,2026-08-18,50.5,2146,108,271,70,57,5,10036,Rest,,,8.4
user_000036,2026-08-19,50.5,1252,94,138,36,24,4,4065,Legs,1,13,7.4
user_000036,2026-08-20,50.6,1417,103,168,37,14,1,13566,Rest,,,7.6
user_000036,2026-08-21,50.7,1796,102,257,40,37,4,15474,Upper,4,15,6.9
user_000036,2026-08-22,50.7,1655,107,219,39,18,5,5992,Pull,2,20,7.8
user_000036,2026-08-23,50.4,1490,100,169,46,5,4,14966,Rest,,,5.6
user_000036,2026-08-24,50.5,2303,110,333,59,49,5,17652,Push,3,20,8.2
user_000036,2026-08-25,50.3,1361,98,168,33,44,2,6049,Upper,0,18,5.9
user_000036,2026-08-26,50.5,1508,104,174,44,53,2,12194,Rest,,,7.0
user_000036,2026-08-27,50.4,1797,102,219,57,59,5,8337,Legs,3,9,7.7
user_000036,2026-08-28,50.2,2055,96,312,47,30,3,16463,Rest,,,7.6
user_000036,2026-08-29,50.5,1646,81,245,38,3,5,16155,Push,2,18,6.1
user_000036,2026-08-30,50.6,1567,94,219,35,35,3,8746,Legs,5,7,8.1
user_000036,2026-08-31,50.6,1505,93,191,41,36,4,8278,Legs,5,9,7.2
user_000036,2026-09-01,50.7,1844,94,259,48,25,5,16205,Rest,,,6.3
user_000036,2026-09-02,50.5,1322,98,138,42,21,1,17765,Legs,3,20,7.4
user_000036,2026-09-03,50.6,1256,86,156,32,11,5,8434,Pull,4,15,7.4
user_000036,2026-09-04,50.3,1904,83,294,44,41,4,11493,Upper,5,8,7.4
user_000036,2026-09-05,50.4,1337,109,133,41,11,1,11202,Legs,1,20,6.0
user_000036,2026-09-06,50.5,1479,89,202,35,22,4,10433,Pull,4,15,7.3
user_000036,2026-09-07,50.7,1610,105,212,38,52,5,6371,Upper,4,16,8.8
user_000036,2026-09-08,50.7,1825,110,227,53,57,3,8073,Push,5,20,7.4
user_000036,2026-09-09,50.8,1380,107,148,40,8,3,11751,Upper,0,7,6.8
user_000036,2026-09-10,50.9,1087,85,117,31,0,1,8526,Legs,5,8,8.3
user_000036,2026-09-11,51.1,1126,106,99,34,3,1,3371,Pull,4,13,7.1
user_000036,2026-09-12,51.1,1404,109,161,36,51,1,17315,Upper,0,15,6.1
user_000036,2026-09-13,51.0,1183,82,135,35,44,1,7532,Push,5,6,6.3
user_000036,2026-09-14,50.6,1697,103,229,41,49,5,7346,Rest,,,6.4
user_000036,2026-09-15,50.7,1502,93,179,46,40,3,3365,Push,2,20,6.5
user_000036,2026-09-16,50.5,1309,94,141,41,45,1,16073,Push,3,10,5.7
user_000036,2026-09-17,50.7,1420,98,158,44,28,3,13742,Legs,3,19,8.5
user_000036,2026-09-18,50.6,1618,106,213,38,13,2,17165,Pull,1,9,6.1
user_000036,2026-09-19,50.3,1835,93,269,43,52,3,14808,Pull,4,16,8.4
user_000036,2026-09-20,50.3,1698,107,232,38,51,4,11296,Upper,0,17,7.5
user_000036,2026-09-21,50.0,1294,84,145,42,45,4,3126,Push,0,19,7.9
user_000036,2026-09-22,49.9,1408,102,178,32,42,4,8091,Rest,,,6.5
user_000036,2026-09-23,49.7,1371,92,172,35,51,1,15072,Legs,3,15,6.0
user_000036,2026-09-24,50.0,1657,95,209,49,44,2,15685,Pull,4,15,7.8
user_000036,2026-09-25,50.1,1278,87,165,30,44,2,13757,Pull,4,19,8.5
user_000036,2026-09-26,50.2,1513,81,196,45,46,3,15627,Upper,1,8,8.4
user_000036,2026-09-27,50.3,1212,104,136,28,57,1,6698,Upper,1,7,7.2
user_000036,2026-09-28,50.2,1151,100,118,31,31,4,10918,Pull,5,10,8.1
user_000036,2026-09-29,50.2,1532,108,194,36,50,2,15882,Rest,,,8.0
user_000036,2026-09-30,50.3,1462,98,191,34,17,2,16334,Rest,,,6.3
user_000036,2026-10-01,50.4,1861,81,265,53,47,4,16266,Upper,4,16,6.8
user_000036,2026-10-02,50.4,1794,83,271,42,58,4,13406,Push,1,9,6.3
user_000036,2026-10-03,50.2,1664,86,231,44,41,4,11434,Pull,1,14,8.4
user_000036,2026-10-04,50.3,1394,106,148,42,4,1,8872,Pull,0,17,8.8
user_000036,2026-10-05,50.5,1560,107,202,36,31,3,17990,Push,2,14,7.7
user_000036,2026-10-06,50.3,1444,93,169,44,11,1,12761,Upper,1,19,6.0
user_000036,2026-10-07,50.0,1082,96,107,30,1,1,4857,Pull,2,9,9.0
user_000036,2026-10-08,50.2,1241,100,136,33,21,2,6221,Pull,1,7,6.4
user_000036,2026-10-09,50.0,1138,100,126,26,52,2,4348,Push,5,6,8.4
user_000036,2026-10-10,50.0,1497,98,166,49,28,4,15338,Upper,1,19,6.4
user_000036,2026-10-11,49.7,1227,95,142,31,30,4,9524,Legs,5,14,8.4
user_000036,2026-10-12,49.8,1970,107,273,50,35,5,16789,Upper,0,7,6.3
user_000036,2026-10-13,49.8,1509,99,186,41,26,4,15871,Pull,0,19,6.4
user_000036,2026-10-14,49.5,1126,100,114,30,32,1,7163,Pull,4,13,6.9
user_000036,2026-10-15,49.7,1289,97,133,41,40,4,4711,Push,5,6,5.7
user_000036,2026-10-16,49.8,1369,102,139,45,17,5,7373,Rest,,,5.6
user_000036,2026-10-17,49.8,1310,100,160,30,28,3,7653,Rest,,,6.4
user_000036,2026-10-18,49.8,1079,105,104,27,10,1,8128,Legs,5,12,6.9
user_000036,2026-10-19,49.6,1504,82,186,48,41,3,14602,Rest,,,7.7
user_000036,2026-10-20,49.5,1192,87,139,32,8,3,4303,Legs,2,16,8.1
user_000036,2026-10-21,49.2,1874,88,259,54,57,4,14245,Pull,1,9,5.6
user_000036,2026-10-22,49.3,1414,93,175,38,36,3,10924,Upper,3,8,6.9
user_000036,2026-10-23,49.5,1220,103,130,32,35,4,6715,Legs,2,20,6.6
user_000036,2026-10-24,49.4,1988,88,283,56,13,4,15902,Rest,,,5.7
user_000036,2026-10-25,49.6,2268,101,340,56,55,3,10531,Legs,2,10,8.3
user_000036,2026-10-26,49.7,2256,90,330,64,36,4,8752,Legs,4,8,7.4
user_000036,2026-10-27,49.5,2043,98,307,47,59,2,10868,Push,3,19,8.2
user_000036,2026-10-28,49.6,2123,99,317,51,20,5,17458,Upper,0,18,7.9
user_000036,2026-10-29,49.8,1984,99,280,52,12,4,9790,Rest,,,5.6
user_000036,2026-10-30,49.6,2189,99,329,53,18,3,12059,Legs,2,11,7.3
user_000036,2026-10-31,49.6,1463,90,188,39,15,3,3759,Rest,,,6.0
user_000036,2026-11-01,49.7,1865,103,244,53,49,1,9252,Upper,2,10,5.8
user_000036,2026-11-02,49.5,1870,83,263,54,25,2,9418,Upper,0,19,5.9
user_000036,2026-11-03,49.3,2001,94,305,45,34,2,12285,Rest,,,5.5
user_000036,2026-11-04,49.3,1956,92,262,60,21,2,17898,Push,0,11,8.9
user_000036,2026-11-05,49.5,1686,100,200,54,12,2,9768,Legs,4,11,8.3
user_000036,2026-11-06,49.2,1562,106,199,38,1,4,12693,Rest,,,8.6
user_000036,2026-11-07,48.9,2155,91,342,47,43,4,8980,Legs,4,14,7.5
user_000036,2026-11-08,48.9,2012,84,284,60,53,5,5869,Rest,,,6.7
user_000036,2026-11-09,48.8,1886,99,251,54,22,4,9754,Push,1,9,8.9
user_000036,2026-11-10,48.5,2429,89,390,57,50,5,6380,Push,1,18,5.5
user_000036,2026-11-11,48.4,1907,95,249,59,34,4,16508,Pull,0,11,6.2
user_000036,2026-11-12,48.6,1880,95,240,60,27,5,5815,Push,5,9,6.5
user_000036,2026-11-13,48.4,2084,83,294,64,58,4,3511,Legs,3,13,7.3
user_000036,2026-11-14,48.4,1790,94,259,42,16,2,17632,Legs,5,10,8.8
user_000036,2026-11-15,48.2,1817,103,232,53,54,1,13614,Push,5,15,6.0
user_000036,2026-11-16,48.0,1739,94,217,55,51,1,14259,Upper,2,12,8.0
user_000036,2026-11-17,48.2,1688,94,238,40,58,1,5018,Pull,0,16,7.5
user_000036,2026-11-18,48.0,1857,100,227,61,40,3,5127,Push,0,9,6.3
user_000036,2026-11-19,48.2,2127,92,325,51,44,2,12298,Pull,5,16,8.3
user_000036,2026-11-20,48.5,1949,95,291,45,13,4,11413,Legs,0,11,6.4
user_000036,2026-11-21,48.6,1891,92,284,43,20,1,15121,Rest,,,7.0
user_000036,2026-11-22,48.8,2087,81,290,67,8,4,16697,Legs,0,7,6.1
user_000036,2026-11-23,48.8,2153,87,296,69,48,5,6803,Rest,,,8.0
user_000036,2026-11-24,48.6,1837,82,276,45,44,2,10908,Upper,4,6,5.8
user_000036,2026-11-25,48.7,1777,95,257,41,22,4,5865,Rest,,,5.8
user_000036,2026-11-26,49.0,1599,98,214,39,5,1,3387,Rest,,,8.3
user_000036,2026-11-27,49.1,1791,92,241,51,40,3,6395,Rest,,,5.6
user_000037,2026-07-01,51.2,1408,109,171,32,23,3,5630,Upper,0,12,6.6
user_000037,2026-07-02,51.1,2068,108,256,68,39,4,17640,Rest,,,6.6
user_000037,2026-07-03,51.2,1848,89,256,52,20,3,15109,Push,0,15,6.5
user_000037,2026-07-04,51.3,2025,89,298,53,48,2,15016,Push,5,8,6.4
user_000037,2026-07-05,51.3,1338,111,138,38,13,1,16381,Rest,,,6.7
user_000037,2026-07-06,51.1,1501,89,176,49,1,2,13957,Push,0,7,5.7
user_000037,2026-07-07,51.0,1361,87,179,33,6,1,7586,Upper,2,10,8.8
user_000037,2026-07-08,51.1,1519,85,189,47,28,1,12589,Upper,3,19,5.6
user_000037,2026-07-09,50.8,1813,92,251,49,41,4,13183,Push,1,10,8.6
user_000037,2026-07-10,50.7,1659,85,215,51,27,3,12835,Legs,5,12,6.8
user_000037,2026-07-11,50.4,1512,82,197,44,57,2,12681,Upper,4,19,7.1
user_000037,2026-07-12,50.7,1355,82,169,39,9,2,3493,Upper,4,10,6.4
user_000037,2026-07-13,50.5,2148,96,324,52,60,5,13000,Upper,2,14,5.7
user_000037,2026-07-14,50.7,1580,95,219,36,17,4,6411,Upper,3,16,5.8
user_000037,2026-07-15,50.6,1578,102,198,42,20,3,9844,Upper,0,17,8.1
user_000037,2026-07-16,50.5,1495,96,181,43,26,4,11539,Push,5,7,7.7
user_000037,2026-07-17,50.3,1881,103,266,45,14,5,16175,Pull,2,14,7.6
user_000037,2026-07-18,50.2,1530,106,182,42,26,4,3784,Legs,4,19,8.5
user_000037,2026-07-19,50.1,1758,109,200,58,2,4,16137,Upper,2,14,6.4
user_000037,2026-07-20,49.8,1469,97,196,33,4,5,10448,Rest,,,9.0
user_000037,2026-07-21,49.5,1704,95,241,40,44,3,13218,Upper,0,12,8.1
user_000037,2026-07-22,49.2,1667,86,225,47,48,3,13497,Push,2,8,8.5
user_000037,2026-07-23,49.3,1631,101,210,43,33,4,11365,Upper,1,10,7.4
user_000037,2026-07-24,49.5,1251,80,154,35,1,3,6542,Upper,0,14,7.7
user_000037,2026-07-25,49.5,1443,87,177,43,60,1,9002,Pull,4,10,8.0
user_000037,2026-07-26,49.4,1555,86,206,43,39,2,10337,Legs,1,7,7.3
user_000037,2026-07-27,49.2,1474,98,167,46,37,3,11742,Rest,,,6.3
user_000037,2026-07-28,49.0,1435,95,194,31,20,4,3562,Push,1,6,5.8
user_000037,2026-07-29,48.9,1975,95,293,47,42,5,14266,Legs,3,6,7.9
user_000037,2026-07-30,48.9,1583,105,203,39,36,2,6912,Pull,3,15,5.7
user_000037,2026-07-31,48.9,1836,98,253,48,47,4,14875,Rest,,,5.9
user_000037,2026-08-01,48.6,1594,104,200,42,25,3,11459,Legs,5,14,8.3
user_000037,2026-08-02,48.2,1192,78,157,28,40,1,8376,Legs,1,17,6.8
user_000037,2026-08-03,48.3,1836,100,251,48,20,5,12924,Legs,5,8,7.5
user_000037,2026-08-04,48.3,1932,84,291,48,59,4,10308,Pull,2,9,5.7
user_000037,2026-08-05,48.2,1077,77,136,25,15,3,10573,Legs,4,15,6.3
user_000037,2026-08-06,48.1,1541,94,208,37,6,2,11696,Rest,,,6.8
user_000037,2026-08-07,48.1,1358,94,151,42,6,3,8914,Rest,,,6.6
user_000037,2026-08-08,48.0,1488,79,185,48,37,4,7001,Legs,0,12,6.3
user_000037,2026-08-09,48.2,1768,99,235,48,31,4,3124,Pull,1,18,6.4
user_000037,2026-08-10,48.1,1311,98,133,43,13,2,9295,Push,1,14,8.4
user_000037,2026-08-11,48.2,1092,86,115,32,24,2,5899,Push,0,17,8.0
user_000037,2026-08-12,48.1,1613,103,217,37,20,5,10317,Legs,4,17,5.7
user_000037,2026-08-13,47.8,1636,87,214,48,41,1,7874,Rest,,,8.5
user_000037,2026-08-14,47.8,1712,90,221,52,48,4,15628,Upper,3,16,7.8
user_000037,2026-08-15,47.5,1443,88,176,43,14,5,5907,Pull,4,8,6.4
user_000037,2026-08-16,47.5,1408,103,159,40,3,2,7678,Upper,4,10,6.7
user_000037,2026-08-17,47.7,1737,98,235,45,52,3,5614,Pull,0,15,6.4
user_000037,2026-08-18,47.7,1830,90,264,46,11,2,15519,Legs,2,19,7.2
user_000037,2026-08-19,47.5,1579,91,225,35,26,1,5869,Upper,3,8,6.6
user_000037,2026-08-20,47.5,1553,93,203,41,40,2,13214,Pull,5,15,6.2
user_000037,2026-08-21,47.7,1603,82,231,39,52,2,15134,Legs,1,16,7.5
user_000037,2026-08-22,47.7,1426,94,159,46,31,2,8446,Upper,5,12,6.2
user_000037,2026-08-23,47.9,1762,100,219,54,36,4,17221,Legs,1,20,8.5
user_000037,2026-08-24,47.9,1268,97,148,32,36,2,9324,Upper,1,6,7.9
user_000037,2026-08-25,48.0,1331,77,159,43,15,4,10128,Pull,0,20,8.9
user_000037,2026-08-26,47.7,1555,101,209,35,34,1,9701,Rest,,,7.8
user_000037,2026-08-27,47.7,1553,82,196,49,48,1,12477,Pull,1,7,6.9
user_000037,2026-08-28,47.8,1651,98,218,43,26,5,6091,Legs,2,6,6.7
user_000037,2026-08-29,47.5,1688,100,214,48,36,3,15095,Legs,5,9,7.2
user_000037,2026-08-30,47.3,1650,85,215,50,36,2,12838,Legs,2,13,6.8
user_000037,2026-08-31,47.1,2011,90,271,63,59,3,15122,Push,0,11,7.1
user_000037,2026-09-01,46.9,1446,92,166,46,16,2,4984,Rest,,,5.8
user_000037,2026-09-02,46.8,1880,82,262,56,44,4,17700,Legs,0,13,8.1
user_000037,2026-09-03,46.8,2006,88,274,62,57,4,14538,Legs,0,6,8.2
user_000037,2026-09-04,46.4,1418,100,160,42,5,5,14601,Legs,0,10,5.5
user_000037,2026-09-05,46.6,1364,76,166,44,19,4,12534,Push,5,9,8.8
user_000037,2026-09-06,46.9,1707,97,233,43,23,2,17946,Push,4,8,7.7
user_000037,2026-09-07,46.6,1744,75,262,44,36,5,5514,Pull,4,16,7.1
user_000037,2026-09-08,46.7,1866,86,250,58,37,1,15319,Legs,1,20,5.9
user_000037,2026-09-09,46.7,1373,96,155,41,20,3,15382,Legs,0,19,8.7
user_000037,2026-09-10,46.9,1682,99,227,42,45,3,4093,Pull,0,12,7.6
user_000037,2026-09-11,46.6,1130,84,140,26,16,5,3665,Legs,5,12,7.0
user_000037,2026-09-12,46.7,1325,102,137,41,15,2,12474,Rest,,,5.5
user_000037,2026-09-13,46.8,1240,90,148,32,49,2,8183,Pull,0,11,7.1
user_000037,2026-09-14,46.9,1049,77,120,29,9,1,7209,Legs,0,17,8.7
user_000037,2026-09-15,46.9,1055,76,127,27,42,1,10340,Legs,5,15,7.9
user_000037,2026-09-16,46.6,1189,84,130,37,2,5,8416,Push,4,19,8.3
user_000037,2026-09-17,46.2,1793,99,221,57,35,3,17515,Legs,4,14,8.4
user_000037,2026-09-18,46.1,1200,85,134,36,10,5,11529,Rest,,,6.1
user_000037,2026-09-19,46.2,1051,85,117,27,4,4,16794,Pull,1,9,6.5
user_000037,2026-09-20,46.2,1447,97,168,43,14,3,16358,Upper,2,11,7.7
user_000037,2026-09-21,46.4,1606,98,191,50,44,4,15883,Upper,4,12,6.4
user_000037,2026-09-22,46.1,1320,90,150,40,0,2,16581,Legs,5,17,7.2
user_000037,2026-09-23,45.8,1044,96,111,24,5,2,4100,Upper,5,13,6.4
user_000037,2026-09-24,45.9,1043,100,109,23,1,5,5118,Push,0,20,5.6
user_000037,2026-09-25,46.1,1043,82,109,31,6,3,5536,Rest,,,7.8
user_000037,2026-09-26,46.3,1046,87,107,30,23,1,8930,Pull,3,11,7.2
user_000037,2026-09-27,46.5,1201,91,144,29,33,4,6361,Rest,,,8.4
user_000037,2026-09-28,46.5,1188,93,132,32,41,1,16647,Push,5,20,6.3
user_000037,2026-09-29,46.4,1158,85,119,38,16,4,4130,Upper,4,8,9.0
user_000037,2026-09-30,46.2,1180,87,127,36,31,1,12371,Legs,3,20,7.5
user_000037,2026-10-01,45.9,1156,80,146,28,8,5,7936,Rest,,,7.5
user_000037,2026-10-02,45.8,1693,77,245,45,37,4,10471,Upper,5,16,6.1
user_000037,2026-10-03,45.9,1520,95,186,44,40,5,14970,Pull,5,20,6.3
user_000037,2026-10-04,45.6,1286,83,162,34,40,4,6318,Legs,1,9,8.4
user_000037,2026-10-05,45.7,1040,90,116,24,2,5,12858,Legs,0,14,6.6
user_000037,2026-10-06,45.8,1225,83,149,33,1,5,17487,Upper,0,20,7.1
user_000037,2026-10-07,45.8,1042,73,129,26,2,1,6991,Legs,1,20,8.0
user_000037,2026-10-08,45.6,1174,94,141,26,3,4,9818,Upper,3,7,7.1
user_000037,2026-10-09,45.6,1078,92,119,26,29,1,9631,Push,2,12,7.5
user_000037,2026-10-10,45.7,1811,96,260,43,51,4,10322,Push,5,18,5.9
user_000037,2026-10-11,45.9,1041,94,101,29,16,2,4047,Upper,2,20,5.9
user_000037,2026-10-12,46.1,1216,81,151,32,57,1,12085,Push,5,15,6.3
user_000037,2026-10-13,45.9,1856,82,247,60,53,4,17215,Legs,2,8,7.1
user_000037,2026-10-14,46.0,1553,98,207,37,46,5,6812,Upper,2,16,8.8
user_000037,2026-10-15,45.7,1520,75,197,48,59,5,7661,Rest,,,8.6
user_000037,2026-10-16,45.9,1395,90,189,31,31,4,7726,Upper,1,20,6.4
user_000037,2026-10-17,45.7,1596,95,214,40,52,4,14879,Push,3,19,8.8
user_000037,2026-10-18,45.6,1522,86,218,34,45,3,9515,Push,0,8,7.4
user_000037,2026-10-19,45.2,1196,83,144,32,26,1,5789,Rest,,,7.8
user_000037,2026-10-20,44.9,1038,83,118,26,0,1,4484,Push,2,7,6.6
user_000037,2026-10-21,44.8,1094,95,120,26,0,4,9152,Legs,1,20,6.7
user_000037,2026-10-22,44.8,1216,80,161,28,40,3,11036,Legs,5,16,8.7
user_000037,2026-10-23,44.8,1477,87,181,45,33,4,11456,Pull,5,9,8.6
user_000037,2026-10-24,44.6,1453,72,190,45,44,2,16426,Rest,,,8.1
user_000037,2026-10-25,44.6,1153,71,134,37,31,3,8175,Rest,,,7.9
user_000037,2026-10-26,44.5,1358,76,196,30,19,1,15571,Push,0,20,6.2
user_000037,2026-10-27,44.4,1253,92,138,37,59,3,5539,Rest,,,7.8
user_000037,2026-10-28,44.6,1133,85,133,29,16,2,15151,Pull,3,17,7.8
user_000037,2026-10-29,44.8,1136,82,121,36,11,5,10481,Legs,1,10,7.0
user_000037,2026-10-30,44.8,1034,83,99,34,33,3,3274,Push,4,12,7.1
user_000037,2026-10-31,45.0,1401,82,194,33,50,2,15135,Pull,4,19,7.1
user_000037,2026-11-01,44.6,1036,90,115,24,0,4,4088,Rest,,,7.3
user_000037,2026-11-02,44.8,1032,80,124,24,29,1,5888,Legs,3,12,7.1
user_000037,2026-11-03,44.7,1442,71,204,38,31,2,17603,Push,1,10,5.8
user_000037,2026-11-04,44.9,1095,75,120,35,15,5,10600,Pull,4,12,5.6
user_000037,2026-11-05,45.0,1609,84,217,45,50,4,16693,Push,2,13,8.3
user_000037,2026-11-06,45.2,1056,92,100,32,2,5,8344,Upper,2,16,5.6
user_000037,2026-11-07,45.1,1264,74,161,36,48,4,3755,Rest,,,6.6
user_000037,2026-11-08,45.3,1035,80,127,23,10,3,5006,Upper,5,15,5.6
user_000037,2026-11-09,45.1,1174,93,124,34,8,1,14376,Push,3,20,5.6
user_000037,2026-11-10,44.9,1337,95,165,33,58,2,16914,Upper,0,9,5.6
user_000037,2026-11-11,44.7,1338,83,184,30,41,3,13365,Push,3,18,8.8
user_000037,2026-11-12,44.3,1162,80,134,34,21,5,12882,Rest,,,8.8
user_000037,2026-11-13,44.4,1711,76,246,47,41,4,10655,Upper,1,20,7.1
user_000037,2026-11-14,44.2,1031,93,113,23,22,2,17328,Pull,2,13,7.6
user_000037,2026-11-15,44.2,1028,84,110,28,4,1,4990,Legs,5,20,6.8
user_000037,2026-11-16,44.2,1027,80,107,31,2,1,4028,Upper,0,12,7.8
user_000037,2026-11-17,44.0,1055,91,103,31,2,3,15381,Upper,3,11,7.9
user_000037,2026-11-18,43.7,1030,88,93,34,9,1,11426,Pull,1,11,6.4
user_000037,2026-11-19,43.6,1073,75,119,33,13,5,3137,Rest,,,8.0
user_000037,2026-11-20,43.6,1633,90,226,41,11,5,14094,Legs,5,17,6.2
user_000037,2026-11-21,43.6,1794,69,267,50,17,3,17560,Pull,3,6,7.6
user_000037,2026-11-22,43.6,1945,73,276,61,27,2,9347,Push,1,9,6.5
user_000037,2026-11-23,43.8,1938,92,289,46,9,2,16128,Pull,1,20,8.5
user_000037,2026-11-24,43.8,2158,82,309,66,40,5,11709,Rest,,,8.8
user_000037,2026-11-25,43.6,1947,75,297,51,7,3,9761,Legs,2,7,6.7
user_000037,2026-11-26,43.7,2259,74,340,67,57,3,15341,Push,0,16,7.3
user_000037,2026-11-27,43.6,2043,71,307,59,29,2,11379,Legs,1,11,5.7
user_000038,2026-07-01,51.5,1639,94,219,43,49,3,4619,Upper,1,10,8.2
user_000038,2026-07-02,51.5,1420,86,170,44,5,1,9801,Push,1,10,8.7
user_000038,2026-07-03,51.6,1399,95,167,39,48,2,4161,Push,4,14,6.4
user_000038,2026-07-04,51.5,1375,85,162,43,21,1,14069,Rest,,,8.8
user_000038,2026-07-05,51.6,1576,86,227,36,26,4,13289,Push,0,20,8.0
user_000038,2026-07-06,51.6,1442,104,153,46,35,1,14392,Upper,1,12,5.8
user_000038,2026-07-07,51.6,1245,89,157,29,32,1,8029,Push,1,16,8.5
user_000038,2026-07-08,51.5,1303,89,140,43,38,1,10607,Rest,,,7.0
user_000038,2026-07-09,51.5,1794,110,226,50,53,4,15842,Upper,1,10,5.9
user_000038,2026-07-10,51.7,1457,98,174,41,12,2,12643,Legs,0,9,7.4
user_000038,2026-07-11,51.4,1752,94,236,48,43,4,13013,Rest,,,6.0
user_000038,2026-07-12,51.4,1217,83,138,37,54,3,5165,Legs,1,17,5.7
user_000038,2026-07-13,51.1,1316,85,154,40,10,3,12671,Rest,,,6.4
user_000038,2026-07-14,51.1,1464,107,169,40,54,1,11718,Push,4,18,6.5
user_000038,2026-07-15,51.3,1362,92,163,38,1,4,9750,Rest,,,7.1
user_000038,2026-07-16,51.4,1504,86,191,44,31,3,7102,Upper,2,13,6.7
user_000038,2026-07-17,51.3,1089,92,106,33,0,4,5738,Legs,0,17,7.7
user_000038,2026-07-18,51.5,1451,108,149,47,34,2,9738,Pull,3,19,7.7
user_000038,2026-07-19,51.4,1381,112,132,45,52,1,8284,Upper,2,15,8.3
user_000038,2026-07-20,51.4,1410,109,149,42,50,1,7161,Push,4,20,7.4
user_000038,2026-07-21,51.5,1467,109,152,47,3,5,15353,Pull,1,13,6.0
user_000038,2026-07-22,51.6,1461,90,174,45,7,1,11769,Upper,2,16,6.1
user_000038,2026-07-23,51.3,1334,104,135,42,33,4,7117,Push,4,11,6.1
user_000038,2026-07-24,51.2,1545,84,210,41,48,2,12805,Legs,4,11,5.5
user_000038,2026-07-25,51.2,1519,105,178,43,54,1,17464,Push,4,14,8.9
user_000038,2026-07-26,51.1,1657,82,222,49,47,4,3299,Rest,,,5.6
user_000038,2026-07-27,51.4,1754,97,238,46,44,5,9444,Upper,5,13,8.1
user_000038,2026-07-28,51.4,1186,95,125,34,48,1,13171,Rest,,,7.3
user_000038,2026-07-29,51.4,1089,83,115,33,30,1,11419,Upper,0,19,7.5
user_000038,2026-07-30,51.1,1668,100,209,48,43,4,8137,Upper,0,18,7.9
user_000038,2026-07-31,51.0,1492,83,191,44,6,5,3730,Push,5,15,8.5
user_000038,2026-08-01,50.8,1333,111,139,37,58,1,9924,Push,5,20,8.5
user_000038,2026-08-02,50.9,1372,94,150,44,16,1,12550,Upper,3,17,5.9
user_000038,2026-08-03,50.8,1297,97,162,29,20,3,5233,Legs,1,20,6.2
user_000038,2026-08-04,50.8,1338,81,159,42,36,4,4210,Push,2,10,7.3
user_000038,2026-08-05,50.8,1417,104,167,37,55,2,14247,Push,1,8,7.3
user_000038,2026-08-06,50.9,1634,101,213,42,46,1,15656,Legs,2,19,8.5
user_000038,2026-08-07,51.0,1449,90,180,41,28,2,13218,Legs,3,19,7.6
user_000038,2026-08-08,50.9,1486,110,176,38,22,4,10419,Pull,1,11,7.8
user_000038,2026-08-09,50.6,1876,97,255,52,59,5,12914,Push,0,13,6.7
user_000038,2026-08-10,50.4,1125,110,106,29,20,2,9329,Legs,2,18,6.5
user_000038,2026-08-11,50.5,1969,107,239,65,32,4,9832,Push,3,15,7.1
user_000038,2026-08-12,50.3,1282,102,142,34,23,2,15433,Pull,2,17,7.8
user_000038,2026-08-13,50.0,1771,104,233,47,47,5,5928,Push,1,11,8.7
user_000038,2026-08-14,50.1,1326,87,177,30,1,1,4722,Rest,,,8.0
user_000038,2026-08-15,49.9,1476,106,182,36,21,3,12448,Rest,,,6.0
user_000038,2026-08-16,50.1,1374,87,189,30,28,2,16666,Push,0,14,8.5
user_000038,2026-08-17,50.1,1302,94,137,42,10,1,17643,Rest,,,8.6
user_000038,2026-08-18,49.8,1690,83,254,38,57,4,10572,Pull,0,6,8.7
user_000038,2026-08-19,49.5,1504,92,176,48,59,4,10013,Rest,,,6.8
user_000038,2026-08-20,49.2,1438,105,178,34,13,5,12558,Rest,,,8.4
user_000038,2026-08-21,49.1,1633,95,221,41,5,1,16694,Push,3,19,8.7
user_000038,2026-08-22,48.8,1616,90,224,40,32,5,3888,Upper,3,9,8.0
user_000038,2026-08-23,48.5,1698,82,230,50,59,3,11230,Upper,0,18,7.1
user_000038,2026-08-24,48.6,1427,86,192,35,17,2,16060,Push,1,8,6.7
user_000038,2026-08-25,48.3,1217,79,142,37,2,2,5607,Rest,,,8.1
user_000038,2026-08-26,48.5,1412,90,191,32,11,5,14489,Push,3,15,6.2
user_000038,2026-08-27,48.7,1442,105,170,38,36,3,11562,Pull,3,20,5.8
user_000038,2026-08-28,48.8,1376,99,173,32,48,1,11189,Push,5,13,7.4
user_000038,2026-08-29,48.5,1811,96,251,47,26,5,16592,Upper,4,16,5.7
user_000038,2026-08-30,48.6,1064,80,123,28,4,4,3772,Rest,,,6.0
user_000038,2026-08-31,48.8,1489,103,186,37,10,5,17911,Push,2,14,8.2
user_000038,2026-09-01,48.9,1380,99,156,40,1,4,16410,Push,3,15,7.2
user_000038,2026-09-02,48.7,1435,105,157,43,46,2,6909,Upper,5,13,7.7
user_000038,2026-09-03,49.0,2611,78,415,71,50,4,10073,Rest,,,6.2
user_000038,2026-09-04,49.0,2224,83,320,68,17,5,12549,Rest,,,7.9
user_000038,2026-09-05,49.1,2059,87,322,47,7,2,14164,Upper,5,9,5.9
user_000038,2026-09-06,49.2,2384,99,326,76,39,4,16378,Push,4,13,6.7
user_000038,2026-09-07,49.4,2156,79,343,52,12,1,13613,Rest,,,8.8
user_000038,2026-09-08,49.4,2736,90,414,80,50,5,16113,Rest,,,5.6
user_000038,2026-09-09,49.1,1946,80,267,62,28,4,4099,Rest,,,8.4
user_000038,2026-09-10,49.4,2426,104,381,54,37,5,10758,Push,2,18,7.6
user_000038,2026-09-11,49.4,2279,93,353,55,22,5,11403,Upper,1,14,6.5
user_000038,2026-09-12,49.6,2324,93,353,60,22,3,12111,Legs,2,19,6.3
user_000038,2026-09-13,49.7,2453,92,348,77,26,4,12168,Rest,,,6.5
user_000038,2026-09-14,49.4,1699,81,229,51,44,1,6623,Upper,2,8,7.8
user_000038,2026-09-15,49.6,2015,97,283,55,15,1,13815,Push,5,18,5.7
user_000038,2026-09-16,49.6,2417,82,367,69,30,4,12256,Legs,0,16,6.9
user_000038,2026-09-17,49.8,1947,101,262,55,19,1,9898,Pull,4,19,5.8
user_000038,2026-09-18,50.0,2124,105,300,56,28,2,13743,Rest,,,7.1
user_000038,2026-09-19,49.9,1974,100,290,46,34,2,5795,Legs,0,11,8.2
user_000038,2026-09-20,49.7,2272,90,316,72,32,5,4364,Pull,2,13,8.7
user_000038,2026-09-21,49.5,2320,95,368,52,30,5,7484,Rest,,,5.6
user_000038,2026-09-22,49.3,2155,104,302,59,49,2,5060,Rest,,,8.2
user_000038,2026-09-23,49.2,2445,86,388,61,45,4,15453,Pull,2,9,7.5
user_000038,2026-09-24,49.3,2256,87,315,72,38,1,14421,Push,2,9,7.9
user_000038,2026-09-25,49.5,2000,87,287,56,35,3,11967,Rest,,,5.5
user_000038,2026-09-26,49.5,1895,102,257,51,30,1,11703,Upper,0,11,6.2
user_000038,2026-09-27,49.3,1805,107,225,53,27,1,3508,Upper,4,11,8.6
user_000038,2026-09-28,49.6,2813,81,476,65,56,5,7714,Upper,5,19,5.9
user_000038,2026-09-29,49.8,1816,96,268,40,4,1,3799,Legs,2,12,7.9
user_000038,2026-09-30,50.1,1994,79,298,54,25,3,13795,Legs,5,13,7.8
user_000038,2026-10-01,50.1,1964,100,274,52,21,4,6462,Push,0,16,8.7
user_000038,2026-10-02,49.9,2889,83,484,69,58,5,12757,Pull,3,8,6.7
user_000038,2026-10-03,50.0,1960,105,250,60,21,2,6977,Pull,4,19,6.8
user_000038,2026-10-04,50.2,2511,88,407,59,15,5,17184,Upper,4,12,8.9
user_000038,2026-10-05,50.2,2035,94,291,55,32,1,10814,Upper,2,20,5.8
user_000038,2026-10-06,50.2,2390,100,349,66,30,1,10642,Pull,1,11,6.8
user_000038,2026-10-07,50.0,1558,96,208,38,3,5,3845,Upper,5,9,8.6
user_000038,2026-10-08,50.0,2538,83,385,74,30,5,13553,Legs,0,9,7.7
user_000038,2026-10-09,49.8,2451,88,365,71,30,5,17039,Push,4,14,6.0
user_000038,2026-10-10,50.0,2297,105,332,61,44,2,7634,Rest,,,8.6
user_000038,2026-10-11,50.1,2096,100,289,60,31,5,5907,Push,2,9,8.5
user_000038,2026-10-12,50.2,2481,89,367,73,53,4,16994,Rest,,,5.8
user_000038,2026-10-13,50.5,2273,100,340,57,46,2,13882,Legs,0,16,8.7
user_000038,2026-10-14,50.8,2468,102,353,72,35,4,5663,Rest,,,6.4
user_000038,2026-10-15,50.8,1907,98,237,63,33,1,3958,Legs,0,10,7.1
user_000038,2026-10-16,50.7,2292,91,365,52,36,5,4929,Upper,2,12,8.4
user_000038,2026-10-17,50.8,1844,91,244,56,56,2,6458,Upper,2,9,8.5
user_000038,2026-10-18,50.8,2131,103,288,63,25,2,13684,Pull,2,18,6.8
user_000038,2026-10-19,51.0,2341,84,346,69,34,3,12425,Rest,,,5.9
user_000038,2026-10-20,50.9,2208,89,346,52,26,2,12019,Rest,,,7.9
user_000038,2026-10-21,51.2,2270,86,315,74,58,3,7799,Rest,,,6.3
user_000038,2026-10-22,51.4,2508,106,395,56,16,4,11012,Legs,1,7,8.7
user_000038,2026-10-23,51.4,2294,101,306,74,20,1,14231,Pull,1,8,8.4
user_000038,2026-10-24,51.3,2302,99,346,58,4,4,17196,Push,4,20,8.8
user_000038,2026-10-25,51.4,2660,91,439,60,2,5,17099,Pull,4,6,7.4
user_000038,2026-10-26,51.3,2040,109,293,48,0,1,16357,Pull,3,13,8.9
user_000038,2026-10-27,51.5,2187,111,321,51,57,3,4459,Upper,3,6,7.8
user_000038,2026-10-28,51.5,1896,112,236,56,28,4,3562,Legs,1,16,8.3
user_000038,2026-10-29,51.6,1264,86,158,32,37,4,5108,Pull,2,17,8.7
user_000038,2026-10-30,51.7,1389,89,175,37,52,2,5382,Pull,4,20,5.9
user_000038,2026-10-31,51.7,1934,101,252,58,45,1,17873,Rest,,,6.5
user_000038,2026-11-01,51.8,1648,98,215,44,8,1,7782,Upper,4,6,7.5
user_000038,2026-11-02,52.0,1580,103,202,40,0,5,7737,Upper,4,7,7.0
user_000038,2026-11-03,51.7,1639,112,201,43,44,4,12218,Rest,,,8.3
user_000038,2026-11-04,51.6,1497,106,176,41,44,2,7631,Push,4,11,6.6
user_000038,2026-11-05,51.5,1256,102,131,36,41,1,4557,Rest,,,7.8
user_000038,2026-11-06,51.8,1410,89,187,34,48,3,3004,Rest,,,7.9
user_000038,2026-11-07,51.5,1661,94,229,41,20,1,15908,Upper,1,12,7.0
user_000038,2026-11-08,51.2,1985,113,246,61,34,5,15151,Rest,,,7.4
user_000038,2026-11-09,51.1,1666,105,208,46,40,1,15784,Upper,5,15,6.6
user_000038,2026-11-10,50.9,1472,103,175,40,26,2,6299,Pull,3,16,8.1
user_000038,2026-11-11,51.0,1787,106,244,43,39,3,12044,Push,1,7,5.5
user_000038,2026-11-12,51.2,1903,82,279,51,53,5,12282,Push,3,19,6.6
user_000038,2026-11-13,51.3,1959,101,265,55,50,5,7067,Push,2,6,7.2
user_000038,2026-11-14,51.1,1226,84,137,38,32,4,3376,Upper,1,19,6.2
user_000038,2026-11-15,51.3,1800,89,262,44,17,5,16098,Upper,0,14,6.9
user_000038,2026-11-16,51.2,1769,107,225,49,12,4,17356,Push,1,13,6.7
user_000038,2026-11-17,51.3,1607,86,210,47,17,4,12295,Rest,,,7.0
user_000038,2026-11-18,51.2,1414,93,157,46,33,4,3106,Legs,5,9,5.9
user_000038,2026-11-19,51.5,1770,104,226,50,5,3,10267,Legs,1,19,8.4
user_000038,2026-11-20,51.5,1674,102,231,38,5,1,16019,Legs,2,7,8.0
user_000038,2026-11-21,51.3,1536,89,214,36,35,3,4655,Pull,0,9,7.8
user_000038,2026-11-22,51.5,1759,102,223,51,38,3,5062,Pull,2,17,8.1
user_000038,2026-11-23,51.7,1409,102,149,45,34,2,6764,Upper,3,16,8.0
user_000038,2026-11-24,51.9,1713,102,216,49,60,3,8273,Legs,2,17,5.8
user_000038,2026-11-25,51.7,2067,92,283,63,41,5,16692,Rest,,,7.6
user_000038,2026-11-26,51.8,1137,105,114,29,14,1,4041,Push,0,6,6.6
user_000038,2026-11-27,51.6,1442,98,168,42,19,5,9490,Upper,0,16,8.3
user_000039,2026-07-01,51.2,1247,104,129,35,54,1,4955,Pull,0,6,6.3
user_000039,2026-07-02,51.2,1612,107,197,44,54,4,8684,Push,4,8,5.9
user_000039,2026-07-03,51.3,1349,89,165,37,18,3,8642,Upper,4,18,6.3
user_000039,2026-07-04,51.4,1439,105,176,35,45,5,7516,Upper,1,7,7.7
user_000039,2026-07-05,51.5,1651,84,214,51,60,5,3607,Legs,4,15,5.9
user_000039,2026-07-06,51.8,1393,92,173,37,15,1,17471,Legs,3,17,5.8
user_000039,2026-07-07,51.5,1422,107,163,38,18,2,13786,Legs,0,9,8.0
user_000039,2026-07-08,51.1,1141,106,114,29,1,3,11151,Rest,,,7.3
user_000039,2026-07-09,51.2,1563,108,168,51,41,3,8008,Rest,,,5.8
user_000039,2026-07-10,50.8,1422,106,164,38,30,4,10988,Rest,,,6.1
user_000039,2026-07-11,50.6,1410,88,161,46,57,5,4941,Legs,4,11,8.2
user_000039,2026-07-12,50.5,1114,93,127,26,19,3,7269,Legs,4,9,8.1
user_000039,2026-07-13,50.6,2188,87,298,72,52,5,13333,Upper,5,20,7.3
user_000039,2026-07-14,50.8,1084,103,87,36,19,5,8094,Rest,,,7.8
user_000039,2026-07-15,50.5,1559,89,204,43,36,3,12252,Push,0,15,8.5
user_000039,2026-07-16,50.6,1653,92,220,45,60,4,16884,Legs,5,20,6.9
user_000039,2026-07-17,50.5,1083,100,92,35,58,1,3323,Push,2,15,6.0
user_000039,2026-07-18,50.7,1126,90,124,30,17,3,8448,Legs,3,8,8.7
user_000039,2026-07-19,50.7,1559,97,196,43,33,4,12237,Pull,3,8,6.4
user_000039,2026-07-20,50.8,1228,86,131,40,46,2,13714,Upper,5,17,6.6
user_000039,2026-07-21,50.6,1083,88,104,35,29,3,7808,Push,4,19,8.1
user_000039,2026-07-22,50.8,1712,102,236,40,30,5,8302,Push,1,20,7.0
user_000039,2026-07-23,50.9,1272,100,128,40,25,3,5906,Push,4,11,5.8
user_000039,2026-07-24,51.0,1175,90,143,27,14,2,15947,Legs,1,19,8.5
user_000039,2026-07-25,50.9,1461,104,187,33,35,3,8960,Push,4,17,7.8
user_000039,2026-07-26,51.0,1317,103,134,41,21,2,15870,Push,4,11,7.3
user_000039,2026-07-27,51.0,1120,82,135,28,30,4,3653,Legs,0,17,6.3
user_000039,2026-07-28,51.0,1526,105,200,34,53,3,11894,Rest,,,8.4
user_000039,2026-07-29,50.8,1149,102,102,37,26,1,4590,Pull,3,8,8.3
user_000039,2026-07-30,50.7,1083,108,102,27,12,1,5650,Rest,,,5.9
user_000039,2026-07-31,50.9,1230,98,124,38,3,5,17116,Legs,1,12,7.9
user_000039,2026-08-01,51.0,1224,84,159,28,12,1,16240,Pull,0,18,7.7
user_000039,2026-08-02,51.2,1286,92,153,34,32,2,14557,Legs,0,12,7.9
user_000039,2026-08-03,51.2,1523,94,181,47,25,5,15865,Upper,5,18,7.1
user_000039,2026-08-04,51.1,1595,108,185,47,50,2,15613,Rest,,,5.8
user_000039,2026-08-05,50.9,1536,90,213,36,35,5,5985,Upper,4,11,7.9
user_000039,2026-08-06,50.9,1085,98,99,33,17,1,9845,Legs,0,10,8.2
user_000039,2026-08-07,50.9,1331,95,141,43,47,1,5371,Push,0,7,7.8
user_000039,2026-08-08,50.8,1087,99,103,31,44,1,7412,Pull,0,14,7.9
user_000039,2026-08-09,50.7,1276,90,148,36,18,4,16712,Upper,0,8,5.9
user_000039,2026-08-10,50.4,1084,100,108,28,14,1,7451,Upper,1,7,6.3
user_000039,2026-08-11,50.2,1112,102,113,28,28,1,11872,Push,1,11,8.9
user_000039,2026-08-12,50.2,1228,86,149,32,8,1,6432,Upper,1,18,6.1
user_000039,2026-08-13,50.3,1081,94,120,25,8,1,5956,Rest,,,7.4
user_000039,2026-08-14,50.3,1222,86,143,34,19,1,12632,Rest,,,6.7
user_000039,2026-08-15,50.3,1179,104,130,27,16,5,3880,Push,2,16,6.7
user_000039,2026-08-16,50.2,1489,102,178,41,6,5,17663,Rest,,,6.1
user_000039,2026-08-17,50.3,1773,99,225,53,35,5,13363,Push,2,12,5.7
user_000039,2026-08-18,50.0,1528,96,205,36,37,1,16795,Rest,,,8.6
user_000039,2026-08-19,50.0,1191,90,138,31,57,1,12124,Upper,3,6,6.2
user_000039,2026-08-20,50.0,1496,93,182,44,44,3,10875,Legs,2,12,8.2
user_000039,2026-08-21,50.0,1578,106,194,42,43,5,5504,Upper,4,18,8.6
user_000039,2026-08-22,50.1,1247,106,136,31,21,3,8576,Rest,,,7.7
user_000039,2026-08-23,49.9,1078,108,85,34,27,4,3618,Legs,5,9,5.7
user_000039,2026-08-24,49.6,1270,108,124,38,55,3,4062,Push,4,15,8.2
user_000039,2026-08-25,49.8,1343,85,163,39,11,4,13538,Rest,,,5.8
user_000039,2026-08-26,49.9,1508,82,205,40,51,5,4364,Legs,3,9,6.3
user_000039,2026-08-27,49.7,1077,86,127,25,59,1,8749,Upper,2,7,7.8
user_000039,2026-08-28,49.8,1347,105,162,31,9,5,15186,Push,2,17,6.9
user_000039,2026-08-29,49.8,1396,95,173,36,51,3,10259,Push,1,12,6.7
user_000039,2026-08-30,49.8,1078,80,122,30,37,1,12571,Push,1,15,9.0
user_000039,2026-08-31,49.6,1410,108,168,34,56,1,7483,Upper,4,10,8.9
user_000039,2026-09-01,49.4,1335,84,162,39,28,4,11764,Upper,4,14,7.1
user_000039,2026-09-02,49.1,1848,89,265,48,55,4,12789,Push,4,6,7.7
user_000039,2026-09-03,49.3,1327,87,166,35,16,5,8285,Pull,5,11,7.2
user_000039,2026-09-04,49.0,1072,94,120,24,9,4,12133,Rest,,,7.2
user_000039,2026-09-05,49.2,1483,80,194,43,45,4,6326,Rest,,,8.5
user_000039,2026-09-06,49.2,1135,83,140,27,51,2,5083,Push,3,12,6.3
user_000039,2026-09-07,48.9,1153,95,119,33,16,1,11827,Upper,2,16,7.0
user_000039,2026-09-08,49.1,1070,93,98,34,28,1,10188,Rest,,,5.9
user_000039,2026-09-09,49.0,1691,105,221,43,36,4,16435,Upper,3,7,8.3
user_000039,2026-09-10,49.1,1128,107,103,32,4,4,11016,Upper,3,9,5.7
user_000039,2026-09-11,49.3,1069,84,127,25,36,2,3179,Pull,0,6,8.5
user_000039,2026-09-12,49.0,1086,100,104,30,16,5,6292,Legs,2,10,5.6
user_000039,2026-09-13,48.8,1297,101,149,33,57,3,12345,Push,2,13,7.5
user_000039,2026-09-14,48.5,1483,87,178,47,25,2,14295,Pull,1,11,8.7
user_000039,2026-09-15,48.3,1405,100,168,37,33,4,10191,Push,0,14,7.4
user_000039,2026-09-16,48.4,1063,84,121,27,12,1,10674,Legs,3,15,6.2
user_000039,2026-09-17,48.4,1206,82,143,34,28,3,11671,Rest,,,8.0
user_000039,2026-09-18,48.1,1304,84,161,36,35,4,5669,Push,5,13,6.1
user_000039,2026-09-19,48.2,1200,85,143,32,48,1,13885,Rest,,,6.7
user_000039,2026-09-20,48.4,1155,91,119,35,1,5,14079,Pull,1,15,8.5
user_000039,2026-09-21,48.5,1324,86,155,40,34,3,6728,Legs,0,7,5.8
user_000039,2026-09-22,48.5,1231,93,145,31,20,1,17074,Rest,,,8.7
user_000039,2026-09-23,48.2,1247,93,140,35,26,4,8270,Push,1,15,7.4
user_000039,2026-09-24,48.0,1163,106,106,35,10,5,5710,Upper,3,12,6.2
user_000039,2026-09-25,47.8,1730,98,249,38,16,2,12441,Legs,3,15,6.4
user_000039,2026-09-26,47.6,1876,93,250,56,23,3,10279,Rest,,,7.5
user_000039,2026-09-27,47.9,1899,99,261,51,7,2,16518,Pull,5,6,7.4
user_000039,2026-09-28,47.7,1433,104,180,33,45,2,5393,Pull,5,19,7.1
user_000039,2026-09-29,47.6,1865,79,259,57,16,3,12806,Rest,,,5.7
user_000039,2026-09-30,47.6,1813,96,238,53,45,5,9112,Upper,1,9,6.9
user_000039,2026-10-01,47.3,1596,100,209,40,9,1,7834,Pull,0,15,8.3
user_000039,2026-10-02,47.6,1525,103,168,49,49,1,11112,Pull,4,7,7.8
user_000039,2026-10-03,47.6,2266,100,345,54,47,4,10932,Push,1,9,6.7
user_000039,2026-10-04,47.8,1665,86,211,53,9,2,17842,Rest,,,7.4
user_000039,2026-10-05,47.8,1889,77,258,61,6,4,13667,Upper,5,13,8.1
user_000039,2026-10-06,48.0,1641,81,237,41,13,3,8290,Upper,5,8,7.7
user_000039,2026-10-07,47.8,1746,81,252,46,11,2,12138,Legs,1,6,5.8
user_000039,2026-10-08,47.7,1805,86,237,57,53,1,11101,Legs,1,17,6.9
user_000039,2026-10-09,47.8,2150,76,349,50,34,4,12238,Upper,0,13,8.9
user_000039,2026-10-10,47.5,1633,99,217,41,8,3,13670,Upper,3,17,8.4
user_000039,2026-10-11,47.4,1412,86,186,36,8,1,7798,Legs,2,20,7.1
user_000039,2026-10-12,47.3,1535,77,219,39,30,1,8098,Legs,5,20,7.7
user_000039,2026-10-13,47.0,2382,84,381,58,40,5,10421,Push,1,18,8.7
user_000039,2026-10-14,47.1,2063,90,275,67,52,2,3721,Legs,3,17,8.6
user_000039,2026-10-15,47.2,1679,76,220,55,21,2,16682,Pull,4,17,6.5
user_000039,2026-10-16,47.5,1708,88,231,48,33,1,9673,Legs,0,8,8.9
user_000039,2026-10-17,47.4,1852,85,243,60,0,5,16164,Rest,,,7.6
user_000039,2026-10-18,47.3,1742,83,231,54,26,1,16788,Pull,5,19,6.1
user_000039,2026-10-19,47.4,2116,93,292,64,24,4,11467,Upper,0,12,5.9
user_000039,2026-10-20,47.6,1930,80,263,62,5,4,6543,Upper,1,15,8.6
user_000039,2026-10-21,47.5,1856,77,270,52,12,4,11778,Push,4,12,6.6
user_000039,2026-10-22,47.7,1682,81,254,38,18,4,5140,Pull,3,6,6.7
user_000039,2026-10-23,47.6,2324,81,338,72,56,4,13679,Legs,0,8,6.2
user_000039,2026-10-24,47.5,1564,93,190,48,13,3,3846,Legs,5,18,7.2
user_000039,2026-10-25,47.4,1836,82,269,48,34,4,12854,Legs,0,16,8.0
user_000039,2026-10-26,47.3,1501,101,182,41,34,4,4342,Push,0,18,7.4
user_000039,2026-10-27,47.3,1809,87,255,49,55,4,5552,Legs,5,8,7.6
user_000039,2026-10-28,47.2,1819,85,255,51,23,4,11759,Legs,2,7,7.9
user_000039,2026-10-29,47.1,1897,82,282,49,21,4,9491,Legs,2,14,6.8
user_000039,2026-10-30,46.8,1835,83,252,55,50,3,3698,Pull,2,15,6.7
user_000039,2026-10-31,47.0,2249,95,321,65,30,4,17665,Legs,2,15,6.1
user_000039,2026-11-01,46.8,1997,80,282,61,32,2,16991,Pull,5,9,7.7
user_000039,2026-11-02,47.0,2123,83,342,47,50,5,4580,Upper,3,12,5.8
user_000039,2026-11-03,46.9,1882,101,275,42,36,3,7474,Pull,2,12,6.6
user_000039,2026-11-04,46.9,1724,95,228,48,5,5,12725,Pull,4,6,7.6
user_000039,2026-11-05,46.9,2078,79,292,66,60,2,4588,Legs,0,8,6.5
user_000039,2026-11-06,46.8,2079,76,302,63,3,3,17311,Pull,2,9,7.9
user_000039,2026-11-07,46.7,1607,84,221,43,37,1,4408,Pull,0,13,7.9
user_000039,2026-11-08,46.4,2385,83,376,61,55,5,11418,Rest,,,8.8
user_000039,2026-11-09,46.2,2197,86,335,57,29,5,16002,Push,4,6,7.4
user_000039,2026-11-10,46.3,2141,95,312,57,52,2,17346,Rest,,,6.5
user_000039,2026-11-11,46.4,1786,89,254,46,15,1,10575,Push,4,8,8.8
user_000039,2026-11-12,46.6,2215,98,314,63,27,5,16341,Push,4,17,5.6
user_000039,2026-11-13,46.8,2173,82,342,53,39,5,5136,Upper,1,9,5.8
user_000039,2026-11-14,46.6,2042,94,277,62,23,5,8890,Push,2,18,6.1
user_000039,2026-11-15,46.7,2246,96,335,58,45,5,16333,Upper,1,15,8.7
user_000039,2026-11-16,46.6,1689,98,205,53,14,2,13289,Legs,1,13,8.5
user_000039,2026-11-17,46.5,1718,95,231,46,24,1,13932,Upper,5,12,6.0
user_000039,2026-11-18,46.7,1774,102,229,50,5,4,14042,Upper,2,18,8.5
user_000039,2026-11-19,46.4,1561,84,223,37,52,2,7481,Pull,1,13,8.1
user_000039,2026-11-20,46.5,2247,80,349,59,53,4,17920,Upper,1,10,8.4
user_000039,2026-11-21,46.8,1656,93,213,48,7,3,6870,Upper,3,14,8.6
user_000039,2026-11-22,46.5,1972,102,247,64,37,5,8383,Pull,2,8,8.0
user_000039,2026-11-23,46.6,1649,101,219,41,37,3,4107,Pull,0,20,6.2
user_000039,2026-11-24,46.5,2205,84,339,57,52,3,15577,Legs,1,10,7.3
user_000039,2026-11-25,46.5,2195,93,305,67,55,4,16713,Rest,,,7.8
user_000039,2026-11-26,46.2,1636,94,216,44,19,4,4102,Legs,1,10,6.8
user_000039,2026-11-27,46.3,1450,84,202,34,9,4,5612,Rest,,,7.9
user_000040,2026-07-01,51.7,1378,94,174,34,14,2,9400,Push,1,9,6.2
user_000040,2026-07-02,51.8,1748,93,227,52,8,1,14391,Pull,4,7,7.8
user_000040,2026-07-03,51.8,1933,97,285,45,39,4,11998,Push,5,16,6.6
user_000040,2026-07-04,51.8,1393,87,169,41,14,1,8892,Push,1,15,8.2
user_000040,2026-07-05,51.7,1907,84,269,55,54,1,14127,Legs,4,15,7.7
user_000040,2026-07-06,51.6,1714,105,220,46,29,5,9452,Upper,1,6,6.4
user_000040,2026-07-07,51.7,1815,86,235,59,23,5,7787,Push,3,14,8.7
user_000040,2026-07-08,51.7,1405,99,169,37,47,2,9094,Upper,4,9,8.5
user_000040,2026-07-09,51.4,1484,92,198,36,10,3,10253,Upper,5,10,7.8
user_000040,2026-07-10,51.6,1220,100,115,40,12,3,5027,Upper,1,8,7.4
user_000040,2026-07-11,51.7,1579,112,168,51,32,5,7943,Push,5,20,6.2
user_000040,2026-07-12,52.0,2033,107,300,45,43,4,13595,Upper,1,8,6.6
user_000040,2026-07-13,52.1,1810,102,247,46,42,3,11305,Push,2,13,7.8
user_000040,2026-07-14,52.3,1944,102,285,44,22,4,16585,Upper,0,20,8.0
user_000040,2026-07-15,52.2,1744,87,259,40,11,4,15066,Legs,1,15,8.0
user_000040,2026-07-16,52.0,1782,87,237,54,14,2,17926,Pull,2,10,6.1
user_000040,2026-07-17,51.8,1568,113,171,48,40,3,9238,Legs,3,6,8.6
user_000040,2026-07-18,51.8,1699,100,210,51,25,2,10753,Push,0,11,5.6
user_000040,2026-07-19,51.6,1267,93,136,39,40,1,6100,Upper,1,12,8.8
user_000040,2026-07-20,51.8,1674,83,214,54,38,2,14775,Rest,,,7.9
user_000040,2026-07-21,51.8,1692,97,227,44,32,5,14226,Push,1,15,6.9
user_000040,2026-07-22,51.7,1249,109,138,29,1,1,11776,Rest,,,7.0
user_000040,2026-07-23,51.4,1417,93,169,41,34,1,15930,Pull,3,12,9.0
user_000040,2026-07-24,51.5,1458,96,165,46,33,3,3951,Push,4,6,6.7
user_000040,2026-07-25,51.7,1875,106,257,47,51,5,7200,Pull,1,17,8.9
user_000040,2026-07-26,51.9,1761,108,231,45,22,5,6323,Pull,2,15,8.1
user_000040,2026-07-27,52.0,1928,92,273,52,50,4,10251,Push,0,17,8.6
user_000040,2026-07-28,51.9,1661,112,184,53,29,2,7413,Upper,4,19,6.2
user_000040,2026-07-29,52.1,1832,92,276,40,41,3,12758,Legs,2,8,5.5
user_000040,2026-07-30,51.9,1502,93,206,34,41,1,6837,Legs,5,7,8.6
user_000040,2026-07-31,51.7,1712,111,218,44,27,4,12877,Push,2,16,7.6
user_000040,2026-08-01,51.8,1714,97,228,46,3,4,15928,Push,1,7,7.8
user_000040,2026-08-02,52.0,1640,113,180,52,41,3,5042,Upper,2,10,7.9
user_000040,2026-08-03,52.2,1811,99,230,55,33,5,14545,Push,5,19,6.0
user_000040,2026-08-04,52.3,1907,102,242,59,21,4,9940,Push,2,14,6.9
user_000040,2026-08-05,52.5,1928,112,262,48,57,3,10791,Upper,5,11,6.3
user_000040,2026-08-06,52.5,1770,89,259,42,29,2,16732,Pull,0,16,6.9
user_000040,2026-08-07,52.2,1487,99,176,43,25,3,6764,Pull,2,13,6.4
user_000040,2026-08-08,52.2,2193,87,333,57,54,4,14135,Legs,0,9,6.0
user_000040,2026-08-09,52.4,1179,84,132,35,6,1,4309,Legs,0,7,8.7
user_000040,2026-08-10,52.5,1703,100,202,55,13,1,17426,Legs,3,9,7.9
user_000040,2026-08-11,52.5,1465,108,166,41,19,1,17573,Legs,2,11,6.0
user_000040,2026-08-12,52.6,1330,103,162,30,49,2,10109,Pull,5,20,8.7
user_000040,2026-08-13,52.5,1413,95,175,37,3,2,6249,Pull,5,20,8.6
user_000040,2026-08-14,52.7,1396,85,183,36,40,3,3820,Rest,,,8.6
user_000040,2026-08-15,52.5,1661,97,226,41,20,5,10334,Legs,3,16,7.8
user_000040,2026-08-16,52.7,1753,87,223,57,34,2,17970,Legs,2,18,7.3
user_000040,2026-08-17,52.7,1304,111,143,32,58,1,10582,Pull,4,10,8.3
user_000040,2026-08-18,52.6,1355,106,145,39,27,1,9247,Legs,0,17,6.0
user_000040,2026-08-19,52.5,1649,106,196,49,15,5,9961,Push,4,10,6.0
user_000040,2026-08-20,52.3,1439,102,152,47,33,3,5082,Push,2,20,8.5
user_000040,2026-08-21,52.3,1450,92,194,34,25,2,13410,Legs,4,18,7.4
user_000040,2026-08-22,52.5,1430,104,168,38,23,5,5523,Legs,2,8,7.3
user_000040,2026-08-23,52.7,1465,97,186,37,12,4,8636,Pull,5,8,8.8
user_000040,2026-08-24,52.9,2163,99,327,51,34,5,17884,Pull,5,8,6.1
user_000040,2026-08-25,52.6,1475,108,164,43,20,3,8068,Pull,0,20,7.3
user_000040,2026-08-26,52.3,1170,92,142,26,2,2,12685,Upper,0,13,6.9
user_000040,2026-08-27,52.3,1679,112,211,43,58,2,9688,Push,5,16,7.4
user_000040,2026-08-28,52.2,1600,107,185,48,57,1,10183,Push,1,7,6.4
user_000040,2026-08-29,51.9,1281,100,128,41,36,3,4042,Rest,,,7.9
user_000040,2026-08-30,52.1,1676,105,215,44,19,2,12570,Upper,5,8,6.4
user_000040,2026-08-31,52.2,1972,97,261,60,55,4,8669,Legs,5,15,8.4
user_000040,2026-09-01,52.2,1420,96,160,44,7,1,8052,Pull,0,17,6.2
user_000040,2026-09-02,52.2,1552,93,205,40,8,4,16083,Push,5,7,5.9
user_000040,2026-09-03,52.1,1565,101,189,45,24,1,13913,Push,0,6,8.0
user_000040,2026-09-04,51.8,1576,107,179,48,11,3,15583,Pull,2,12,8.0
user_000040,2026-09-05,52.1,1812,95,259,44,36,1,9842,Push,1,17,6.9
user_000040,2026-09-06,51.8,1235,100,139,31,4,5,11141,Rest,,,8.5
user_000040,2026-09-07,52.1,1467,85,203,35,40,1,6220,Pull,4,15,8.0
user_000040,2026-09-08,51.8,1348,99,157,36,15,4,7601,Pull,0,7,8.4
user_000040,2026-09-09,51.6,1742,85,229,54,13,3,15280,Pull,4,14,8.1
user_000040,2026-09-10,51.7,1174,106,102,38,7,2,6893,Upper,4,18,7.4
user_000040,2026-09-11,51.6,1093,85,123,29,15,1,3413,Rest,,,6.7
user_000040,2026-09-12,51.5,1386,105,147,42,3,4,4231,Push,3,6,6.0
user_000040,2026-09-13,51.3,1137,110,100,33,28,3,3209,Rest,,,5.9
user_000040,2026-09-14,51.1,1689,103,227,41,59,3,11826,Rest,,,5.6
user_000040,2026-09-15,50.9,1749,82,227,57,12,4,12612,Pull,4,13,8.4
user_000040,2026-09-16,51.1,1334,100,148,38,32,3,5771,Push,4,9,5.7
user_000040,2026-09-17,50.8,1660,112,195,48,21,2,15907,Rest,,,5.7
user_000040,2026-09-18,50.7,1364,85,175,36,38,2,4039,Legs,2,8,7.2
user_000040,2026-09-19,50.4,1685,108,221,41,37,5,4978,Rest,,,5.9
user_000040,2026-09-20,50.6,1249,108,139,29,29,2,7275,Push,5,13,5.5
user_000040,2026-09-21,50.5,1268,91,136,40,6,1,5649,Legs,2,19,8.2
user_000040,2026-09-22,50.7,1842,86,253,54,56,5,7953,Upper,0,9,8.0
user_000040,2026-09-23,50.5,1241,91,127,41,25,1,8438,Upper,5,7,5.9
user_000040,2026-09-24,50.7,2340,81,369,60,57,4,16190,Rest,,,6.2
user_000040,2026-09-25,50.3,1771,87,268,39,42,5,11200,Push,5,7,8.5
user_000040,2026-09-26,50.1,1863,92,250,55,13,5,6882,Rest,,,6.5
user_000040,2026-09-27,50.2,2025,103,257,65,60,3,11393,Rest,,,7.5
user_000040,2026-09-28,50.4,1087,98,113,27,32,1,4750,Pull,0,6,7.9
user_000040,2026-09-29,50.2,1578,100,182,50,37,1,5499,Upper,2,12,7.5
user_000040,2026-09-30,50.0,1500,98,187,40,19,2,9423,Pull,4,8,9.0
user_000040,2026-10-01,50.0,1782,91,233,54,56,3,10205,Rest,,,5.6
user_000040,2026-10-02,50.2,2170,90,340,50,33,2,9632,Rest,,,6.4
user_000040,2026-10-03,50.1,2008,93,274,60,31,1,3695,Rest,,,5.8
user_000040,2026-10-04,49.9,2498,99,341,82,29,4,10530,Push,4,10,7.7
user_000040,2026-10-05,49.7,1613,102,182,53,21,1,4923,Rest,,,8.2
user_000040,2026-10-06,49.5,1676,106,214,44,28,2,7033,Upper,3,9,5.7
user_000040,2026-10-07,49.8,2355,84,372,59,26,4,12791,Pull,2,12,6.4
user_000040,2026-10-08,49.6,2052,101,286,56,19,1,6716,Legs,0,13,8.8
user_000040,2026-10-09,49.6,2354,107,333,66,11,2,16694,Upper,2,7,8.6
user_000040,2026-10-10,49.6,2042,90,317,46,8,2,16165,Legs,1,6,7.1
user_000040,2026-10-11,49.5,2280,103,350,52,25,3,14997,Pull,1,13,8.1
user_000040,2026-10-12,49.5,2337,103,335,65,8,5,14669,Upper,3,12,9.0
user_000040,2026-10-13,49.3,2469,91,380,65,39,4,11331,Push,1,16,5.9
user_000040,2026-10-14,49.6,1871,91,280,43,34,2,5007,Rest,,,5.7
user_000040,2026-10-15,49.4,2011,85,285,59,56,1,9115,Push,5,19,7.2
user_000040,2026-10-16,49.6,1803,106,230,51,36,1,6183,Pull,5,15,7.3
user_000040,2026-10-17,49.5,1821,106,248,45,2,5,6034,Pull,3,18,8.9
user_000040,2026-10-18,49.6,2188,87,343,52,33,1,17840,Push,3,9,7.8
user_000040,2026-10-19,50.0,2032,87,277,64,5,2,10029,Upper,3,8,6.3
user_000040,2026-10-20,49.9,2243,82,328,67,40,4,10278,Legs,2,16,6.0
user_000040,2026-10-21,49.9,2591,107,408,59,27,5,15960,Pull,4,7,6.0
user_000040,2026-10-22,49.9,2208,89,346,52,20,5,12432,Upper,3,17,7.2
user_000040,2026-10-23,50.2,1992,98,256,64,53,2,11981,Rest,,,7.1
user_000040,2026-10-24,50.1,2460,96,375,64,43,5,15747,Rest,,,5.9
user_000040,2026-10-25,50.0,2111,84,311,59,57,1,15749,Upper,1,13,8.0
user_000040,2026-10-26,50.0,2533,86,374,77,24,5,17343,Push,5,16,8.0
user_000040,2026-10-27,50.2,1693,85,219,53,0,2,3413,Pull,2,6,7.6
user_000040,2026-10-28,50.2,2052,94,293,56,55,1,8483,Legs,0,15,6.3
user_000040,2026-10-29,50.5,1820,85,271,44,7,1,3974,Legs,2,8,7.4
user_000040,2026-10-30,50.7,1854,83,286,42,26,1,7005,Rest,,,6.5
user_000040,2026-10-31,50.6,1999,89,269,63,28,4,4924,Push,4,12,6.9
user_000040,2026-11-01,50.5,2562,94,416,58,29,1,16750,Rest,,,8.4
user_000040,2026-11-02,50.3,2585,84,371,85,46,5,8157,Legs,2,9,8.7
user_000040,2026-11-03,50.5,2114,93,287,66,15,3,6142,Pull,4,20,6.6
user_000040,2026-11-04,50.4,2275,105,331,59,48,2,11447,Legs,1,10,7.8
user_000040,2026-11-05,50.4,2292,82,374,52,25,5,11773,Rest,,,5.9
user_000040,2026-11-06,50.2,2512,102,346,80,47,3,15183,Rest,,,6.4
user_000040,2026-11-07,50.1,1747,92,257,39,22,2,4197,Legs,0,12,6.9
user_000040,2026-11-08,49.9,1994,103,292,46,26,1,8131,Pull,0,10,7.4
user_000040,2026-11-09,50.0,2643,92,382,83,55,5,4125,Rest,,,8.3
user_000040,2026-11-10,50.3,2466,104,355,70,60,3,13239,Pull,3,15,6.1
user_000040,2026-11-11,50.1,2432,93,335,80,45,5,8730,Pull,1,8,7.0
user_000040,2026-11-12,50.2,1944,82,296,48,33,2,5457,Pull,4,7,6.5
user_000040,2026-11-13,50.3,2770,95,395,90,52,4,15805,Rest,,,8.5
user_000040,2026-11-14,50.4,1883,100,274,43,42,1,3503,Pull,5,7,6.6
user_000040,2026-11-15,50.3,2444,98,333,80,28,5,10067,Push,4,15,7.7
user_000040,2026-11-16,50.2,2215,87,325,63,38,3,15701,Pull,2,13,6.5
user_000040,2026-11-17,50.5,1888,95,278,44,5,1,4554,Legs,5,6,6.2
user_000040,2026-11-18,50.3,2230,87,340,58,19,3,14799,Upper,4,13,7.1
user_000040,2026-11-19,50.5,2162,108,302,58,10,4,14193,Push,2,6,6.3
user_000040,2026-11-20,50.7,1912,95,257,56,1,4,12351,Rest,,,5.7
user_000040,2026-11-21,50.6,2331,101,340,63,28,4,14717,Legs,5,10,8.8
user_000040,2026-11-22,50.4,2823,108,429,75,38,5,16675,Upper,4,18,7.0
user_000040,2026-11-23,50.5,1975,87,301,47,16,4,4322,Rest,,,5.8
user_000040,2026-11-24,50.5,2519,94,367,75,20,5,17700,Rest,,,8.3
user_000040,2026-11-25,50.3,2162,82,301,70,22,2,16729,Legs,3,12,7.4
user_000040,2026-11-26,50.5,2206,88,342,54,51,4,5459,Legs,4,19,8.8
user_000040,2026-11-27,50.7,2506,95,356,78,60,5,3368,Pull,4,18,5.8
user_000041,2026-07-01,51.5,1882,109,222,62,29,1,9387,Push,2,11,5.7
user_000041,2026-07-02,51.7,1926,95,247,62,17,3,16330,Upper,1,17,6.6
user_000041,2026-07-03,51.7,2583,101,412,59,25,5,17840,Upper,0,18,6.3
user_000041,2026-07-04,51.9,2207,105,287,71,36,2,10042,Pull,0,15,5.5
user_000041,2026-07-05,52.0,2119,89,326,51,35,4,3028,Upper,2,9,8.5
user_000041,2026-07-06,51.8,1852,105,223,60,28,4,3761,Push,5,14,8.4
user_000041,2026-07-07,51.7,2335,91,324,75,2,4,11505,Push,2,10,6.1
user_000041,2026-07-08,51.8,2171,90,293,71,36,5,5405,Legs,2,10,6.4
user_000041,2026-07-09,51.7,2205,92,331,57,2,2,13666,Legs,3,16,7.0
user_000041,2026-07-10,51.5,1887,89,277,47,2,4,9666,Rest,,,8.8
user_000041,2026-07-11,51.4,2364,97,359,60,25,3,16595,Pull,4,15,6.4
user_000041,2026-07-12,51.7,2218,96,301,70,12,3,5862,Upper,5,8,6.7
user_000041,2026-07-13,51.9,2417,105,371,57,48,5,15957,Push,1,15,8.1
user_000041,2026-07-14,52.2,2383,97,357,63,37,4,11095,Pull,1,14,8.8
user_000041,2026-07-15,52.4,2135,112,289,59,10,2,14653,Pull,2,12,7.7
user_000041,2026-07-16,52.3,1997,111,287,45,53,2,8372,Push,5,16,7.8
user_000041,2026-07-17,52.3,2101,88,309,57,30,4,5329,Upper,3,16,7.9
user_000041,2026-07-18,52.4,2421,92,385,57,53,4,4820,Pull,3,7,6.1
user_000041,2026-07-19,52.3,2311,86,323,75,33,2,13640,Rest,,,7.3
user_000041,2026-07-20,52.1,1915,90,283,47,29,3,7362,Pull,5,16,8.0
user_000041,2026-07-21,52.4,1939,84,286,51,27,1,8070,Legs,4,11,5.7
user_000041,2026-07-22,52.6,2286,102,330,62,37,2,17622,Push,1,8,7.5
user_000041,2026-07-23,52.9,2481,86,379,69,57,3,13575,Push,1,17,8.2
user_000041,2026-07-24,53.2,2458,113,317,82,57,2,13325,Push,2,12,7.0
user_000041,2026-07-25,53.3,2059,98,311,47,22,4,9240,Upper,2,10,6.6
user_000041,2026-07-26,53.6,2314,113,317,66,53,4,9344,Pull,4,19,6.1
user_000041,2026-07-27,53.4,2081,112,271,61,15,2,13108,Pull,2,17,6.3
user_000041,2026-07-28,53.5,1907,88,265,55,19,3,3798,Upper,2,16,8.2
user_000041,2026-07-29,53.8,2095,106,276,63,14,4,14511,Pull,4,11,7.5
user_000041,2026-07-30,54.0,2363,101,366,55,25,5,10004,Push,2,12,5.6
user_000041,2026-07-31,54.2,2646,110,358,86,37,4,10709,Upper,2,14,6.7
user_000041,2026-08-01,54.3,2389,103,375,53,52,2,14563,Upper,4,17,8.7
user_000041,2026-08-02,54.1,2893,106,435,81,49,5,17644,Pull,1,14,8.8
user_000041,2026-08-03,54.2,2052,101,268,64,24,2,5977,Upper,4,18,6.9
user_000041,2026-08-04,54.0,2341,95,362,57,35,4,5935,Legs,2,18,8.2
user_000041,2026-08-05,53.9,2374,91,363,62,38,4,13151,Pull,2,20,6.9
user_000041,2026-08-06,54.1,1888,88,249,60,46,1,6808,Legs,3,20,5.6
user_000041,2026-08-07,54.1,2220,93,345,52,21,2,12875,Rest,,,6.2
user_000041,2026-08-08,53.9,2183,112,274,71,24,3,10125,Pull,4,16,6.8
user_000041,2026-08-09,54.0,2293,102,316,69,51,1,10313,Rest,,,8.5
user_000041,2026-08-10,54.2,2245,109,324,57,11,4,11164,Rest,,,8.9
user_000041,2026-08-11,54.0,2282,116,288,74,4,3,17995,Rest,,,5.9
user_000041,2026-08-12,54.2,2117,107,312,49,58,2,10385,Pull,3,15,8.5
user_000041,2026-08-13,54.1,2180,90,302,68,14,4,11118,Pull,3,6,7.1
user_000041,2026-08-14,54.1,1782,96,237,50,8,2,6835,Upper,1,15,7.2
user_000041,2026-08-15,54.2,1909,104,245,57,6,1,15312,Push,3,15,6.6
user_000041,2026-08-16,54.4,2680,114,394,72,31,5,16128,Rest,,,8.9
user_000041,2026-08-17,54.2,2698,101,425,66,46,5,4481,Push,0,15,6.5
user_000041,2026-08-18,54.4,2563,104,395,63,50,4,11913,Push,5,17,6.7
user_000041,2026-08-19,54.3,2600,105,356,84,29,1,16144,Upper,3,16,8.5
user_000041,2026-08-20,54.4,2784,114,420,72,59,4,11790,Upper,4,8,7.6
user_000041,2026-08-21,54.5,2172,115,275,68,17,2,5296,Push,1,19,6.2
user_000041,2026-08-22,54.4,2865,112,449,69,56,4,17699,Legs,4,18,8.4
user_000041,2026-08-23,54.7,2107,98,314,51,29,1,13666,Rest,,,7.4
user_000041,2026-08-24,54.6,2030,89,297,54,5,2,5211,Rest,,,8.9
user_000041,2026-08-25,54.8,2052,118,287,48,36,1,16116,Upper,0,19,8.1
user_000041,2026-08-26,54.9,2241,108,297,69,11,4,11876,Legs,2,7,6.8
user_000041,2026-08-27,55.0,2073,101,271,65,27,1,10760,Push,4,18,5.6
user_000041,2026-08-28,55.0,2108,101,273,68,55,1,3924,Legs,3,7,6.1
user_000041,2026-08-29,55.2,2620,95,371,84,48,5,12514,Rest,,,8.6
user_000041,2026-08-30,55.5,2198,119,282,66,26,4,12971,Upper,4,17,5.9
user_000041,2026-08-31,55.5,2481,92,355,77,55,3,16573,Push,4,11,7.1
user_000041,2026-09-01,55.7,1980,98,253,64,38,4,6555,Legs,5,12,7.2
user_000041,2026-09-02,55.9,2270,96,323,66,49,4,13491,Rest,,,7.4
user_000041,2026-09-03,55.6,1977,121,245,57,44,2,8022,Legs,1,6,7.0
user_000041,2026-09-04,55.4,2062,102,292,54,21,1,12439,Push,2,19,7.6
user_000041,2026-09-05,55.3,2196,115,299,60,31,5,5654,Legs,2,17,5.9
user_000041,2026-09-06,55.1,1709,97,229,45,11,2,4811,Pull,5,17,8.6
user_000041,2026-09-07,55.0,1596,103,188,48,7,3,7053,Upper,2,20,7.0
user_000041,2026-09-08,54.8,1755,111,231,43,0,4,11453,Pull,3,12,6.6
user_000041,2026-09-09,54.5,1904,119,231,56,55,2,6542,Push,2,14,8.5
user_000041,2026-09-10,54.7,1897,109,246,53,2,3,13734,Pull,5,19,6.4
user_000041,2026-09-11,54.7,2300,117,323,60,52,5,7428,Legs,0,18,8.6
user_000041,2026-09-12,54.8,1926,113,247,54,10,2,15830,Pull,1,18,8.5
user_000041,2026-09-13,54.7,1645,118,183,49,56,1,11664,Upper,2,7,6.8
user_000041,2026-09-14,54.7,2055,87,321,47,30,4,8323,Pull,3,15,8.9
user_000041,2026-09-15,54.7,1774,112,237,42,27,1,11053,Legs,3,6,6.6
user_000041,2026-09-16,54.6,1677,93,234,41,18,1,6549,Rest,,,8.7
user_000041,2026-09-17,54.8,2050,114,277,54,38,1,12032,Upper,3,9,6.9
user_000041,2026-09-18,54.5,1708,95,224,48,7,4,5919,Push,3,18,8.5
user_000041,2026-09-19,54.3,2353,89,371,57,59,5,15901,Rest,,,8.5
user_000041,2026-09-20,54.1,2022,86,298,54,22,2,14256,Rest,,,7.0
user_000041,2026-09-21,54.2,1907,118,244,51,59,1,6046,Upper,2,6,8.2
user_000041,2026-09-22,54.5,2309,99,305,77,46,3,9695,Pull,0,17,8.8
user_000041,2026-09-23,54.3,2076,95,280,64,35,1,7942,Push,0,18,7.4
user_000041,2026-09-24,54.0,2114,102,305,54,33,3,8812,Upper,3,9,7.5
user_000041,2026-09-25,54.0,1996,96,259,64,49,2,16802,Pull,5,14,8.6
user_000041,2026-09-26,54.2,2400,100,329,76,30,5,16481,Upper,5,18,6.1
user_000041,2026-09-27,54.2,2410,88,339,78,21,4,16746,Rest,,,6.9
user_000041,2026-09-28,54.4,1901,104,243,57,27,2,8195,Upper,1,20,7.1
user_000041,2026-09-29,54.7,2218,106,318,58,27,3,14409,Push,2,19,7.3
user_000041,2026-09-30,54.9,2563,91,390,71,57,4,14140,Push,5,7,7.4
user_000041,2026-10-01,54.8,1841,116,252,41,1,3,6945,Legs,5,10,6.5
user_000041,2026-10-02,55.1,1719,108,225,43,17,4,5673,Rest,,,6.3
user_000041,2026-10-03,55.1,1952,99,290,44,57,1,5355,Upper,4,7,7.1
user_000041,2026-10-04,55.2,2471,112,355,67,52,5,7017,Legs,3,19,7.2
user_000041,2026-10-05,55.3,2224,106,297,68,4,3,16412,Rest,,,8.4
user_000041,2026-10-06,55.1,1620,113,193,44,28,2,5024,Push,3,20,6.8
user_000041,2026-10-07,55.0,2555,114,338,83,53,4,16777,Push,5,6,7.1
user_000041,2026-10-08,55.0,1669,111,187,53,5,5,13365,Push,3,10,6.3
user_000041,2026-10-09,55.0,2119,104,293,59,4,4,15848,Push,0,20,6.8
user_000041,2026-10-10,54.8,1863,107,235,55,48,3,11818,Upper,2,8,6.3
user_000041,2026-10-11,54.8,2165,106,307,57,35,3,12021,Legs,0,19,6.9
user_000041,2026-10-12,54.8,2099,115,286,55,34,1,11311,Pull,1,13,8.6
user_000041,2026-10-13,54.8,2081,97,286,61,10,5,17536,Rest,,,8.2
user_000041,2026-10-14,54.5,1741,114,220,45,60,1,8217,Push,3,11,8.7
user_000041,2026-10-15,54.4,1736,100,226,48,20,3,14526,Rest,,,8.5
user_000041,2026-10-16,54.2,2005,105,259,61,33,1,11023,Legs,0,7,6.5
user_000041,2026-10-17,54.5,2062,103,291,54,47,1,13332,Legs,0,11,7.2
user_000041,2026-10-18,54.4,2006,95,276,58,26,5,7025,Pull,0,6,6.9
user_000041,2026-10-19,54.8,2490,107,376,62,57,4,3596,Upper,2,12,6.9
user_000041,2026-10-20,54.8,1880,113,222,60,30,3,7851,Upper,5,8,7.7
user_000041,2026-10-21,54.7,1881,113,256,45,57,1,10800,Legs,4,17,8.3
user_000041,2026-10-22,54.9,2348,100,334,68,50,5,15864,Pull,4,18,7.6
user_000041,2026-10-23,55.0,1942,115,267,46,37,3,4632,Pull,1,15,7.2
user_000041,2026-10-24,54.7,2006,103,277,54,25,5,13326,Pull,5,8,6.9
user_000041,2026-10-25,54.5,1668,102,216,44,22,4,4295,Rest,,,7.3
user_000041,2026-10-26,54.6,1925,93,251,61,34,1,10157,Rest,,,8.8
user_000041,2026-10-27,54.7,2077,103,270,65,35,1,15919,Legs,4,8,6.9
user_000041,2026-10-28,54.9,2402,116,345,62,52,4,13381,Push,2,13,8.7
user_000041,2026-10-29,54.8,1656,112,203,44,44,1,3013,Pull,2,8,8.1
user_000041,2026-10-30,54.6,2099,106,304,51,38,5,9278,Upper,4,10,7.4
user_000041,2026-10-31,54.6,2283,110,301,71,55,3,14408,Pull,2,17,7.1
user_000041,2026-11-01,54.8,2087,117,290,51,44,3,7086,Legs,3,8,6.2
user_000041,2026-11-02,54.7,2466,103,365,66,28,3,16780,Rest,,,8.3
user_000041,2026-11-03,54.8,1967,116,252,55,2,4,17729,Push,0,20,7.6
user_000041,2026-11-04,55.0,1706,109,196,54,24,2,7385,Upper,0,15,8.0
user_000041,2026-11-05,55.2,1933,112,261,49,8,2,11504,Push,3,11,8.7
user_000041,2026-11-06,55.4,1864,89,278,44,29,1,12193,Rest,,,7.7
user_000041,2026-11-07,55.4,1806,121,218,50,6,2,9599,Rest,,,6.2
user_000041,2026-11-08,55.7,2125,120,283,57,28,2,15291,Pull,2,16,7.6
user_000041,2026-11-09,55.9,1906,96,277,46,36,5,3917,Push,1,9,8.5
user_000041,2026-11-10,56.0,2034,93,303,50,54,2,9274,Legs,0,13,7.6
user_000041,2026-11-11,55.8,2093,105,290,57,42,2,15535,Pull,3,14,7.7
user_000041,2026-11-12,55.7,1882,117,250,46,11,1,8689,Upper,4,11,8.1
user_000041,2026-11-13,55.9,2113,94,279,69,31,1,13989,Upper,5,11,8.5
user_000041,2026-11-14,55.9,2043,111,258,63,59,5,9531,Upper,1,17,8.3
user_000041,2026-11-15,55.6,1219,90,145,31,10,1,7883,Pull,1,14,6.0
user_000041,2026-11-16,55.7,1303,113,116,43,49,1,8808,Upper,1,10,6.9
user_000041,2026-11-17,55.8,1411,103,162,39,22,5,9026,Push,3,16,7.6
user_000041,2026-11-18,55.8,1397,95,171,37,16,5,11610,Push,3,13,8.2
user_000041,2026-11-19,55.8,1760,90,233,52,22,5,12018,Upper,0,11,8.2
user_000041,2026-11-20,55.9,1728,119,223,40,43,5,11593,Pull,2,7,6.8
user_000041,2026-11-21,55.8,1443,114,141,47,25,3,13082,Upper,0,15,8.1
user_000041,2026-11-22,55.7,1311,111,138,35,5,1,9588,Pull,5,19,6.1
user_000041,2026-11-23,55.6,1396,103,165,36,47,3,7330,Pull,5,13,7.7
user_000041,2026-11-24,55.6,2049,113,280,53,56,5,17866,Pull,3,20,5.9
user_000041,2026-11-25,55.8,1156,96,112,36,7,4,10222,Pull,4,12,6.3
user_000041,2026-11-26,55.7,1610,109,190,46,56,4,13858,Legs,3,19,6.5
user_000041,2026-11-27,55.7,1190,90,122,38,15,1,5737,Push,2,15,6.3
user_000042,2026-07-01,51.8,1938,102,261,54,39,2,4590,Legs,4,12,5.6
user_000042,2026-07-02,51.9,2290,107,326,62,54,5,6033,Rest,,,7.6
user_000042,2026-07-03,52.1,2150,92,315,58,17,3,17230,Rest,,,8.1
user_000042,2026-07-04,51.9,1724,89,234,48,18,3,6072,Pull,2,13,8.5
user_000042,2026-07-05,51.9,1807,111,217,55,5,5,14300,Legs,2,20,6.4
user_000042,2026-07-06,51.8,2034,99,288,54,35,2,12746,Legs,1,20,8.0
user_000042,2026-07-07,51.6,2431,94,336,79,38,5,10457,Pull,0,17,7.8
user_000042,2026-07-08,51.3,1599,94,191,51,25,2,7581,Upper,0,14,6.3
user_000042,2026-07-09,51.1,1729,111,229,41,5,1,8779,Pull,5,16,8.0
user_000042,2026-07-10,51.2,2643,103,407,67,55,5,15214,Push,3,15,8.3
user_000042,2026-07-11,51.4,2039,111,266,59,20,3,12293,Push,2,8,8.4
user_000042,2026-07-12,51.1,1990,104,245,66,51,1,15374,Pull,5,13,5.5
user_000042,2026-07-13,51.4,1865,88,277,45,33,1,16129,Rest,,,7.9
user_000042,2026-07-14,51.2,1579,101,197,43,4,4,10874,Pull,2,12,7.3
user_000042,2026-07-15,51.4,1596,92,190,52,3,4,4279,Upper,0,19,8.6
user_000042,2026-07-16,51.6,2283,99,339,59,15,5,12854,Pull,2,12,7.8
user_000042,2026-07-17,51.7,2003,104,282,51,21,1,16067,Upper,0,6,5.7
user_000042,2026-07-18,51.8,1871,113,222,59,31,3,6565,Upper,4,9,8.6
user_000042,2026-07-19,51.9,2037,106,293,49,33,4,3600,Upper,2,20,5.6
user_000042,2026-07-20,51.8,2314,87,370,54,42,3,10335,Upper,1,8,7.5
user_000042,2026-07-21,51.5,2344,106,336,64,59,5,8389,Push,5,12,6.4
user_000042,2026-07-22,51.5,2355,93,363,59,54,5,11747,Legs,3,13,6.7
user_000042,2026-07-23,51.6,1973,107,240,65,42,2,15289,Pull,4,15,7.9
user_000042,2026-07-24,51.5,1448,100,163,44,46,1,3432,Pull,1,8,8.0
user_000042,2026-07-25,51.3,2322,95,337,66,39,4,14225,Rest,,,5.9
user_000042,2026-07-26,51.5,1933,103,261,53,60,3,5183,Legs,5,10,7.7
user_000042,2026-07-27,51.8,2010,82,308,50,18,2,13320,Legs,2,13,6.3
user_000042,2026-07-28,51.7,2346,85,362,62,47,5,13149,Legs,2,11,6.1
user_000042,2026-07-29,51.4,1473,94,182,41,45,1,5729,Push,5,7,5.9
user_000042,2026-07-30,51.1,1626,105,189,50,15,4,4907,Rest,,,8.8
user_000042,2026-07-31,50.9,2227,105,337,51,54,3,10675,Legs,4,10,5.9
user_000042,2026-08-01,50.8,2137,107,290,61,37,5,11438,Pull,4,9,6.8
user_000042,2026-08-02,50.9,2190,89,337,54,35,4,10515,Pull,2,18,7.3
user_000042,2026-08-03,51.0,2151,94,311,59,26,5,17430,Upper,3,15,7.1
user_000042,2026-08-04,51.0,2144,87,314,60,23,3,15844,Rest,,,8.8
user_000042,2026-08-05,51.2,1934,85,286,50,55,3,6885,Pull,0,11,8.0
user_000042,2026-08-06,50.9,1886,92,267,50,19,5,3120,Pull,5,8,6.5
user_000042,2026-08-07,50.7,2708,108,425,64,59,4,10977,Legs,1,16,8.5
user_000042,2026-08-08,50.5,1883,91,247,59,19,3,8599,Upper,1,7,8.0
user_000042,2026-08-09,50.6,2231,106,328,55,16,2,14317,Upper,0,11,6.8
user_000042,2026-08-10,50.7,2369,102,344,65,7,2,15424,Push,1,7,6.2
user_000042,2026-08-11,50.5,2083,83,305,59,6,2,11188,Pull,4,7,8.5
user_000042,2026-08-12,50.5,1711,101,212,51,11,2,9464,Push,4,12,7.8
user_000042,2026-08-13,50.5,2351,97,340,67,60,1,14708,Pull,3,11,8.2
user_000042,2026-08-14,50.3,2032,95,296,52,0,5,17595,Pull,5,17,8.0
user_000042,2026-08-15,50.2,1737,93,231,49,13,3,6468,Legs,4,8,7.3
user_000042,2026-08-16,50.4,1823,85,238,59,21,2,3564,Pull,3,18,8.6
user_000042,2026-08-17,50.2,1974,109,272,50,32,2,8535,Pull,4,12,6.8
user_000042,2026-08-18,50.4,1785,103,251,41,3,5,5376,Pull,5,17,7.0
user_000042,2026-08-19,50.3,2080,92,311,52,48,3,7007,Pull,4,16,8.9
user_000042,2026-08-20,50.2,2460,104,376,60,27,5,16407,Pull,1,10,8.8
user_000042,2026-08-21,50.2,1856,103,235,56,38,3,3814,Legs,2,6,6.5
user_000042,2026-08-22,49.9,2263,100,324,63,57,3,8581,Push,2,11,6.4
user_000042,2026-08-23,49.9,1538,97,184,46,34,3,3379,Pull,4,14,5.5
user_000042,2026-08-24,50.0,2496,100,371,68,45,3,17008,Push,1,14,5.8
user_000042,2026-08-25,50.1,1674,91,215,50,21,2,4786,Legs,3,11,8.6
user_000042,2026-08-26,50.2,2118,98,319,50,45,3,6427,Pull,1,19,8.3
user_000042,2026-08-27,50.2,2451,98,346,75,39,4,6070,Rest,,,5.6
user_000042,2026-08-28,50.5,2698,80,446,66,54,5,11350,Legs,2,12,8.9
user_000042,2026-08-29,50.5,2082,98,319,46,25,5,9258,Rest,,,8.0
user_000042,2026-08-30,50.3,2283,87,315,75,41,5,7713,Push,0,17,7.7
user_000042,2026-08-31,50.6,2288,100,337,60,30,2,13975,Push,4,9,6.6
user_000042,2026-09-01,50.4,3060,91,521,68,58,5,15712,Pull,3,19,6.1
user_000042,2026-09-02,50.6,1901,83,264,57,6,5,3981,Pull,5,7,8.3
user_000042,2026-09-03,50.4,2272,98,335,60,27,2,16845,Push,4,18,8.7
user_000042,2026-09-04,50.1,2209,92,332,57,29,4,9817,Rest,,,8.2
user_000042,2026-09-05,49.9,2214,89,334,58,19,4,16221,Push,5,18,6.6
user_000042,2026-09-06,50.1,1970,81,299,50,11,4,7424,Rest,,,6.5
user_000042,2026-09-07,50.2,1903,87,256,59,49,1,14288,Pull,4,18,8.6
user_000042,2026-09-08,50.4,2280,102,333,60,18,3,16259,Pull,0,11,8.5
user_000042,2026-09-09,50.5,2334,100,362,54,33,2,17953,Pull,2,6,8.8
user_000042,2026-09-10,50.3,1969,100,291,45,26,2,12870,Pull,5,19,7.6
user_000042,2026-09-11,50.3,2467,88,351,79,42,3,17315,Upper,4,10,6.6
user_000042,2026-09-12,50.6,2271,86,331,67,40,2,8737,Legs,5,9,5.8
user_000042,2026-09-13,50.4,2330,88,355,62,60,3,5825,Legs,3,9,8.5
user_000042,2026-09-14,50.2,2008,104,281,52,47,1,9999,Upper,1,17,6.8
user_000042,2026-09-15,50.1,1659,84,234,43,18,3,3719,Upper,2,13,8.2
user_000042,2026-09-16,50.3,1879,80,257,59,42,3,3745,Legs,5,10,6.2
user_000042,2026-09-17,50.3,2196,102,285,72,56,2,7646,Pull,5,16,8.2
user_000042,2026-09-18,50.2,1356,106,161,32,3,5,12750,Pull,1,20,8.6
user_000042,2026-09-19,50.0,1115,104,114,27,13,5,8461,Rest,,,8.4
user_000042,2026-09-20,49.7,1694,83,255,38,28,3,12117,Legs,4,14,6.0
user_000042,2026-09-21,49.4,1484,85,187,44,53,1,8425,Legs,3,19,5.5
user_000042,2026-09-22,49.5,1540,88,207,40,45,3,3192,Push,5,8,6.5
user_000042,2026-09-23,49.4,1075,83,107,35,54,1,5030,Rest,,,6.8
user_000042,2026-09-24,49.3,1584,87,228,36,36,5,5029,Rest,,,7.3
user_000042,2026-09-25,49.0,1478,101,183,38,40,3,14668,Rest,,,8.7
user_000042,2026-09-26,49.2,1377,93,159,41,6,2,12616,Pull,4,11,8.1
user_000042,2026-09-27,48.9,1574,80,219,42,45,4,6355,Upper,1,13,7.3
user_000042,2026-09-28,48.6,1721,83,237,49,48,4,13808,Legs,3,10,6.3
user_000042,2026-09-29,48.4,1791,100,224,55,37,4,14185,Legs,5,14,6.0
user_000042,2026-09-30,48.4,1739,80,240,51,53,5,7241,Legs,2,12,8.7
user_000042,2026-10-01,48.2,1944,81,297,48,45,5,8937,Push,2,16,8.9
user_000042,2026-10-02,48.4,1655,103,223,39,16,5,17251,Legs,3,14,6.3
user_000042,2026-10-03,48.5,1331,88,175,31,30,5,10966,Legs,3,20,8.0
user_000042,2026-10-04,48.4,1404,102,168,36,26,5,9932,Legs,5,11,8.2
user_000042,2026-10-05,48.6,1715,90,224,51,35,5,3471,Push,5,15,8.0
user_000042,2026-10-06,48.6,1154,81,140,30,14,3,6048,Push,5,19,6.7
user_000042,2026-10-07,48.4,1244,106,133,32,26,4,4209,Upper,4,8,7.3
user_000042,2026-10-08,48.4,1063,88,117,27,6,3,3313,Rest,,,6.1
user_000042,2026-10-09,48.1,1234,86,137,38,7,1,15933,Rest,,,8.4
user_000042,2026-10-10,47.8,1704,96,240,40,16,3,14654,Push,0,20,7.0
user_000042,2026-10-11,48.0,1414,90,178,38,28,1,17155,Legs,0,20,7.3
user_000042,2026-10-12,47.7,1787,91,241,51,30,3,15460,Legs,5,8,7.7
user_000042,2026-10-13,47.9,1275,94,146,35,45,1,6368,Rest,,,8.4
user_000042,2026-10-14,48.1,1391,83,195,31,20,5,5386,Rest,,,7.7
user_000042,2026-10-15,48.3,1327,85,177,31,7,4,7185,Upper,0,14,6.1
user_000042,2026-10-16,48.4,1121,105,110,29,13,1,3064,Pull,2,20,8.1
user_000042,2026-10-17,48.5,1303,89,149,39,17,2,13763,Rest,,,7.4
user_000042,2026-10-18,48.4,1426,86,185,38,31,4,8029,Upper,1,15,8.1
user_000042,2026-10-19,48.1,1322,94,160,34,17,3,5213,Pull,4,10,8.8
user_000042,2026-10-20,47.8,1372,87,166,40,38,3,9006,Rest,,,8.9
user_000042,2026-10-21,47.8,1408,98,182,32,14,3,9927,Legs,5,12,8.2
user_000042,2026-10-22,48.0,1108,91,105,36,45,2,3472,Pull,2,8,5.6
user_000042,2026-10-23,48.0,1591,90,193,51,56,4,3718,Pull,0,12,5.6
user_000042,2026-10-24,47.7,1197,87,129,37,34,2,11865,Legs,0,11,7.1
user_000042,2026-10-25,47.6,1437,104,154,45,50,4,3694,Rest,,,5.7
user_000042,2026-10-26,47.3,1536,86,199,44,56,4,12263,Upper,0,12,5.7
user_000042,2026-10-27,47.1,1372,89,155,44,56,2,13698,Pull,2,19,7.5
user_000042,2026-10-28,47.1,1842,91,257,50,56,4,15959,Push,5,13,6.6
user_000042,2026-10-29,47.2,1673,82,226,49,54,2,8139,Rest,,,7.0
user_000042,2026-10-30,47.0,1055,82,103,35,49,1,3023,Push,5,14,7.1
user_000042,2026-10-31,46.9,1451,100,184,35,31,5,6359,Rest,,,8.6
user_000042,2026-11-01,46.6,1298,95,135,42,33,2,6275,Push,4,16,6.5
user_000042,2026-11-02,46.5,1069,92,119,25,45,1,3338,Upper,0,14,8.7
user_000042,2026-11-03,46.4,1668,88,221,48,46,5,5570,Push,0,10,6.9
user_000042,2026-11-04,46.2,1514,94,190,42,14,2,16262,Rest,,,7.4
user_000042,2026-11-05,46.0,1423,89,170,43,35,3,5358,Upper,4,18,6.3
user_000042,2026-11-06,45.8,1793,83,264,45,35,5,17034,Upper,2,17,6.1
user_000042,2026-11-07,45.5,1264,83,161,32,18,3,8387,Pull,1,9,6.9
user_000042,2026-11-08,45.6,1770,81,258,46,55,4,5952,Upper,4,7,6.8
user_000042,2026-11-09,45.3,1600,82,228,40,60,2,13229,Rest,,,5.9
user_000042,2026-11-10,45.3,1293,85,146,41,4,2,14280,Push,2,15,8.3
user_000042,2026-11-11,45.2,1777,79,246,53,35,4,11111,Rest,,,5.8
user_000042,2026-11-12,45.0,1472,75,212,36,49,1,14510,Rest,,,5.8
user_000042,2026-11-13,45.1,1167,92,121,35,58,1,9117,Push,2,15,6.6
user_000042,2026-11-14,44.8,1591,73,219,47,47,3,7334,Pull,2,17,8.7
user_000042,2026-11-15,45.0,1140,88,116,36,10,3,5302,Push,4,9,5.8
user_000042,2026-11-16,45.0,1625,97,190,53,40,5,9194,Upper,4,16,6.5
user_000042,2026-11-17,45.1,1238,98,135,34,44,1,13104,Push,1,12,5.7
user_000042,2026-11-18,45.0,1037,83,111,29,23,1,11269,Push,0,14,7.5
user_000042,2026-11-19,44.7,1539,74,196,51,39,5,17778,Rest,,,6.6
user_000042,2026-11-20,44.6,1090,73,132,30,43,1,7505,Rest,,,5.9
user_000042,2026-11-21,44.5,1385,77,168,45,27,5,4364,Upper,0,8,6.0
user_000042,2026-11-22,44.2,1203,82,140,35,8,5,6659,Pull,3,12,7.6
user_000042,2026-11-23,44.2,1029,91,101,29,12,2,8887,Rest,,,8.1
user_000042,2026-11-24,43.9,1622,94,217,42,42,5,5663,Push,1,20,6.5
user_000042,2026-11-25,44.1,1418,71,189,42,33,5,10591,Push,4,6,8.2
user_000042,2026-11-26,43.9,1268,74,180,28,21,2,12209,Pull,2,6,6.0
user_000042,2026-11-27,43.8,1796,80,270,44,51,3,16674,Upper,4,12,8.9
user_000043,2026-07-01,51.3,1912,96,256,56,46,2,3508,Push,0,9,8.3
user_000043,2026-07-02,51.1,1349,88,157,41,1,4,8829,Pull,2,10,7.6
user_000043,2026-07-03,51.1,1761,84,237,53,30,1,14167,Legs,3,13,9.0
user_000043,2026-07-04,50.9,1406,107,141,46,17,2,5003,Pull,2,16,6.4
user_000043,2026-07-05,51.1,1471,107,164,43,33,3,7241,Rest,,,8.2
user_000043,2026-07-06,51.3,1514,95,198,38,16,4,8338,Upper,4,10,7.9
user_000043,2026-07-07,51.4,2193,97,314,61,44,3,17934,Push,4,15,7.6
user_000043,2026-07-08,51.7,1857,109,236,53,25,3,16638,Rest,,,8.8
user_000043,2026-07-09,51.6,1982,83,282,58,15,5,12509,Push,2,20,5.8
user_000043,2026-07-10,51.9,1917,96,255,57,23,5,11806,Pull,3,15,6.7
user_000043,2026-07-11,52.0,1700,95,213,52,13,5,13466,Upper,5,19,7.1
user_000043,2026-07-12,52.1,1879,93,253,55,18,4,14426,Upper,1,20,5.8
user_000043,2026-07-13,52.0,1737,113,229,41,41,1,8957,Legs,5,15,5.9
user_000043,2026-07-14,51.8,1780,90,238,52,32,5,4897,Push,3,8,6.5
user_000043,2026-07-15,51.6,1850,100,250,50,7,4,9486,Upper,4,15,7.5
user_000043,2026-07-16,51.5,2216,97,295,72,59,4,16669,Legs,5,10,7.3
user_000043,2026-07-17,51.7,1466,91,172,46,19,4,11606,Push,0,6,6.6
user_000043,2026-07-18,51.9,2151,105,300,59,51,2,14235,Rest,,,6.1
user_000043,2026-07-19,52.0,1721,95,234,45,5,5,6156,Upper,0,13,8.8
user_000043,2026-07-20,51.7,1812,91,245,52,37,1,16607,Pull,4,7,7.4
user_000043,2026-07-21,52.0,1899,96,255,55,30,3,9265,Rest,,,7.4
user_000043,2026-07-22,51.8,1931,110,240,59,53,4,11638,Push,0,20,7.8
user_000043,2026-07-23,52.1,1628,100,208,44,25,1,9767,Legs,0,10,6.4
user_000043,2026-07-24,52.0,1723,107,209,51,18,5,13099,Upper,2,15,8.1
user_000043,2026-07-25,51.9,1856,108,239,52,23,3,10167,Push,1,9,6.1
user_000043,2026-07-26,51.8,1585,100,195,45,19,5,6316,Push,0,12,6.9
user_000043,2026-07-27,51.8,1654,85,234,42,44,1,6468,Upper,2,13,9.0
user_000043,2026-07-28,51.9,1447,87,169,47,55,2,5223,Legs,3,19,6.0
user_000043,2026-07-29,52.1,2433,83,388,61,59,5,14431,Rest,,,7.6
user_000043,2026-07-30,51.9,1812,105,258,40,21,3,9921,Push,1,20,6.7
user_000043,2026-07-31,51.8,2026,85,291,58,34,4,12096,Upper,1,10,7.1
user_000043,2026-08-01,51.6,2045,85,307,53,58,4,5350,Rest,,,6.0
user_000043,2026-08-02,51.4,1779,89,268,39,4,1,9396,Rest,,,6.6
user_000043,2026-08-03,51.4,2138,100,295,62,47,5,12892,Pull,5,14,6.1
user_000043,2026-08-04,51.5,2098,105,298,54,45,4,9791,Upper,1,9,7.6
user_000043,2026-08-05,51.8,1683,87,237,43,22,2,11363,Pull,1,18,6.8
user_000043,2026-08-06,52.0,1421,87,185,37,25,3,5272,Push,4,6,8.5
user_000043,2026-08-07,51.9,2031,106,287,51,32,4,14964,Rest,,,8.1
user_000043,2026-08-08,52.1,2177,109,298,61,29,5,8737,Upper,3,19,5.9
user_000043,2026-08-09,52.2,2154,91,335,50,46,5,14217,Pull,2,10,5.9
user_000043,2026-08-10,52.0,1937,85,280,53,2,1,13928,Upper,0,17,8.3
user_000043,2026-08-11,52.1,1861,111,226,57,42,2,11920,Pull,4,20,6.6
user_000043,2026-08-12,52.3,1880,97,247,56,53,3,15723,Pull,5,16,6.8
user_000043,2026-08-13,52.1,1532,107,195,36,37,1,15466,Rest,,,9.0
user_000043,2026-08-14,51.8,1445,109,169,37,45,5,8637,Upper,5,19,8.9
user_000043,2026-08-15,51.5,1247,98,126,39,15,3,12341,Pull,5,13,8.9
user_000043,2026-08-16,51.3,1602,108,207,38,58,5,8209,Rest,,,5.6
user_000043,2026-08-17,51.3,1210,84,142,34,6,1,17818,Upper,0,19,6.2
user_000043,2026-08-18,51.0,1125,84,141,25,56,1,16633,Rest,,,8.5
user_000043,2026-08-19,50.6,1364,93,167,36,24,5,5541,Push,1,14,7.4
user_000043,2026-08-20,50.6,1320,97,161,32,31,4,13679,Push,2,20,6.6
user_000043,2026-08-21,50.7,1514,100,166,50,31,3,13553,Upper,2,18,8.8
user_000043,2026-08-22,50.6,1757,98,231,49,47,4,16990,Legs,0,16,7.0
user_000043,2026-08-23,50.3,1533,94,179,49,58,3,3194,Push,3,13,8.7
user_000043,2026-08-24,50.0,1277,93,134,41,3,2,13358,Upper,5,19,7.9
user_000043,2026-08-25,50.0,1098,88,119,30,21,1,8771,Pull,1,20,7.8
user_000043,2026-08-26,50.0,1793,88,241,53,23,5,12659,Pull,2,20,6.5
user_000043,2026-08-27,49.9,1515,90,183,47,60,2,16636,Rest,,,8.2
user_000043,2026-08-28,49.7,1219,81,145,35,29,2,10773,Push,4,20,7.8
user_000043,2026-08-29,49.5,1577,86,216,41,50,3,8596,Legs,5,15,8.0
user_000043,2026-08-30,49.6,1329,104,154,33,33,1,7640,Upper,4,18,8.6
user_000043,2026-08-31,49.3,1190,96,143,26,47,4,3956,Rest,,,6.6
user_000043,2026-09-01,49.3,1554,101,184,46,46,3,11663,Pull,3,8,5.9
user_000043,2026-09-02,49.3,1892,87,260,56,53,5,13872,Push,0,8,6.4
user_000043,2026-09-03,49.3,1160,98,120,32,13,3,7606,Pull,4,20,6.8
user_000043,2026-09-04,49.6,1636,108,184,52,23,3,17709,Rest,,,7.9
user_000043,2026-09-05,49.4,1228,82,162,28,47,3,8630,Legs,1,7,8.9
user_000043,2026-09-06,49.6,1181,105,116,33,3,5,12156,Legs,0,18,8.0
user_000043,2026-09-07,49.6,1330,108,148,34,3,3,11578,Pull,1,15,6.1
user_000043,2026-09-08,49.4,1156,97,111,36,12,5,12687,Rest,,,7.6
user_000043,2026-09-09,49.2,1218,91,146,30,6,1,13220,Rest,,,6.6
user_000043,2026-09-10,49.0,1138,94,132,26,15,4,8835,Push,0,8,8.7
user_000043,2026-09-11,48.7,1238,89,135,38,35,2,9551,Upper,4,10,7.9
user_000043,2026-09-12,48.4,1211,102,113,39,49,1,13671,Rest,,,8.5
user_000043,2026-09-13,48.4,1273,104,140,33,21,2,16759,Upper,2,10,7.8
user_000043,2026-09-14,48.4,1207,102,112,39,2,5,7296,Push,2,9,6.9
user_000043,2026-09-15,48.4,1512,88,182,48,48,5,11893,Push,1,20,8.5
user_000043,2026-09-16,48.4,1301,87,164,33,46,1,14155,Pull,0,12,8.9
user_000043,2026-09-17,48.5,1450,97,180,38,29,4,8294,Upper,3,18,6.0
user_000043,2026-09-18,48.5,1067,84,122,27,26,3,5418,Rest,,,6.0
user_000043,2026-09-19,48.5,1585,94,210,41,23,2,17371,Push,4,10,7.1
user_000043,2026-09-20,48.4,1463,88,190,39,59,5,3882,Push,1,6,6.1
user_000043,2026-09-21,48.5,1126,79,135,30,3,2,13469,Rest,,,6.3
user_000043,2026-09-22,48.6,1230,84,156,30,5,4,9581,Rest,,,8.6
user_000043,2026-09-23,48.4,1126,101,104,34,37,1,10216,Legs,2,8,7.0
user_000043,2026-09-24,48.5,1303,88,141,43,23,5,8023,Legs,0,16,8.2
user_000043,2026-09-25,48.4,1214,81,155,30,15,2,5301,Legs,5,9,6.0
user_000043,2026-09-26,48.3,1063,87,109,31,51,1,12594,Push,2,13,6.8
user_000043,2026-09-27,48.1,1088,81,137,24,8,4,8944,Rest,,,5.7
user_000043,2026-09-28,47.8,1609,88,195,53,53,3,15979,Legs,4,8,6.0
user_000043,2026-09-29,48.0,1541,81,203,45,52,2,14305,Rest,,,6.9
user_000043,2026-09-30,48.0,1296,83,151,40,29,4,8189,Push,2,19,5.6
user_000043,2026-10-01,48.1,1542,88,212,38,21,2,15723,Legs,1,20,6.7
user_000043,2026-10-02,48.1,1062,83,124,26,1,3,7396,Upper,5,17,7.2
user_000043,2026-10-03,48.2,1502,89,174,50,30,5,8116,Pull,2,9,7.4
user_000043,2026-10-04,47.9,1158,91,122,34,8,1,10338,Legs,0,18,7.2
user_000043,2026-10-05,47.8,1058,96,110,26,13,3,7075,Pull,4,12,6.6
user_000043,2026-10-06,47.9,1058,102,95,30,47,1,5719,Push,5,15,8.9
user_000043,2026-10-07,47.8,1264,95,158,28,12,4,16447,Upper,4,8,8.4
user_000043,2026-10-08,47.6,1130,98,108,34,25,4,5098,Pull,4,20,5.9
user_000043,2026-10-09,47.8,1059,84,111,31,11,3,5504,Legs,3,9,8.1
user_000043,2026-10-10,47.6,1293,84,156,37,26,4,8896,Rest,,,7.7
user_000043,2026-10-11,47.6,1240,80,167,28,19,2,17632,Push,0,16,5.8
user_000043,2026-10-12,47.4,1058,97,91,34,2,1,16875,Upper,1,8,7.8
user_000043,2026-10-13,47.2,1325,79,178,33,32,3,5334,Upper,4,18,6.2
user_000043,2026-10-14,47.1,1172,83,129,36,36,1,8224,Pull,1,6,6.8
user_000043,2026-10-15,47.0,1233,79,155,33,24,2,6412,Pull,1,13,8.4
user_000043,2026-10-16,46.7,1557,101,178,49,37,5,16203,Legs,2,10,7.3
user_000043,2026-10-17,46.9,1267,99,139,35,20,1,15551,Pull,1,13,7.2
user_000043,2026-10-18,46.9,1228,100,126,36,3,3,14487,Rest,,,8.0
user_000043,2026-10-19,46.6,1318,97,156,34,5,2,13513,Push,3,14,6.2
user_000043,2026-10-20,46.8,1047,84,126,23,9,2,6558,Rest,,,6.2
user_000043,2026-10-21,46.5,1293,94,137,41,28,3,8958,Rest,,,6.6
user_000043,2026-10-22,46.5,1402,77,170,46,28,1,8919,Rest,,,5.8
user_000043,2026-10-23,46.4,1192,91,126,36,2,5,15743,Rest,,,6.0
user_000043,2026-10-24,46.6,1471,90,190,39,22,5,13313,Upper,1,17,5.9
user_000043,2026-10-25,46.7,1332,100,143,40,35,5,3611,Legs,1,18,6.2
user_000043,2026-10-26,46.8,1187,76,151,31,41,2,7447,Push,2,19,5.6
user_000043,2026-10-27,47.0,1425,93,180,37,39,3,15234,Rest,,,7.2
user_000043,2026-10-28,47.2,1107,78,129,31,11,1,9206,Push,5,10,6.7
user_000043,2026-10-29,47.1,1212,100,122,36,35,5,5095,Rest,,,7.7
user_000043,2026-10-30,47.1,1155,99,129,27,57,2,4979,Upper,2,15,6.1
user_000043,2026-10-31,46.8,1671,79,251,39,23,5,17357,Upper,2,20,7.2
user_000043,2026-11-01,46.5,1123,89,113,35,40,3,11205,Legs,4,14,8.3
user_000043,2026-11-02,46.6,1046,77,117,30,38,3,12106,Legs,5,17,8.8
user_000043,2026-11-03,46.7,1311,79,161,39,45,1,14659,Legs,0,19,7.3
user_000043,2026-11-04,46.5,1310,101,150,34,26,1,15052,Legs,0,8,7.7
user_000043,2026-11-05,46.3,1079,96,95,35,50,1,4692,Upper,0,7,5.7
user_000043,2026-11-06,46.5,1170,75,159,26,29,3,11487,Rest,,,6.9
user_000043,2026-11-07,46.6,1501,87,205,37,25,4,16793,Legs,3,14,9.0
user_000043,2026-11-08,46.6,1063,77,137,23,7,2,11594,Upper,3,16,8.5
user_000043,2026-11-09,46.8,1408,82,180,40,46,4,6320,Upper,4,7,7.0
user_000043,2026-11-10,46.7,1050,98,106,26,1,5,5659,Rest,,,5.7
user_000043,2026-11-11,46.8,1477,101,176,41,2,2,16763,Pull,1,16,7.2
user_000043,2026-11-12,47.0,1300,101,152,32,34,3,5823,Rest,,,9.0
user_000043,2026-11-13,47.1,1546,76,216,42,42,3,15592,Rest,,,8.1
user_000043,2026-11-14,47.0,1441,77,200,37,45,2,10853,Pull,5,10,7.7
user_000043,2026-11-15,47.0,1052,79,112,32,41,1,3514,Push,0,14,7.4
user_000043,2026-11-16,46.6,1235,81,158,31,47,2,16261,Upper,2,16,5.5
user_000043,2026-11-17,46.5,1390,84,178,38,13,3,10864,Upper,4,12,5.6
user_000043,2026-11-18,46.6,1467,82,188,43,9,1,14641,Legs,3,15,7.1
user_000043,2026-11-19,46.4,1107,101,115,27,2,4,9873,Upper,4,15,6.9
user_000043,2026-11-20,46.1,1179,98,127,31,10,1,5854,Upper,0,10,8.8
user_000043,2026-11-21,46.3,1467,90,189,39,31,3,16623,Push,3,15,6.7
user_000043,2026-11-22,46.2,1428,98,178,36,12,5,6779,Upper,1,13,6.4
user_000043,2026-11-23,46.1,1110,96,114,30,7,1,3360,Legs,0,18,7.1
user_000043,2026-11-24,46.0,1140,85,119,36,35,2,13095,Rest,,,8.0
user_000043,2026-11-25,46.1,1244,92,129,40,4,4,12343,Legs,5,13,8.6
user_000043,2026-11-26,45.9,1044,88,110,28,0,2,3492,Rest,,,8.5
user_000043,2026-11-27,46.1,1316,86,171,32,27,1,17347,Upper,2,6,6.1
user_000044,2026-07-01,51.4,1318,98,155,34,7,1,17399,Upper,4,19,7.6
user_000044,2026-07-02,51.2,1198,86,137,34,58,2,6621,Pull,3,16,8.3
user_000044,2026-07-03,51.1,1089,93,123,25,35,2,5302,Pull,5,18,7.5
user_000044,2026-07-04,51.1,1227,105,114,39,5,4,14513,Rest,,,8.9
user_000044,2026-07-05,50.9,1118,107,96,34,2,5,6756,Legs,5,19,7.7
user_000044,2026-07-06,50.6,1465,92,173,45,7,4,17349,Push,3,17,8.5
user_000044,2026-07-07,50.8,1423,92,194,31,27,3,7588,Legs,0,13,7.2
user_000044,2026-07-08,50.7,1083,82,119,31,7,4,10454,Pull,4,11,5.8
user_000044,2026-07-09,50.7,1460,82,202,36,54,3,4625,Upper,2,16,8.6
user_000044,2026-07-10,50.5,1559,97,178,51,29,5,3418,Rest,,,5.8
user_000044,2026-07-11,50.3,1387,106,144,43,33,5,16212,Pull,3,9,5.9
user_000044,2026-07-12,50.1,1240,100,138,32,21,2,8882,Pull,2,18,6.8
user_000044,2026-07-13,49.8,1309,109,144,33,19,3,13858,Pull,0,6,7.3
user_000044,2026-07-14,49.5,1444,106,165,40,49,3,5753,Rest,,,8.0
user_000044,2026-07-15,49.5,1131,94,119,31,0,4,10116,Pull,1,7,7.8
user_000044,2026-07-16,49.4,1309,86,167,33,7,2,15939,Rest,,,7.3
user_000044,2026-07-17,49.4,1691,85,223,51,13,3,17153,Rest,,,7.2
user_000044,2026-07-18,49.3,1107,90,108,35,34,1,7435,Legs,0,14,6.6
user_000044,2026-07-19,49.1,1243,86,137,39,22,2,9850,Rest,,,5.9
user_000044,2026-07-20,49.1,1786,86,257,46,47,5,17790,Upper,2,9,8.8
user_000044,2026-07-21,49.2,1813,85,240,57,53,3,17035,Legs,2,9,7.3
user_000044,2026-07-22,49.0,1701,91,233,45,52,3,17803,Upper,0,6,7.8
user_000044,2026-07-23,48.9,1225,94,138,33,4,5,17366,Upper,4,18,8.4
user_000044,2026-07-24,49.1,1414,80,170,46,13,4,11143,Upper,0,15,8.5
user_000044,2026-07-25,49.0,1072,97,117,24,18,2,7002,Push,2,20,7.6
user_000044,2026-07-26,48.9,1116,107,100,32,14,1,14602,Rest,,,5.8
user_000044,2026-07-27,48.8,1340,94,151,40,60,1,5215,Push,5,9,8.7
user_000044,2026-07-28,48.9,1312,86,170,32,27,1,12433,Rest,,,8.2
user_000044,2026-07-29,48.6,1501,103,180,41,36,3,14190,Upper,0,7,6.1
user_000044,2026-07-30,48.6,1441,100,186,33,51,2,9862,Legs,4,20,8.5
user_000044,2026-07-31,48.4,1334,97,160,34,8,4,17481,Upper,2,17,6.1
user_000044,2026-08-01,48.0,1065,88,104,33,1,1,6786,Rest,,,8.8
user_000044,2026-08-02,48.2,1666,86,245,38,38,5,8609,Pull,1,6,6.8
user_000044,2026-08-03,47.9,1224,103,131,32,14,4,9884,Rest,,,7.2
user_000044,2026-08-04,47.7,1335,79,158,43,43,1,15349,Pull,5,14,6.0
user_000044,2026-08-05,47.5,1505,81,212,37,25,5,12550,Pull,3,10,8.0
user_000044,2026-08-06,47.4,1481,94,193,37,12,5,13269,Upper,5,12,6.9
user_000044,2026-08-07,47.2,1431,86,175,43,8,5,11635,Push,4,13,7.7
user_000044,2026-08-08,47.2,1695,96,222,47,52,5,7017,Rest,,,5.9
user_000044,2026-08-09,47.3,1440,101,160,44,48,2,12178,Pull,2,17,5.9
user_000044,2026-08-10,47.4,1237,75,160,33,23,1,14113,Upper,4,9,5.7
user_000044,2026-08-11,47.5,1163,97,133,27,17,4,15405,Rest,,,7.6
user_000044,2026-08-12,47.2,1579,96,193,47,32,3,15651,Push,5,7,8.5
user_000044,2026-08-13,47.2,1094,86,111,34,31,3,17223,Rest,,,6.8
user_000044,2026-08-14,47.5,1390,78,184,38,1,1,16877,Rest,,,5.7
user_000044,2026-08-15,47.2,1728,95,211,56,42,5,11412,Legs,1,9,8.4
user_000044,2026-08-16,47.1,1451,97,160,47,59,2,15405,Legs,4,15,8.2
user_000044,2026-08-17,47.3,1147,81,127,35,32,3,6405,Push,4,8,6.8
user_000044,2026-08-18,47.0,1257,94,128,41,13,5,5421,Legs,4,7,5.5
user_000044,2026-08-19,46.9,1257,96,126,41,30,4,5051,Pull,0,11,5.7
user_000044,2026-08-20,46.5,1305,94,167,29,21,2,12913,Rest,,,5.8
user_000044,2026-08-21,46.7,1431,89,181,39,47,3,6473,Pull,3,6,6.8
user_000044,2026-08-22,46.5,1802,85,235,58,49,5,9543,Legs,5,17,7.7
user_000044,2026-08-23,46.3,1762,99,238,46,60,5,10771,Push,2,16,9.0
user_000044,2026-08-24,46.4,1933,74,290,53,57,5,6951,Upper,3,16,8.6
user_000044,2026-08-25,46.3,1177,98,131,29,8,2,11367,Pull,3,14,6.5
user_000044,2026-08-26,46.1,1626,96,225,38,14,5,14540,Legs,0,12,5.6
user_000044,2026-08-27,46.3,1492,93,172,48,33,4,6047,Upper,5,15,7.5
user_000044,2026-08-28,46.4,1246,83,143,38,57,1,5655,Rest,,,6.1
user_000044,2026-08-29,46.2,1526,74,195,50,60,4,10360,Legs,4,8,7.5
user_000044,2026-08-30,46.3,1299,86,142,43,40,1,13908,Rest,,,7.2
user_000044,2026-08-31,46.2,2048,77,318,52,32,5,16849,Rest,,,6.7
user_000044,2026-09-01,46.4,1559,74,219,43,36,2,8228,Rest,,,6.2
user_000044,2026-09-02,46.4,1546,93,190,46,14,5,7650,Push,1,13,7.2
user_000044,2026-09-03,46.5,2077,77,296,65,59,3,15053,Push,2,15,6.5
user_000044,2026-09-04,46.6,1518,82,194,46,24,4,3296,Upper,5,14,8.6
user_000044,2026-09-05,46.8,1838,92,264,46,52,3,9838,Push,1,17,8.8
user_000044,2026-09-06,46.8,2045,95,270,65,45,3,14267,Pull,1,15,6.4
user_000044,2026-09-07,46.9,1986,102,255,62,41,3,10825,Rest,,,8.7
user_000044,2026-09-08,46.7,2011,96,292,51,26,2,15137,Legs,5,9,6.8
user_000044,2026-09-09,46.7,1748,99,230,48,27,1,10653,Upper,2,16,8.7
user_000044,2026-09-10,46.8,1738,87,235,50,6,4,14002,Rest,,,8.0
user_000044,2026-09-11,47.1,1667,87,206,55,25,3,9008,Legs,3,14,8.3
user_000044,2026-09-12,47.1,1764,82,260,44,59,4,4390,Legs,1,11,8.8
user_000044,2026-09-13,47.4,1956,93,288,48,15,5,15961,Upper,5,13,8.5
user_000044,2026-09-14,47.7,1585,102,202,41,12,1,5782,Upper,4,15,6.2
user_000044,2026-09-15,47.9,1558,92,212,38,7,2,4535,Push,4,14,7.5
user_000044,2026-09-16,47.6,1462,104,185,34,45,1,3367,Legs,3,13,8.2
user_000044,2026-09-17,47.9,1611,89,226,39,9,4,4311,Upper,0,17,6.3
user_000044,2026-09-18,47.6,1787,77,264,47,11,4,4778,Rest,,,8.6
user_000044,2026-09-19,47.3,1504,100,186,40,31,1,3898,Legs,0,10,5.6
user_000044,2026-09-20,47.2,1860,83,274,48,6,1,17482,Upper,0,8,6.3
user_000044,2026-09-21,47.1,2106,103,275,66,38,5,14688,Legs,3,12,6.9
user_000044,2026-09-22,47.2,1840,87,247,56,30,1,5589,Push,3,12,8.2
user_000044,2026-09-23,47.4,2028,96,276,60,33,5,4155,Pull,2,11,5.6
user_000044,2026-09-24,47.2,1474,93,190,38,8,1,10235,Rest,,,5.9
user_000044,2026-09-25,47.5,2007,94,275,59,52,4,4108,Push,2,18,6.1
user_000044,2026-09-26,47.5,1361,95,162,37,28,2,4968,Push,0,10,8.0
user_000044,2026-09-27,47.5,1363,99,145,43,1,5,7279,Rest,,,6.6
user_000044,2026-09-28,47.7,2133,79,299,69,26,5,15483,Legs,2,17,7.7
user_000044,2026-09-29,47.9,1996,97,294,48,44,5,6946,Upper,0,14,5.7
user_000044,2026-09-30,48.1,1894,82,297,42,41,3,17503,Legs,2,19,6.8
user_000044,2026-10-01,47.8,1809,78,264,49,60,1,10104,Push,0,6,7.5
user_000044,2026-10-02,47.7,1442,84,173,46,11,3,3995,Pull,0,14,8.8
user_000044,2026-10-03,47.9,1812,103,242,48,37,1,17333,Upper,3,9,5.7
user_000044,2026-10-04,48.1,1733,90,224,53,35,2,9427,Upper,2,14,7.0
user_000044,2026-10-05,48.3,2209,92,296,73,34,4,10629,Push,1,18,7.8
user_000044,2026-10-06,48.4,1815,81,276,43,56,2,9947,Pull,4,10,5.7
user_000044,2026-10-07,48.3,1850,79,262,54,40,1,6138,Push,4,9,6.8
user_000044,2026-10-08,48.2,1975,92,278,55,33,1,15950,Upper,4,18,5.9
user_000044,2026-10-09,48.1,1900,93,283,44,7,5,16723,Upper,2,9,6.3
user_000044,2026-10-10,48.2,1690,81,220,54,53,3,3406,Push,1,17,7.0
user_000044,2026-10-11,48.3,2064,88,311,52,43,4,12742,Upper,1,17,5.5
user_000044,2026-10-12,48.2,1823,80,279,43,45,3,16150,Upper,4,7,6.7
user_000044,2026-10-13,48.1,1572,99,204,40,16,5,10753,Upper,2,12,6.9
user_000044,2026-10-14,48.0,1717,91,237,45,3,2,8284,Push,0,6,6.2
user_000044,2026-10-15,47.9,2150,93,305,62,24,4,11598,Rest,,,8.2
user_000044,2026-10-16,48.2,1854,85,284,42,0,4,16745,Upper,2,9,7.2
user_000044,2026-10-17,48.5,2050,82,291,62,11,5,14089,Rest,,,6.5
user_000044,2026-10-18,48.8,2128,104,320,48,50,4,6600,Push,3,8,7.1
user_000044,2026-10-19,48.6,1605,102,207,41,58,1,12159,Pull,5,11,8.6
user_000044,2026-10-20,48.8,2103,80,295,67,43,2,16703,Pull,2,12,7.1
user_000044,2026-10-21,48.8,1784,82,256,48,28,2,13188,Push,2,13,6.8
user_000044,2026-10-22,48.8,1815,81,240,59,51,2,11504,Push,2,9,5.7
user_000044,2026-10-23,48.8,1968,80,286,56,25,3,7303,Legs,1,11,7.4
user_000044,2026-10-24,48.8,1896,84,273,52,29,3,16448,Pull,4,10,6.0
user_000044,2026-10-25,49.1,1765,97,252,41,32,1,4483,Legs,0,17,7.7
user_000044,2026-10-26,48.8,1900,107,233,60,52,2,14007,Upper,2,15,8.0
user_000044,2026-10-27,49.1,1885,85,258,57,51,1,14519,Legs,1,10,5.9
user_000044,2026-10-28,49.2,1840,105,238,52,7,3,14101,Upper,5,11,7.1
user_000044,2026-10-29,49.0,1824,100,230,56,11,3,9019,Legs,1,12,7.0
user_000044,2026-10-30,48.9,2019,105,294,47,19,2,17465,Legs,2,6,7.3
user_000044,2026-10-31,49.2,2319,102,327,67,34,5,15804,Rest,,,7.7
user_000044,2026-11-01,49.0,1985,97,280,53,49,2,13768,Legs,5,9,7.0
user_000044,2026-11-02,48.9,1994,105,254,62,32,2,11991,Rest,,,8.1
user_000044,2026-11-03,49.2,1657,79,252,37,47,1,15358,Push,4,13,6.7
user_000044,2026-11-04,49.4,1929,85,278,53,21,4,15284,Legs,0,16,6.0
user_000044,2026-11-05,49.6,1650,91,236,38,11,1,4840,Pull,4,6,6.8
user_000044,2026-11-06,49.6,2042,104,303,46,35,3,17234,Pull,2,19,6.0
user_000044,2026-11-07,49.4,1761,91,230,53,47,2,8357,Pull,2,14,7.7
user_000044,2026-11-08,49.3,1944,103,257,56,20,2,11637,Upper,5,11,8.8
user_000044,2026-11-09,49.2,1946,104,279,46,36,3,10615,Push,4,6,6.9
user_000044,2026-11-10,49.1,1966,83,287,54,19,2,14787,Legs,1,19,8.7
user_000044,2026-11-11,49.4,2112,95,280,68,31,3,13402,Push,4,6,8.4
user_000044,2026-11-12,49.2,1741,100,243,41,9,3,13830,Rest,,,8.7
user_000044,2026-11-13,48.9,1536,79,224,36,15,4,6706,Rest,,,7.6
user_000044,2026-11-14,48.9,1786,83,242,54,18,1,10617,Rest,,,6.4
user_000044,2026-11-15,48.8,1838,95,270,42,21,5,7297,Legs,1,17,5.6
user_000044,2026-11-16,48.6,1772,103,241,44,57,1,16064,Legs,1,12,7.0
user_000044,2026-11-17,48.4,2155,94,303,63,45,5,4774,Push,4,12,6.2
user_000044,2026-11-18,48.4,2030,104,300,46,47,2,12960,Upper,5,10,5.5
user_000044,2026-11-19,48.6,2012,85,319,44,11,5,17431,Rest,,,6.6
user_000044,2026-11-20,48.4,1898,79,256,62,49,3,13006,Rest,,,7.1
user_000044,2026-11-21,48.1,2042,95,303,50,52,4,9283,Push,3,6,8.6
user_000044,2026-11-22,48.4,1831,91,261,47,22,2,14724,Upper,4,10,5.5
user_000044,2026-11-23,48.6,1788,93,237,52,11,2,11789,Push,2,9,5.8
user_000044,2026-11-24,48.4,1621,106,189,49,13,5,12044,Pull,2,17,5.6
user_000044,2026-11-25,48.6,2084,105,281,60,44,3,9255,Legs,5,17,6.0
user_000044,2026-11-26,48.9,1982,86,288,54,23,1,16221,Rest,,,5.6
user_000044,2026-11-27,48.9,2148,96,306,60,55,5,4004,Rest,,,9.0
user_000045,2026-07-01,51.7,2477,100,373,65,52,5,8144,Legs,3,12,5.5
user_000045,2026-07-02,51.5,1639,109,186,51,0,4,11843,Pull,0,19,6.0
user_000045,2026-07-03,51.5,1530,110,178,42,40,1,15476,Legs,4,9,7.6
user_000045,2026-07-04,51.3,1878,104,271,42,31,5,12426,Push,1,8,7.6
user_000045,2026-07-05,51.5,1898,111,251,50,25,5,10394,Push,0,16,7.0
user_000045,2026-07-06,51.6,1684,101,203,52,15,1,7585,Legs,0,7,7.6
user_000045,2026-07-07,51.4,1997,110,252,61,21,2,12047,Push,4,8,8.2
user_000045,2026-07-08,51.2,1966,100,261,58,56,3,15161,Upper,5,12,6.7
user_000045,2026-07-09,51.0,2027,82,310,51,29,2,7425,Pull,5,14,6.8
user_000045,2026-07-10,50.8,2322,102,357,54,38,5,5888,Rest,,,8.2
user_000045,2026-07-11,50.9,1885,99,244,57,19,5,8085,Pull,5,8,8.3
user_000045,2026-07-12,50.8,1933,100,246,61,13,4,9747,Rest,,,8.3
user_000045,2026-07-13,50.8,1795,108,208,59,38,2,7993,Upper,0,7,8.7
user_000045,2026-07-14,50.7,2071,100,294,55,59,5,9495,Upper,0,17,8.4
user_000045,2026-07-15,50.6,1620,102,186,52,12,2,11008,Push,3,6,7.2
user_000045,2026-07-16,50.4,2014,91,264,66,5,1,14844,Legs,5,16,6.4
user_000045,2026-07-17,50.6,2031,106,269,59,48,2,15364,Legs,1,16,8.8
user_000045,2026-07-18,50.7,1829,97,232,57,18,1,9959,Legs,2,17,7.3
user_000045,2026-07-19,50.6,1888,84,271,52,10,1,14925,Upper,5,12,6.9
user_000045,2026-07-20,50.8,1872,104,238,56,2,4,5793,Push,1,10,7.0
user_000045,2026-07-21,51.0,2152,89,323,56,50,4,16993,Pull,3,20,9.0
user_000045,2026-07-22,50.8,1902,107,274,42,1,3,13447,Rest,,,8.4
user_000045,2026-07-23,50.8,2426,105,362,62,55,5,14521,Rest,,,7.5
user_000045,2026-07-24,50.8,2059,85,306,55,48,2,10899,Legs,2,8,6.2
user_000045,2026-07-25,50.9,2401,101,326,77,33,5,14471,Legs,5,18,8.3
user_000045,2026-07-26,50.6,1887,84,264,55,4,3,14465,Upper,2,10,8.3
user_000045,2026-07-27,50.9,1664,84,242,40,20,2,5922,Legs,2,13,7.9
user_000045,2026-07-28,50.6,1587,96,204,43,9,1,9005,Pull,2,13,6.8
user_000045,2026-07-29,50.9,1616,81,206,52,48,2,4962,Upper,4,14,6.1
user_000045,2026-07-30,51.0,1911,102,279,43,35,4,12237,Rest,,,8.2
user_000045,2026-07-31,51.0,1529,98,174,49,6,3,16580,Rest,,,8.0
user_000045,2026-08-01,50.7,1959,103,281,47,53,1,17428,Rest,,,7.4
user_000045,2026-08-02,50.9,1829,105,224,57,11,2,11897,Upper,3,15,8.8
user_000045,2026-08-03,50.7,2115,86,292,67,42,4,9614,Push,0,10,9.0
user_000045,2026-08-04,51.0,1788,103,218,56,28,1,16216,Push,1,20,8.7
user_000045,2026-08-05,51.1,1477,93,193,37,0,1,4104,Push,0,19,7.2
user_000045,2026-08-06,50.8,1419,85,191,35,6,4,3744,Legs,2,12,6.9
user_000045,2026-08-07,50.7,2360,86,342,72,27,5,14626,Legs,4,15,6.5
user_000045,2026-08-08,50.7,1829,93,272,41,50,3,11338,Push,1,6,8.2
user_000045,2026-08-09,50.6,2019,86,277,63,29,5,5091,Upper,1,16,7.4
user_000045,2026-08-10,50.8,1956,101,244,64,29,3,14615,Upper,3,15,6.5
user_000045,2026-08-11,50.9,2221,94,333,57,45,3,17442,Legs,3,12,6.9
user_000045,2026-08-12,51.1,1674,110,196,50,60,1,10799,Legs,5,14,8.3
user_000045,2026-08-13,51.3,2147,105,299,59,53,3,12704,Pull,1,12,8.8
user_000045,2026-08-14,51.3,2140,106,285,64,44,3,13465,Upper,1,20,8.2
user_000045,2026-08-15,51.1,1818,96,237,54,15,5,11348,Rest,,,8.8
user_000045,2026-08-16,51.4,1961,104,276,49,6,2,16666,Legs,0,10,6.6
user_000045,2026-08-17,51.1,1804,96,238,52,27,2,7946,Upper,3,6,8.3
user_000045,2026-08-18,51.4,2714,111,410,70,56,5,16241,Pull,2,20,5.6
user_000045,2026-08-19,51.4,2061,96,282,61,55,2,9663,Rest,,,5.5
user_000045,2026-08-20,51.3,2615,98,378,79,39,5,13348,Pull,1,20,8.5
user_000045,2026-08-21,51.5,1816,95,224,60,0,5,11683,Pull,0,9,8.3
user_000045,2026-08-22,51.4,2279,87,341,63,31,5,13300,Rest,,,7.1
user_000045,2026-08-23,51.5,2259,83,358,55,43,5,3411,Rest,,,8.1
user_000045,2026-08-24,51.5,2619,82,395,79,58,5,12410,Pull,4,10,7.8
user_000045,2026-08-25,51.3,1954,110,257,54,31,3,16767,Pull,4,19,8.6
user_000045,2026-08-26,51.1,1968,105,279,48,54,3,17058,Upper,1,20,6.6
user_000045,2026-08-27,51.2,1729,108,232,41,13,2,7705,Legs,1,17,8.3
user_000045,2026-08-28,51.1,1699,105,223,43,38,1,6240,Pull,4,17,6.5
user_000045,2026-08-29,51.3,2497,90,379,69,59,5,8526,Rest,,,6.5
user_000045,2026-08-30,51.3,1512,83,214,36,9,5,3322,Upper,0,10,6.9
user_000045,2026-08-31,51.6,1870,110,245,50,60,2,5318,Rest,,,8.2
user_000045,2026-09-01,51.9,2256,88,323,68,40,4,6858,Rest,,,5.5
user_000045,2026-09-02,52.1,2223,105,327,55,28,5,15556,Legs,5,6,7.8
user_000045,2026-09-03,52.4,1830,112,242,46,25,4,9135,Upper,4,10,7.9
user_000045,2026-09-04,52.6,1877,112,256,45,6,2,13847,Push,1,8,5.8
user_000045,2026-09-05,52.7,1897,96,259,53,45,3,8065,Upper,4,15,8.6
user_000045,2026-09-06,52.5,1744,101,236,44,22,5,4488,Push,3,10,5.9
user_000045,2026-09-07,52.6,2173,90,307,65,50,2,15938,Pull,3,9,8.2
user_000045,2026-09-08,52.6,1682,86,231,46,8,3,7534,Upper,1,10,6.5
user_000045,2026-09-09,52.9,2049,105,306,45,48,3,9933,Rest,,,8.1
user_000045,2026-09-10,52.9,2083,114,301,47,40,1,17679,Push,3,15,8.8
user_000045,2026-09-11,53.0,2152,85,318,60,39,1,15012,Rest,,,8.1
user_000045,2026-09-12,52.9,2158,90,301,66,45,3,6752,Upper,1,12,5.7
user_000045,2026-09-13,53.0,2054,96,296,54,37,2,16195,Rest,,,5.9
user_000045,2026-09-14,53.1,1977,91,293,49,19,4,8258,Pull,3,7,5.8
user_000045,2026-09-15,52.9,2511,115,326,83,23,5,15598,Legs,2,6,8.0
user_000045,2026-09-16,52.8,1867,103,249,51,54,1,10558,Pull,5,11,7.0
user_000045,2026-09-17,53.0,1791,103,239,47,32,1,8412,Legs,5,6,7.3
user_000045,2026-09-18,53.1,2383,109,318,75,27,5,16889,Legs,5,14,7.1
user_000045,2026-09-19,53.0,1709,86,222,53,33,1,7533,Legs,1,16,8.3
user_000045,2026-09-20,53.1,2387,114,323,71,60,5,10263,Upper,5,15,6.9
user_000045,2026-09-21,53.0,1475,94,187,39,12,2,5144,Rest,,,7.1
user_000045,2026-09-22,52.7,2184,99,330,52,50,3,12626,Pull,4,15,5.8
user_000045,2026-09-23,52.9,1725,108,231,41,6,3,9439,Legs,3,13,7.6
user_000045,2026-09-24,52.9,1745,106,211,53,10,5,12682,Rest,,,7.4
user_000045,2026-09-25,53.1,1741,91,216,57,46,2,8303,Pull,2,15,8.0
user_000045,2026-09-26,53.1,2123,99,308,55,48,1,17231,Pull,0,7,7.7
user_000045,2026-09-27,53.4,2361,87,348,69,35,4,12598,Upper,3,14,6.0
user_000045,2026-09-28,53.1,1614,101,199,46,34,3,6753,Push,3,14,8.8
user_000045,2026-09-29,53.2,1699,111,226,39,8,1,7417,Rest,,,7.0
user_000045,2026-09-30,53.1,2449,103,354,69,46,5,9266,Push,4,17,6.4
user_000045,2026-10-01,53.3,1941,110,247,57,18,2,3111,Upper,2,13,7.4
user_000045,2026-10-02,53.3,2108,98,294,60,51,4,6820,Push,2,14,6.8
user_000045,2026-10-03,53.3,2149,87,313,61,43,5,4228,Legs,5,20,8.1
user_000045,2026-10-04,53.5,1673,112,196,49,29,1,5130,Legs,2,15,7.0
user_000045,2026-10-05,53.8,1756,95,227,52,31,3,3782,Legs,2,9,5.7
user_000045,2026-10-06,53.9,1776,98,229,52,33,2,8635,Push,5,6,7.7
user_000045,2026-10-07,53.7,2100,92,325,48,40,3,17885,Push,3,8,6.8
user_000045,2026-10-08,53.4,1976,113,282,44,51,1,14541,Legs,0,7,7.2
user_000045,2026-10-09,53.2,2136,86,322,56,22,3,9812,Upper,1,19,7.6
user_000045,2026-10-10,53.1,1687,108,226,39,6,5,14571,Rest,,,5.8
user_000045,2026-10-11,52.9,2003,92,303,47,23,5,11863,Push,5,9,7.3
user_000045,2026-10-12,52.8,2019,92,307,47,36,5,13219,Push,2,7,5.9
user_000045,2026-10-13,52.9,1991,106,277,51,17,5,17404,Legs,1,6,6.2
user_000045,2026-10-14,52.9,2069,94,313,49,42,4,9412,Pull,5,19,6.5
user_000045,2026-10-15,52.9,2349,108,324,69,55,5,7364,Push,5,10,8.8
user_000045,2026-10-16,52.7,1869,96,252,53,4,5,17574,Pull,3,14,7.1
user_000045,2026-10-17,52.6,1695,103,215,47,4,1,3994,Push,1,11,6.2
user_000045,2026-10-18,52.9,1976,95,291,48,8,1,7127,Push,1,14,8.6
user_000045,2026-10-19,52.7,1742,107,225,46,19,5,5561,Upper,3,14,5.8
user_000045,2026-10-20,53.0,2070,113,292,50,56,2,10081,Push,2,11,5.8
user_000045,2026-10-21,53.2,1501,94,189,41,4,5,12145,Rest,,,5.7
user_000045,2026-10-22,53.5,1896,104,235,60,18,5,7580,Push,4,20,8.9
user_000045,2026-10-23,53.3,2170,114,298,58,57,3,16005,Upper,0,16,7.7
user_000045,2026-10-24,53.6,1421,86,186,37,0,2,5364,Push,2,7,7.9
user_000045,2026-10-25,53.5,2102,100,304,54,32,5,10112,Legs,3,16,8.7
user_000045,2026-10-26,53.7,2023,101,281,55,39,3,5186,Upper,4,20,5.9
user_000045,2026-10-27,53.5,2051,88,301,55,57,1,12286,Legs,0,8,7.5
user_000045,2026-10-28,53.8,1951,86,260,63,20,2,11573,Upper,2,12,8.8
user_000045,2026-10-29,53.8,2092,117,280,56,60,2,7202,Pull,3,8,6.3
user_000045,2026-10-30,53.6,1971,102,249,63,0,1,11137,Upper,5,14,6.1
user_000045,2026-10-31,53.4,1926,86,265,58,17,5,5767,Rest,,,8.6
user_000045,2026-11-01,53.2,2293,110,326,61,48,2,17491,Upper,1,13,7.1
user_000045,2026-11-02,53.0,1809,89,235,57,59,1,7654,Legs,2,17,7.4
user_000045,2026-11-03,53.2,2295,102,321,67,21,1,17383,Legs,4,11,8.8
user_000045,2026-11-04,52.9,1917,92,268,53,21,3,11561,Rest,,,6.4
user_000045,2026-11-05,52.6,1671,110,184,55,1,3,11124,Legs,4,11,6.2
user_000045,2026-11-06,52.4,1530,113,157,50,46,1,5268,Upper,4,8,5.9
user_000045,2026-11-07,52.3,1855,109,231,55,14,1,15164,Pull,5,12,8.2
user_000045,2026-11-08,52.2,2202,113,325,50,34,3,10769,Push,5,17,7.5
user_000045,2026-11-09,52.1,2005,98,302,45,15,4,11700,Pull,4,8,7.0
user_000045,2026-11-10,52.0,1593,107,181,49,26,1,5516,Pull,3,10,5.9
user_000045,2026-11-11,52.0,2286,94,311,74,55,5,6638,Rest,,,5.7
user_000045,2026-11-12,52.1,1788,106,215,56,0,4,13179,Upper,1,16,7.2
user_000045,2026-11-13,52.1,2115,97,308,55,57,1,16427,Pull,1,13,8.0
user_000045,2026-11-14,52.0,2262,94,323,66,27,3,10790,Legs,0,6,8.9
user_000045,2026-11-15,51.9,1506,89,193,42,4,4,5531,Push,3,17,6.0
user_000045,2026-11-16,51.7,1675,104,209,47,16,4,4954,Push,2,14,7.1
user_000045,2026-11-17,51.8,2147,89,315,59,38,2,14613,Push,5,8,6.3
user_000045,2026-11-18,52.1,1862,111,224,58,11,4,5163,Rest,,,6.2
user_000045,2026-11-19,52.1,1873,111,229,57,50,3,6222,Rest,,,8.8
user_000045,2026-11-20,52.3,2244,106,338,52,44,3,6210,Upper,1,7,8.4
user_000045,2026-11-21,52.6,1459,89,170,47,1,2,5208,Rest,,,7.8
user_000045,2026-11-22,52.5,1892,98,276,44,19,3,7593,Pull,2,7,7.9
user_000045,2026-11-23,52.2,1919,105,251,55,26,5,16039,Pull,4,8,6.7
user_000045,2026-11-24,52.1,2054,85,280,66,60,3,8780,Pull,1,16,5.6
user_000045,2026-11-25,52.4,1581,94,209,41,19,2,3767,Pull,5,10,6.5
user_000045,2026-11-26,52.6,2307,99,345,59,42,5,13043,Pull,5,15,6.9
user_000045,2026-11-27,52.3,1858,108,226,58,55,3,3175,Legs,5,13,9.0
user_000046,2026-07-01,51.4,1781,93,242,49,47,2,7910,Rest,,,6.6
user_000046,2026-07-02,51.4,1874,102,263,46,25,1,3607,Legs,4,8,8.1
user_000046,2026-07-03,51.4,2217,104,286,73,48,4,16913,Rest,,,6.8
user_000046,2026-07-04,51.2,1912,103,267,48,14,2,16960,Upper,0,17,6.3
user_000046,2026-07-05,51.5,1866,109,236,54,0,3,7047,Push,5,8,7.3
user_000046,2026-07-06,51.5,1846,109,222,58,1,5,12229,Pull,1,9,6.3
user_000046,2026-07-07,51.8,1538,112,196,34,6,5,3947,Legs,1,10,6.3
user_000046,2026-07-08,51.7,1752,85,245,48,25,2,3907,Rest,,,8.1
user_000046,2026-07-09,51.6,2095,84,289,67,6,5,15813,Rest,,,6.3
user_000046,2026-07-10,51.4,1537,109,183,41,8,2,7127,Rest,,,8.6
user_000046,2026-07-11,51.2,2069,105,284,57,43,4,9792,Pull,3,18,8.7
user_000046,2026-07-12,51.0,2121,82,320,57,47,5,7257,Rest,,,5.5
user_000046,2026-07-13,50.7,1945,82,267,61,48,3,11153,Pull,5,16,7.5
user_000046,2026-07-14,50.5,1839,110,253,43,2,2,11211,Rest,,,7.0
user_000046,2026-07-15,50.3,2212,109,291,68,44,5,4022,Rest,,,6.8
user_000046,2026-07-16,50.2,1447,83,173,47,8,4,4036,Push,4,6,7.4
user_000046,2026-07-17,50.0,1786,107,236,46,24,4,9241,Push,1,9,8.0
user_000046,2026-07-18,50.2,1349,87,167,37,10,1,3133,Rest,,,6.3
user_000046,2026-07-19,50.3,2389,110,323,73,51,3,12239,Pull,4,10,6.2
user_000046,2026-07-20,50.5,1980,97,281,52,38,3,12509,Rest,,,6.5
user_000046,2026-07-21,50.6,1678,85,231,46,22,3,3718,Legs,1,8,6.5
user_000046,2026-07-22,50.9,1996,104,260,60,27,3,11269,Legs,3,19,6.9
user_000046,2026-07-23,51.1,1689,88,215,53,4,5,6594,Legs,3,16,7.3
user_000046,2026-07-24,51.2,1966,88,264,62,23,3,11268,Push,2,7,6.6
user_000046,2026-07-25,51.2,1698,104,226,42,17,5,13753,Push,3,13,7.9
user_000046,2026-07-26,51.2,2752,107,419,72,59,5,16063,Pull,3,19,6.1
user_000046,2026-07-27,51.4,1828,107,242,48,24,2,15434,Pull,1,14,7.6
user_000046,2026-07-28,51.3,2146,101,296,62,47,4,12626,Upper,1,6,5.9
user_000046,2026-07-29,51.2,2604,94,404,68,60,5,12722,Legs,0,9,6.8
user_000046,2026-07-30,50.9,1389,99,156,41,2,1,3234,Rest,,,6.1
user_000046,2026-07-31,50.9,1633,97,228,37,17,2,11638,Legs,5,9,8.9
user_000046,2026-08-01,51.2,1733,105,209,53,25,1,9334,Push,4,13,7.0
user_000046,2026-08-02,51.4,1844,99,227,60,13,3,14041,Push,3,15,8.4
user_000046,2026-08-03,51.3,2154,97,311,58,48,4,16351,Legs,4,9,6.7
user_000046,2026-08-04,51.3,1925,103,259,53,25,4,10288,Upper,0,11,7.0
user_000046,2026-08-05,51.4,1849,111,232,53,1,2,13260,Push,3,19,8.6
user_000046,2026-08-06,51.3,1800,96,255,44,32,1,13545,Pull,4,15,8.8
user_000046,2026-08-07,51.5,2062,111,265,62,18,5,16184,Pull,5,16,6.6
user_000046,2026-08-08,51.2,1688,90,215,52,6,4,12989,Pull,0,13,6.3
user_000046,2026-08-09,51.3,2346,99,366,54,47,4,16569,Push,2,18,7.0
user_000046,2026-08-10,51.4,2427,96,360,67,48,5,14589,Push,4,15,6.0
user_000046,2026-08-11,51.3,1892,109,247,52,22,1,14767,Push,5,6,7.1
user_000046,2026-08-12,51.2,2178,96,309,62,57,4,13592,Rest,,,6.0
user_000046,2026-08-13,51.2,1819,109,213,59,28,1,9009,Push,0,8,6.7
user_000046,2026-08-14,51.0,2143,103,291,63,45,5,9642,Upper,4,15,5.8
user_000046,2026-08-15,51.1,1669,87,220,49,24,1,9236,Rest,,,6.5
user_000046,2026-08-16,51.2,1706,106,235,38,56,1,7663,Rest,,,5.8
user_000046,2026-08-17,51.0,2199,92,325,59,37,5,13731,Upper,0,20,7.8
user_000046,2026-08-18,51.1,2502,94,374,70,40,3,11494,Legs,4,10,8.7
user_000046,2026-08-19,51.1,1835,96,239,55,23,2,12547,Rest,,,7.1
user_000046,2026-08-20,51.4,2140,87,304,64,47,4,4355,Legs,3,11,7.8
user_000046,2026-08-21,51.4,1743,86,253,43,60,1,10158,Pull,4,15,6.3
user_000046,2026-08-22,51.4,2247,99,330,59,55,5,8149,Pull,0,15,7.2
user_000046,2026-08-23,51.4,1647,88,218,47,51,1,15887,Pull,5,20,6.7
user_000046,2026-08-24,51.2,1966,95,293,46,41,1,14453,Legs,0,18,6.5
user_000046,2026-08-25,51.5,2090,106,313,46,42,3,11875,Legs,5,7,8.1
user_000046,2026-08-26,51.6,1353,85,179,33,6,3,5887,Legs,3,16,8.8
user_000046,2026-08-27,51.3,1715,91,232,47,16,4,17220,Upper,5,19,6.8
user_000046,2026-08-28,51.1,2130,90,294,66,40,5,8280,Rest,,,7.6
user_000046,2026-08-29,51.2,1824,111,210,60,24,3,7020,Legs,4,9,7.0
user_000046,2026-08-30,51.1,1460,105,161,44,16,3,5923,Upper,3,18,8.7
user_000046,2026-08-31,51.2,1816,89,266,44,15,4,10452,Pull,5,12,8.1
user_000046,2026-09-01,51.0,1649,105,215,41,15,5,11785,Push,2,16,8.4
user_000046,2026-09-02,51.3,1974,87,285,54,0,4,10607,Pull,4,9,7.3
user_000046,2026-09-03,51.5,1866,108,228,58,4,3,7081,Upper,1,18,5.7
user_000046,2026-09-04,51.6,2193,82,356,49,9,4,9320,Push,4,10,7.4
user_000046,2026-09-05,51.5,1825,86,278,41,11,1,13848,Pull,4,11,7.6
user_000046,2026-09-06,51.4,2076,105,297,52,49,2,7584,Legs,2,11,8.5
user_000046,2026-09-07,51.2,2411,107,336,71,50,2,16489,Push,1,12,7.8
user_000046,2026-09-08,51.2,2294,101,306,74,51,2,9541,Legs,5,12,7.0
user_000046,2026-09-09,51.1,2070,107,262,66,20,3,8714,Upper,3,6,7.4
user_000046,2026-09-10,51.3,2034,95,283,58,29,4,3024,Pull,4,10,6.1
user_000046,2026-09-11,51.3,2473,98,356,73,59,3,15996,Pull,4,10,6.1
user_000046,2026-09-12,51.5,1911,101,262,51,39,3,15515,Rest,,,7.0
user_000046,2026-09-13,51.3,2139,87,315,59,0,5,13353,Push,3,11,8.7
user_000046,2026-09-14,51.4,1992,112,269,52,56,1,11475,Rest,,,6.9
user_000046,2026-09-15,51.4,2264,96,344,56,38,4,8796,Legs,4,18,6.1
user_000046,2026-09-16,51.1,2407,104,320,79,55,5,4137,Upper,5,13,7.3
user_000046,2026-09-17,51.0,2038,103,303,46,7,4,15509,Push,5,8,7.4
user_000046,2026-09-18,51.1,2062,82,303,58,44,1,13815,Push,2,15,7.9
user_000046,2026-09-19,50.8,1853,82,253,57,0,3,15472,Rest,,,6.3
user_000046,2026-09-20,50.7,1950,82,293,50,14,4,9407,Pull,3,20,5.9
user_000046,2026-09-21,51.0,2008,93,265,64,28,2,12829,Pull,1,8,6.2
user_000046,2026-09-22,51.2,1721,81,230,53,10,4,5701,Legs,3,19,5.6
user_000046,2026-09-23,51.2,2348,109,334,64,45,5,4842,Legs,0,8,6.5
user_000046,2026-09-24,51.1,2395,89,359,67,23,5,15635,Pull,2,6,9.0
user_000046,2026-09-25,51.1,1962,89,280,54,0,2,10425,Push,2,8,7.0
user_000046,2026-09-26,50.8,1825,88,258,49,4,5,12847,Pull,5,9,8.8
user_000046,2026-09-27,50.7,2650,85,429,66,51,4,11500,Push,1,18,6.3
user_000046,2026-09-28,51.0,2078,82,316,54,35,4,11175,Legs,1,17,7.0
user_000046,2026-09-29,50.9,2241,102,294,73,1,5,14651,Push,3,7,7.6
user_000046,2026-09-30,51.1,2102,85,292,66,12,5,16909,Push,1,17,7.4
user_000046,2026-10-01,51.0,1870,101,272,42,18,3,12062,Upper,3,7,5.6
user_000046,2026-10-02,51.3,2008,100,285,52,45,1,15333,Legs,5,17,5.8
user_000046,2026-10-03,51.6,2439,105,345,71,41,1,17533,Push,3,7,5.8
user_000046,2026-10-04,51.5,1903,110,242,55,23,1,10689,Rest,,,7.5
user_000046,2026-10-05,51.5,2283,90,366,51,5,5,15172,Legs,1,6,6.0
user_000046,2026-10-06,51.7,2433,96,384,57,19,1,16376,Pull,1,12,6.9
user_000046,2026-10-07,51.5,2685,106,428,61,55,3,17430,Legs,3,12,8.9
user_000046,2026-10-08,51.8,2277,106,344,53,55,4,5749,Rest,,,8.1
user_000046,2026-10-09,51.6,2031,95,307,47,50,3,11720,Upper,1,20,8.0
user_000046,2026-10-10,51.9,1727,112,232,39,9,2,6056,Upper,3,18,6.9
user_000046,2026-10-11,51.6,1630,99,205,46,13,3,4191,Push,3,11,6.9
user_000046,2026-10-12,51.9,1880,91,271,48,3,1,12556,Rest,,,5.7
user_000046,2026-10-13,52.2,1868,109,232,56,27,3,9378,Pull,1,7,6.8
user_000046,2026-10-14,52.3,2244,101,334,56,29,5,10438,Push,3,13,8.0
user_000046,2026-10-15,52.2,2282,86,336,66,46,3,9175,Rest,,,5.5
user_000046,2026-10-16,52.4,2498,111,365,66,46,5,17120,Pull,5,11,6.5
user_000046,2026-10-17,52.6,1747,105,244,39,2,3,9996,Rest,,,7.0
user_000046,2026-10-18,52.9,1914,107,241,58,4,5,8543,Pull,2,18,8.8
user_000046,2026-10-19,53.2,2098,114,289,54,51,2,13662,Rest,,,7.5
user_000046,2026-10-20,53.0,1907,102,278,43,52,3,4422,Legs,0,18,8.3
user_000046,2026-10-21,53.0,1934,97,256,58,54,2,4830,Legs,0,6,8.2
user_000046,2026-10-22,53.1,1382,96,173,34,26,2,6058,Upper,3,12,8.6
user_000046,2026-10-23,52.9,2079,95,274,67,3,1,15422,Upper,3,11,8.3
user_000046,2026-10-24,52.8,1457,93,179,41,2,4,13940,Pull,2,6,6.6
user_000046,2026-10-25,52.7,1845,104,265,41,20,2,14212,Rest,,,5.8
user_000046,2026-10-26,52.6,1841,115,235,49,26,3,4946,Pull,5,18,8.5
user_000046,2026-10-27,52.5,1822,98,245,50,30,1,9649,Legs,0,12,7.5
user_000046,2026-10-28,52.3,1946,111,236,62,48,4,5855,Upper,1,7,8.7
user_000046,2026-10-29,52.2,2264,106,325,60,45,4,15236,Pull,4,8,7.6
user_000046,2026-10-30,52.4,2212,103,315,60,31,4,14496,Rest,,,6.3
user_000046,2026-10-31,52.1,1936,87,253,64,50,2,13544,Legs,3,16,7.7
user_000046,2026-11-01,52.3,1779,101,220,55,7,4,5240,Push,3,6,7.8
user_000046,2026-11-02,52.4,1981,93,274,57,37,3,13037,Pull,3,16,7.0
user_000046,2026-11-03,52.3,2324,86,360,60,59,3,13212,Upper,4,19,8.4
user_000046,2026-11-04,52.2,1811,89,267,43,22,4,6782,Pull,1,11,7.0
user_000046,2026-11-05,52.5,2317,105,355,53,57,3,17265,Rest,,,5.5
user_000046,2026-11-06,52.5,1884,107,238,56,44,3,3275,Upper,3,7,8.3
user_000046,2026-11-07,52.7,1958,86,273,58,22,2,17318,Push,2,19,8.5
user_000046,2026-11-08,52.4,1934,96,257,58,43,4,6022,Push,4,20,6.1
user_000046,2026-11-09,52.6,2154,114,285,62,43,3,8224,Rest,,,6.4
user_000046,2026-11-10,52.7,2053,109,258,65,28,3,14474,Upper,2,6,6.3
user_000046,2026-11-11,53.0,1783,85,246,51,36,2,8778,Pull,4,8,7.2
user_000046,2026-11-12,53.1,1769,112,220,49,58,2,14276,Rest,,,6.2
user_000046,2026-11-13,53.2,2292,111,309,68,24,2,13377,Push,3,9,7.5
user_000046,2026-11-14,53.0,2053,105,271,61,27,2,13899,Rest,,,7.5
user_000046,2026-11-15,52.8,2038,92,269,66,49,3,12682,Pull,1,20,6.5
user_000046,2026-11-16,52.8,2003,86,291,55,10,3,17221,Push,3,13,6.4
user_000046,2026-11-17,52.8,2148,101,283,68,46,4,6895,Upper,0,10,8.6
user_000046,2026-11-18,53.1,2068,111,289,52,30,4,10206,Legs,3,15,8.6
user_000046,2026-11-19,52.9,1650,116,184,50,49,1,10240,Upper,5,9,8.8
user_000046,2026-11-20,52.6,1638,100,197,50,38,1,14951,Pull,4,6,7.6
user_000046,2026-11-21,52.6,2086,85,315,54,59,5,8349,Legs,5,20,6.0
user_000046,2026-11-22,52.7,1527,86,208,39,41,2,6846,Rest,,,7.2
user_000046,2026-11-23,52.7,2003,104,273,55,41,3,16221,Legs,5,12,7.5
user_000046,2026-11-24,52.8,1302,111,120,42,9,4,4194,Pull,4,8,8.2
user_000046,2026-11-25,52.9,1311,103,146,35,48,1,12368,Rest,,,8.0
user_000046,2026-11-26,52.9,1266,113,127,34,10,1,5841,Legs,0,9,5.7
user_000046,2026-11-27,53.1,1428,109,158,40,2,4,5058,Push,5,12,8.0
user_000047,2026-07-01,51.6,2490,95,370,70,35,4,14797,Pull,3,16,8.2
user_000047,2026-07-02,51.6,1824,93,264,44,31,3,3530,Upper,3,17,6.1
user_000047,2026-07-03,51.6,1708,110,209,48,8,3,7060,Push,5,11,6.8
user_000047,2026-07-04,51.5,2309,96,362,53,48,1,16158,Push,3,14,6.1
user_000047,2026-07-05,51.3,2112,93,327,48,22,3,14984,Rest,,,6.3
user_000047,2026-07-06,51.2,2267,109,325,59,32,2,11310,Rest,,,8.6
user_000047,2026-07-07,51.3,2122,99,292,62,16,2,13124,Pull,5,13,8.4
user_000047,2026-07-08,51.2,1918,97,243,62,0,1,3513,Push,2,15,7.5
user_000047,2026-07-09,51.2,2291,101,339,59,5,4,17176,Upper,3,9,7.7
user_000047,2026-07-10,51.5,2258,104,330,58,29,1,6573,Pull,3,9,6.8
user_000047,2026-07-11,51.9,2140,99,319,52,57,1,8274,Rest,,,7.5
user_000047,2026-07-12,52.2,2226,110,298,66,39,2,5886,Legs,3,15,7.2
user_000047,2026-07-13,52.1,1904,102,257,52,8,1,7865,Push,5,13,8.5
user_000047,2026-07-14,52.1,2163,89,319,59,52,3,6073,Push,2,20,8.7
user_000047,2026-07-15,51.8,2390,84,365,66,2,3,17746,Push,2,18,5.7
user_000047,2026-07-16,51.8,2192,96,317,60,54,1,16831,Push,0,19,5.6
user_000047,2026-07-17,51.7,2312,105,347,56,52,4,3633,Pull,0,10,7.0
user_000047,2026-07-18,51.5,2381,87,353,69,22,5,9717,Rest,,,8.8
user_000047,2026-07-19,51.6,1801,87,271,41,12,1,6733,Rest,,,6.9
user_000047,2026-07-20,51.9,2199,84,351,51,43,1,10351,Rest,,,6.5
user_000047,2026-07-21,51.9,2301,104,352,53,38,4,15348,Legs,5,7,6.3
user_000047,2026-07-22,51.9,1658,95,198,54,17,3,7629,Legs,3,16,6.6
user_000047,2026-07-23,51.7,2260,91,357,52,17,5,14991,Push,2,15,6.1
user_000047,2026-07-24,51.9,1848,89,238,60,54,1,5159,Legs,5,9,8.1
user_000047,2026-07-25,52.0,2307,108,318,67,15,2,12592,Push,0,14,8.6
user_000047,2026-07-26,51.8,2348,86,348,68,53,1,16174,Push,3,14,7.0
user_000047,2026-07-27,52.1,2061,98,298,53,5,3,9002,Legs,1,9,8.0
user_000047,2026-07-28,52.4,1882,103,237,58,28,2,4579,Pull,5,18,8.4
user_000047,2026-07-29,52.5,2034,99,288,54,12,5,3294,Legs,2,12,8.8
user_000047,2026-07-30,52.3,2125,113,308,49,27,1,11264,Upper,0,6,8.6
user_000047,2026-07-31,52.5,2021,107,261,61,39,1,4098,Rest,,,7.7
user_000047,2026-08-01,52.6,2354,107,360,54,49,4,9988,Push,2,6,8.0
user_000047,2026-08-02,52.9,1699,105,232,39,10,1,11831,Pull,4,12,6.1
user_000047,2026-08-03,53.1,2100,104,268,68,15,2,15130,Rest,,,6.4
user_000047,2026-08-04,53.0,1991,100,292,47,39,1,4811,Legs,5,11,7.8
user_000047,2026-08-05,52.9,1852,103,261,44,4,5,4004,Legs,2,14,7.2
user_000047,2026-08-06,52.8,2191,95,302,67,43,4,8321,Pull,4,14,5.9
user_000047,2026-08-07,52.9,2157,89,331,53,51,2,6547,Upper,0,14,5.6
user_000047,2026-08-08,53.0,1875,115,221,59,4,5,4894,Upper,2,17,8.8
user_000047,2026-08-09,53.0,2041,95,296,53,45,3,5586,Legs,0,8,7.4
user_000047,2026-08-10,52.9,2412,85,347,76,43,2,16596,Pull,5,20,7.6
user_000047,2026-08-11,52.8,2406,109,335,70,59,4,4810,Push,1,9,8.6
user_000047,2026-08-12,53.0,2157,108,276,69,16,5,3930,Pull,2,6,8.5
user_000047,2026-08-13,52.9,2327,114,326,63,0,2,17032,Legs,4,7,7.6
user_000047,2026-08-14,52.8,2421,100,368,61,43,4,13604,Pull,0,7,7.0
user_000047,2026-08-15,52.6,2468,88,358,76,57,3,17619,Upper,4,12,7.0
user_000047,2026-08-16,52.9,1876,102,259,48,6,2,10865,Upper,2,6,8.7
user_000047,2026-08-17,53.0,2406,106,374,54,19,3,16570,Upper,5,7,5.7
user_000047,2026-08-18,53.2,2004,103,281,52,2,5,8877,Push,5,16,7.9
user_000047,2026-08-19,53.4,2050,100,273,62,44,1,3536,Rest,,,6.4
user_000047,2026-08-20,53.3,2336,107,315,72,34,2,13474,Legs,4,10,8.1
user_000047,2026-08-21,53.1,2325,96,366,53,44,4,9286,Pull,2,20,7.2
user_000047,2026-08-22,53.0,1930,109,234,62,35,1,6738,Push,5,13,7.0
user_000047,2026-08-23,52.8,2246,99,314,66,41,2,17192,Rest,,,8.0
user_000047,2026-08-24,52.9,2276,87,347,60,40,5,6508,Upper,0,8,8.2
user_000047,2026-08-25,52.8,2395,104,326,75,27,2,11688,Rest,,,8.6
user_000047,2026-08-26,52.7,2257,96,349,53,55,3,7983,Legs,5,11,6.9
user_000047,2026-08-27,52.5,2427,94,380,59,44,4,5197,Pull,4,15,8.6
user_000047,2026-08-28,52.3,2111,84,311,59,32,2,13942,Upper,2,19,7.4
user_000047,2026-08-29,52.5,1912,84,286,48,12,3,7303,Upper,3,8,8.7
user_000047,2026-08-30,52.3,2396,88,349,72,41,4,14351,Rest,,,8.1
user_000047,2026-08-31,52.2,2171,93,317,59,6,5,9789,Upper,5,13,8.2
user_000047,2026-09-01,52.1,2319,112,326,63,56,3,5820,Push,4,14,6.0
user_000047,2026-09-02,51.9,1832,101,231,56,60,2,14691,Rest,,,7.0
user_000047,2026-09-03,51.7,1505,104,162,49,25,1,5839,Pull,1,18,6.3
user_000047,2026-09-04,51.3,1658,86,207,54,58,2,15165,Upper,2,8,5.7
user_000047,2026-09-05,51.4,1831,85,276,43,36,4,4518,Upper,2,13,8.2
user_000047,2026-09-06,51.2,1714,87,247,42,56,4,6530,Push,0,18,7.2
user_000047,2026-09-07,51.1,1785,85,260,45,48,2,17919,Push,2,9,7.8
user_000047,2026-09-08,50.9,1324,105,136,40,8,5,4156,Upper,2,8,5.9
user_000047,2026-09-09,51.0,2321,99,317,73,36,5,15516,Push,3,15,7.9
user_000047,2026-09-10,51.0,1625,98,216,41,21,2,15992,Upper,1,17,7.9
user_000047,2026-09-11,50.7,1551,95,187,47,8,3,5370,Upper,1,16,6.0
user_000047,2026-09-12,50.7,1717,81,247,45,27,3,9706,Upper,0,18,6.0
user_000047,2026-09-13,50.4,1436,89,189,36,26,2,15902,Push,4,13,7.6
user_000047,2026-09-14,50.4,1576,109,195,40,1,3,16609,Push,0,6,7.2
user_000047,2026-09-15,50.7,1941,83,265,61,50,3,15555,Pull,5,7,7.2
user_000047,2026-09-16,50.6,1675,110,194,51,21,3,11808,Pull,4,9,8.5
user_000047,2026-09-17,50.4,1325,104,162,29,4,5,9468,Legs,0,10,6.6
user_000047,2026-09-18,50.2,1908,87,255,60,27,4,13767,Legs,0,11,7.0
user_000047,2026-09-19,50.3,1761,109,203,57,53,1,16176,Upper,4,6,6.8
user_000047,2026-09-20,50.4,2148,104,298,60,49,4,17027,Upper,1,8,7.7
user_000047,2026-09-21,50.6,1244,87,143,36,45,1,3656,Rest,,,6.9
user_000047,2026-09-22,50.7,1279,105,136,35,0,4,7347,Push,1,12,9.0
user_000047,2026-09-23,50.5,1837,83,239,61,26,1,14957,Rest,,,5.7
user_000047,2026-09-24,50.4,1631,107,186,51,27,5,9938,Legs,5,6,5.8
user_000047,2026-09-25,50.5,2242,94,318,66,57,5,14711,Upper,4,7,7.6
user_000047,2026-09-26,50.2,1452,92,172,44,51,2,6166,Upper,3,15,5.5
user_000047,2026-09-27,50.4,1406,102,173,34,6,4,13379,Rest,,,6.9
user_000047,2026-09-28,50.4,1682,83,243,42,51,3,8108,Legs,1,20,7.2
user_000047,2026-09-29,50.5,1750,82,234,54,56,1,13622,Pull,5,20,8.8
user_000047,2026-09-30,50.2,1713,90,237,45,42,3,12730,Pull,1,11,7.8
user_000047,2026-10-01,50.0,1518,96,189,42,40,4,15593,Rest,,,5.7
user_000047,2026-10-02,49.9,1225,107,125,33,8,5,4127,Upper,0,14,6.6
user_000047,2026-10-03,49.9,1643,93,230,39,46,4,11895,Legs,5,7,7.3
user_000047,2026-10-04,50.0,1395,84,168,43,32,3,4996,Pull,1,6,6.4
user_000047,2026-10-05,50.1,1652,92,231,40,58,3,5417,Push,0,11,8.3
user_000047,2026-10-06,50.2,1652,98,198,52,22,3,13906,Upper,2,13,6.4
user_000047,2026-10-07,50.2,1134,85,122,34,10,1,5014,Upper,0,7,6.5
user_000047,2026-10-08,50.0,2032,109,282,52,54,4,16690,Pull,2,10,8.7
user_000047,2026-10-09,49.9,1237,95,149,29,27,1,8033,Rest,,,8.4
user_000047,2026-10-10,49.8,1494,92,196,38,36,3,12701,Rest,,,7.0
user_000047,2026-10-11,49.6,1077,94,101,33,29,1,6994,Pull,4,10,5.7
user_000047,2026-10-12,49.5,1209,106,122,33,22,5,9125,Upper,1,13,5.7
user_000047,2026-10-13,49.6,1073,107,105,25,4,2,11977,Upper,0,15,8.2
user_000047,2026-10-14,49.4,1395,85,194,31,53,1,12434,Pull,1,17,8.8
user_000047,2026-10-15,49.1,1405,104,146,45,30,5,5748,Legs,4,9,6.4
user_000047,2026-10-16,49.2,1617,91,212,45,57,5,10410,Rest,,,7.1
user_000047,2026-10-17,49.1,1219,93,142,31,38,3,3624,Rest,,,7.4
user_000047,2026-10-18,48.9,1239,92,139,35,23,3,8798,Pull,0,9,7.3
user_000047,2026-10-19,49.2,2266,79,330,70,60,5,9555,Pull,2,9,7.8
user_000047,2026-10-20,49.2,1397,78,197,33,38,2,12581,Push,4,14,7.5
user_000047,2026-10-21,49.2,1621,93,202,49,37,1,15623,Pull,4,19,7.6
user_000047,2026-10-22,49.2,1887,106,251,51,60,2,14892,Pull,2,18,6.6
user_000047,2026-10-23,49.3,1305,96,156,33,15,5,13574,Pull,1,7,8.9
user_000047,2026-10-24,49.0,1231,94,135,35,26,3,3216,Rest,,,6.7
user_000047,2026-10-25,48.6,1148,100,115,32,3,3,10584,Upper,2,15,6.9
user_000047,2026-10-26,48.4,1715,84,257,39,50,5,11226,Upper,0,18,8.5
user_000047,2026-10-27,48.4,1498,91,207,34,26,3,16690,Pull,3,19,7.4
user_000047,2026-10-28,48.3,1420,82,183,40,14,3,12281,Rest,,,7.9
user_000047,2026-10-29,48.0,1065,97,113,25,31,4,3299,Upper,5,16,6.4
user_000047,2026-10-30,47.8,1605,91,191,53,54,1,13331,Push,4,6,7.9
user_000047,2026-10-31,47.6,1743,92,229,51,22,5,15417,Pull,0,9,6.4
user_000047,2026-11-01,47.8,1289,94,136,41,35,1,17308,Upper,0,11,8.6
user_000047,2026-11-02,47.7,1750,87,229,54,23,5,14179,Legs,3,11,9.0
user_000047,2026-11-03,47.8,1058,89,117,26,10,1,13302,Rest,,,8.0
user_000047,2026-11-04,47.7,1058,90,107,30,1,2,3627,Push,0,19,7.2
user_000047,2026-11-05,47.5,1059,100,95,31,1,4,8372,Legs,5,7,7.8
user_000047,2026-11-06,47.3,1057,81,127,25,13,3,5186,Push,0,16,6.7
user_000047,2026-11-07,46.9,1056,88,113,28,7,2,5749,Push,1,11,8.8
user_000047,2026-11-08,46.8,1585,91,204,45,58,2,14601,Push,4,19,6.0
user_000047,2026-11-09,46.9,1051,90,112,27,49,1,6830,Upper,0,20,5.8
user_000047,2026-11-10,46.9,1694,87,224,50,24,5,11227,Rest,,,8.4
user_000047,2026-11-11,47.1,1052,96,95,32,14,2,5925,Rest,,,7.7
user_000047,2026-11-12,47.1,1308,77,178,32,31,2,15884,Upper,0,12,8.5
user_000047,2026-11-13,47.1,1271,90,140,39,26,1,17683,Legs,2,17,6.2
user_000047,2026-11-14,46.8,1173,84,135,33,31,2,5962,Push,3,20,8.6
user_000047,2026-11-15,46.9,1362,94,170,34,24,5,5131,Pull,5,15,8.6
user_000047,2026-11-16,46.6,1170,92,142,26,41,3,3138,Legs,0,13,7.7
user_000047,2026-11-17,46.4,1263,99,129,39,41,4,8574,Pull,1,7,7.7
user_000047,2026-11-18,46.4,1296,94,149,36,32,5,10677,Push,0,16,8.0
user_000047,2026-11-19,46.2,1442,76,199,38,49,4,7977,Legs,3,9,7.6
user_000047,2026-11-20,46.4,1862,83,252,58,54,4,17924,Rest,,,7.4
user_000047,2026-11-21,46.2,1046,92,93,34,23,2,3429,Rest,,,8.1
user_000047,2026-11-22,46.1,1233,75,150,37,40,2,12262,Rest,,,7.0
user_000047,2026-11-23,45.9,1658,73,229,50,51,5,4128,Rest,,,7.4
user_000047,2026-11-24,46.2,1935,96,282,47,56,5,10522,Legs,3,14,5.5
user_000047,2026-11-25,46.1,1430,87,185,38,57,2,15496,Push,2,16,8.5
user_000047,2026-11-26,46.0,1371,77,178,39,28,3,8093,Push,5,15,8.2
user_000047,2026-11-27,46.1,1051,79,123,27,24,2,11254,Upper,1,10,7.8
user_000048,2026-07-01,51.7,1700,82,217,56,19,3,9891,Rest,,,6.8
user_000048,2026-07-02,51.9,1554,93,192,46,3,2,9351,Legs,0,19,6.1
user_000048,2026-07-03,51.7,1977,102,255,61,60,3,16024,Rest,,,7.9
user_000048,2026-07-04,52.0,1719,107,235,39,23,4,4430,Legs,3,18,8.2
user_000048,2026-07-05,51.7,1614,110,208,38,38,1,16786,Upper,3,9,8.4
user_000048,2026-07-06,51.5,1560,94,215,36,7,4,15927,Rest,,,5.6
user_000048,2026-07-07,51.5,1486,102,175,42,5,1,13165,Upper,3,20,6.6
user_000048,2026-07-08,51.2,1641,97,203,49,59,1,9398,Upper,2,13,8.5
user_000048,2026-07-09,51.0,2060,102,287,56,56,5,10654,Upper,2,20,6.8
user_000048,2026-07-10,51.3,1587,110,190,43,60,1,10995,Upper,3,12,8.6
user_000048,2026-07-11,51.4,1718,93,242,42,34,1,17513,Upper,5,8,7.9
user_000048,2026-07-12,51.5,1823,85,256,51,57,2,8933,Push,5,8,5.5
user_000048,2026-07-13,51.6,1730,109,220,46,43,1,13881,Pull,3,6,8.5
user_000048,2026-07-14,51.7,2237,90,332,61,50,1,17973,Push,1,6,7.9
user_000048,2026-07-15,51.5,1803,95,232,55,23,2,14554,Upper,0,10,7.8
user_000048,2026-07-16,51.2,1572,102,192,44,8,2,15075,Upper,0,19,8.6
user_000048,2026-07-17,51.2,1767,92,244,47,32,2,13869,Push,5,7,7.1
user_000048,2026-07-18,51.1,2290,108,307,70,48,5,11947,Pull,5,14,8.3
user_000048,2026-07-19,50.9,2016,100,278,56,55,4,16439,Push,4,14,8.1
user_000048,2026-07-20,50.6,1502,86,204,38,10,2,16186,Legs,4,20,7.9
user_000048,2026-07-21,50.9,1455,101,175,39,6,3,11213,Pull,3,15,7.5
user_000048,2026-07-22,50.8,1396,90,169,40,7,1,7349,Rest,,,7.4
user_000048,2026-07-23,51.0,1561,98,200,41,58,1,17387,Pull,0,20,8.6
user_000048,2026-07-24,51.0,1895,98,252,55,42,5,12369,Upper,1,8,8.7
user_000048,2026-07-25,51.0,1772,96,248,44,28,2,12134,Rest,,,7.8
user_000048,2026-07-26,50.8,1654,82,237,42,42,3,7756,Legs,5,19,7.0
user_000048,2026-07-27,50.8,2091,105,285,59,51,5,9702,Legs,0,13,6.1
user_000048,2026-07-28,50.8,1411,81,184,39,12,1,16354,Push,5,14,8.5
user_000048,2026-07-29,50.7,1757,100,211,57,46,4,10813,Rest,,,7.3
user_000048,2026-07-30,50.5,1298,102,146,34,19,3,3685,Upper,2,18,7.7
user_000048,2026-07-31,50.8,1943,82,262,63,0,5,15126,Push,4,20,7.4
user_000048,2026-08-01,51.0,2239,98,338,55,32,5,6080,Pull,2,11,5.7
user_000048,2026-08-02,51.0,1724,103,220,48,33,2,4207,Upper,2,7,6.3
user_000048,2026-08-03,51.1,1826,93,269,42,25,5,3635,Legs,5,17,7.1
user_000048,2026-08-04,51.2,1996,88,312,44,23,5,17560,Push,4,20,8.2
user_000048,2026-08-05,51.4,1807,87,241,55,26,5,5389,Pull,1,15,6.7
user_000048,2026-08-06,51.3,1935,110,259,51,41,1,14408,Push,5,19,7.5
user_000048,2026-08-07,51.1,2382,96,333,74,41,5,14920,Legs,2,18,7.7
user_000048,2026-08-08,51.0,1943,107,255,55,40,1,13767,Push,2,6,7.0
user_000048,2026-08-09,51.2,1641,92,199,53,5,4,11546,Legs,1,6,8.3
user_000048,2026-08-10,51.1,1790,89,246,50,33,3,3620,Upper,4,6,5.6
user_000048,2026-08-11,51.1,1863,92,259,51,50,1,17091,Rest,,,7.4
user_000048,2026-08-12,51.3,1789,97,249,45,44,1,9846,Push,5,9,7.2
user_000048,2026-08-13,51.2,1878,103,254,50,30,1,11676,Pull,2,17,7.9
user_000048,2026-08-14,51.1,2090,98,294,58,24,5,10125,Push,4,6,6.2
user_000048,2026-08-15,50.9,1719,87,219,55,19,2,3271,Rest,,,8.0
user_000048,2026-08-16,51.1,2122,86,332,50,52,5,6227,Legs,5,13,8.7
user_000048,2026-08-17,51.3,2204,109,280,72,49,5,16458,Push,2,13,5.8
user_000048,2026-08-18,51.5,2342,94,343,66,58,4,17533,Legs,3,16,6.7
user_000048,2026-08-19,51.5,1857,93,243,57,4,3,5380,Upper,2,12,8.5
user_000048,2026-08-20,51.5,1594,104,191,46,9,3,8290,Legs,0,15,6.6
user_000048,2026-08-21,51.4,2123,108,281,63,48,3,12749,Upper,2,14,7.0
user_000048,2026-08-22,51.7,2070,102,294,54,45,4,10967,Rest,,,7.1
user_000048,2026-08-23,51.6,1450,94,192,34,10,1,6148,Rest,,,8.3
user_000048,2026-08-24,51.6,2059,91,273,67,49,3,8312,Upper,5,11,8.6
user_000048,2026-08-25,51.4,1932,108,231,64,32,3,14973,Upper,2,7,6.4
user_000048,2026-08-26,51.4,1626,92,220,42,3,4,11592,Push,1,18,6.1
user_000048,2026-08-27,51.1,1643,93,203,51,5,2,8844,Upper,1,9,8.6
user_000048,2026-08-28,51.2,2408,90,350,72,53,5,12654,Pull,3,14,6.4
user_000048,2026-08-29,51.3,2439,92,376,63,38,5,16524,Upper,3,18,8.1
user_000048,2026-08-30,51.2,1997,83,270,65,60,2,10092,Legs,5,11,6.4
user_000048,2026-08-31,51.1,1738,105,226,46,37,1,15785,Push,2,18,8.6
user_000048,2026-09-01,50.9,1859,94,265,47,10,3,10940,Legs,2,19,8.6
user_000048,2026-09-02,50.7,2589,83,373,85,52,5,17639,Legs,4,7,7.7
user_000048,2026-09-03,50.9,2200,93,295,72,59,1,12890,Pull,0,15,7.4
user_000048,2026-09-04,50.7,1759,82,270,39,38,3,8346,Upper,0,10,5.8
user_000048,2026-09-05,50.6,2654,96,401,74,59,4,16181,Pull,0,15,8.9
user_000048,2026-09-06,50.7,2294,100,307,74,58,5,7555,Rest,,,6.6
user_000048,2026-09-07,50.9,1880,107,237,56,20,2,11685,Pull,1,13,7.2
user_000048,2026-09-08,50.7,1643,93,221,43,4,2,8755,Upper,5,16,5.6
user_000048,2026-09-09,50.7,2302,83,344,66,54,3,14234,Push,3,19,5.7
user_000048,2026-09-10,50.5,1988,111,269,52,25,3,14114,Upper,3,13,6.1
user_000048,2026-09-11,50.6,1643,88,235,39,10,2,8456,Push,3,17,6.3
user_000048,2026-09-12,50.4,1865,110,237,53,5,3,7534,Upper,1,19,7.0
user_000048,2026-09-13,50.4,2275,95,314,71,42,5,13866,Rest,,,7.5
user_000048,2026-09-14,50.6,2344,106,318,72,40,4,14142,Upper,2,9,8.4
user_000048,2026-09-15,50.4,1883,106,241,55,53,2,5790,Rest,,,6.1
user_000048,2026-09-16,50.7,2055,94,305,51,14,4,11557,Push,3,16,5.8
user_000048,2026-09-17,51.0,2409,104,352,65,27,4,10395,Rest,,,6.3
user_000048,2026-09-18,51.2,1906,106,249,54,5,1,9855,Upper,5,13,8.7
user_000048,2026-09-19,51.4,1889,88,283,45,55,2,7895,Push,2,12,6.3
user_000048,2026-09-20,51.2,1557,87,201,45,14,1,10290,Upper,4,13,6.6
user_000048,2026-09-21,51.0,2106,94,284,66,29,3,10904,Push,2,19,5.6
user_000048,2026-09-22,51.0,1585,106,180,49,17,2,6201,Push,2,13,8.0
user_000048,2026-09-23,50.8,1874,102,227,62,16,3,6213,Pull,3,15,6.6
user_000048,2026-09-24,50.6,2005,106,267,57,15,5,8271,Push,5,8,6.5
user_000048,2026-09-25,50.6,2520,86,409,60,59,5,8835,Rest,,,7.8
user_000048,2026-09-26,50.8,2478,99,381,62,50,4,16838,Pull,3,9,5.6
user_000048,2026-09-27,50.6,2203,92,326,59,23,5,10315,Pull,2,12,7.1
user_000048,2026-09-28,50.8,2019,105,294,47,46,2,11519,Upper,1,18,7.3
user_000048,2026-09-29,50.6,1661,97,217,45,43,4,4092,Upper,1,20,7.1
user_000048,2026-09-30,50.7,1422,99,162,42,6,5,16635,Rest,,,7.4
user_000048,2026-10-01,50.6,1634,90,206,50,28,3,11084,Pull,3,14,8.2
user_000048,2026-10-02,50.3,1534,81,199,46,46,2,10273,Push,5,16,6.1
user_000048,2026-10-03,50.4,1159,106,114,31,27,2,10902,Pull,5,10,6.0
user_000048,2026-10-04,50.5,1548,103,176,48,6,5,16711,Upper,1,12,5.7
user_000048,2026-10-05,50.2,1351,110,140,39,11,4,17803,Legs,2,16,6.5
user_000048,2026-10-06,50.1,1351,87,181,31,45,2,8762,Push,0,18,6.7
user_000048,2026-10-07,50.3,1578,98,202,42,10,2,16059,Legs,1,8,7.1
user_000048,2026-10-08,50.1,1621,96,208,45,40,4,4106,Push,1,9,7.2
user_000048,2026-10-09,50.3,1363,80,182,35,51,4,6101,Upper,1,15,8.5
user_000048,2026-10-10,50.3,1847,85,253,55,57,4,9329,Pull,3,19,7.2
user_000048,2026-10-11,50.4,1405,109,150,41,59,3,8523,Legs,4,11,6.5
user_000048,2026-10-12,50.5,1291,93,142,39,0,3,14633,Push,3,9,7.2
user_000048,2026-10-13,50.5,1487,98,195,35,3,4,8251,Upper,5,10,5.7
user_000048,2026-10-14,50.6,1108,107,98,32,41,1,5568,Upper,0,10,6.0
user_000048,2026-10-15,50.7,1149,87,126,33,24,5,6921,Rest,,,6.9
user_000048,2026-10-16,50.8,1085,83,114,33,12,1,5234,Upper,2,12,6.8
user_000048,2026-10-17,50.6,1477,107,179,37,45,3,6895,Pull,1,10,6.6
user_000048,2026-10-18,50.8,1450,110,176,34,19,4,6248,Pull,0,18,7.4
user_000048,2026-10-19,50.8,2022,82,311,50,51,5,13906,Rest,,,8.1
user_000048,2026-10-20,50.9,1652,85,229,44,44,4,13107,Push,0,7,5.6
user_000048,2026-10-21,50.6,1403,83,171,43,6,4,8387,Rest,,,8.7
user_000048,2026-10-22,50.7,1355,84,167,39,26,2,10192,Pull,0,19,7.0
user_000048,2026-10-23,50.7,1415,103,163,39,50,1,9004,Push,4,15,6.3
user_000048,2026-10-24,50.6,1448,99,164,44,57,1,12239,Pull,5,12,7.1
user_000048,2026-10-25,50.4,1438,87,169,46,34,1,9580,Pull,3,12,5.7
user_000048,2026-10-26,50.4,1535,87,191,47,15,5,10585,Pull,5,13,6.4
user_000048,2026-10-27,50.1,1878,109,230,58,56,3,16194,Rest,,,7.4
user_000048,2026-10-28,49.8,1079,93,98,35,36,2,7751,Pull,2,6,7.2
user_000048,2026-10-29,49.6,1077,85,128,25,17,2,3710,Rest,,,8.7
user_000048,2026-10-30,49.8,1427,92,186,35,6,4,10965,Upper,3,15,8.6
user_000048,2026-10-31,50.0,2121,104,289,61,54,3,15376,Pull,1,14,6.6
user_000048,2026-11-01,50.2,1108,83,131,28,15,1,11299,Pull,3,20,8.5
user_000048,2026-11-02,50.2,1513,101,194,37,13,2,10562,Pull,1,15,7.6
user_000048,2026-11-03,50.3,1444,89,191,36,0,4,16985,Rest,,,8.0
user_000048,2026-11-04,50.1,1412,103,160,40,19,4,9987,Upper,5,13,7.3
user_000048,2026-11-05,50.3,1535,100,205,35,57,2,7328,Pull,2,7,6.6
user_000048,2026-11-06,50.3,1429,98,185,33,24,4,5729,Upper,3,11,8.8
user_000048,2026-11-07,50.4,1427,99,161,43,45,2,12056,Rest,,,6.6
user_000048,2026-11-08,50.2,1425,95,169,41,12,1,14523,Legs,3,15,6.6
user_000048,2026-11-09,50.0,1729,86,254,41,40,5,8953,Upper,2,7,8.3
user_000048,2026-11-10,50.1,1441,91,177,41,10,1,16083,Rest,,,7.5
user_000048,2026-11-11,49.7,1080,98,100,32,0,1,9224,Upper,4,12,6.0
user_000048,2026-11-12,49.9,1197,94,140,29,11,2,12242,Legs,0,15,6.9
user_000048,2026-11-13,50.1,1521,80,217,37,34,4,13450,Pull,0,20,6.0
user_000048,2026-11-14,50.3,1431,81,198,35,19,2,3514,Legs,1,8,7.5
user_000048,2026-11-15,50.3,1332,87,174,32,39,3,6709,Push,1,13,8.3
user_000048,2026-11-16,50.3,1407,102,171,35,20,1,13785,Push,2,18,6.7
user_000048,2026-11-17,50.6,1815,96,225,59,29,5,13056,Rest,,,5.5
user_000048,2026-11-18,50.8,1592,102,179,52,8,1,15083,Push,1,10,6.9
user_000048,2026-11-19,50.9,1619,81,209,51,29,3,11096,Push,3,7,7.5
user_000048,2026-11-20,51.0,1301,87,164,33,36,1,5945,Rest,,,6.2
user_000048,2026-11-21,50.6,1162,84,130,34,30,2,10580,Legs,0,9,8.7
user_000048,2026-11-22,50.6,1702,99,223,46,41,2,14676,Legs,2,18,6.4
user_000048,2026-11-23,50.7,1207,105,109,39,36,1,13714,Upper,1,10,8.7
user_000048,2026-11-24,50.6,1469,83,192,41,38,4,7615,Rest,,,7.2
user_000048,2026-11-25,50.3,1731,103,242,39,49,4,12687,Upper,4,17,6.3
user_000048,2026-11-26,50.4,1250,92,135,38,36,1,5338,Legs,5,6,8.7
user_000048,2026-11-27,50.3,1382,110,141,42,6,3,12068,Upper,1,10,7.4
user_000049,2026-07-01,51.6,2260,98,323,64,43,5,9267,Rest,,,7.8
user_000049,2026-07-02,51.5,1724,108,224,44,0,4,15182,Rest,,,8.7
user_000049,2026-07-03,51.3,1735,96,241,43,20,5,5148,Pull,4,8,8.7
user_000049,2026-07-04,51.1,2074,110,278,58,36,1,11876,Push,1,15,8.3
user_000049,2026-07-05,51.0,2125,97,315,53,40,5,13783,Legs,4,19,6.2
user_000049,2026-07-06,50.8,1916,101,252,56,51,4,6439,Upper,5,19,6.6
user_000049,2026-07-07,50.6,2407,94,348,71,42,5,14273,Upper,0,11,8.0
user_000049,2026-07-08,50.7,1713,84,243,45,11,3,11767,Legs,3,17,6.1
user_000049,2026-07-09,50.8,2030,110,294,46,24,4,15569,Pull,3,12,8.5
user_000049,2026-07-10,51.1,1887,93,282,43,13,4,14795,Pull,0,17,5.5
user_000049,2026-07-11,50.9,2060,94,268,68,19,1,15920,Rest,,,8.2
user_000049,2026-07-12,50.8,1638,106,200,46,13,2,16009,Upper,1,12,5.8
user_000049,2026-07-13,51.1,2223,92,349,51,55,2,16767,Legs,4,8,5.6
user_000049,2026-07-14,51.0,2545,91,417,57,51,5,11950,Legs,3,15,6.7
user_000049,2026-07-15,50.9,1706,82,223,54,50,1,10097,Legs,2,11,6.7
user_000049,2026-07-16,51.1,1713,103,224,45,53,1,4040,Pull,5,18,5.8
user_000049,2026-07-17,51.4,2114,84,305,62,35,4,14534,Pull,5,20,6.2
user_000049,2026-07-18,51.5,1952,103,250,60,40,4,4956,Pull,5,15,7.5
user_000049,2026-07-19,51.8,2291,95,354,55,35,3,15061,Legs,0,15,6.1
user_000049,2026-07-20,52.0,2206,111,301,62,20,2,17059,Push,1,11,7.0
user_000049,2026-07-21,51.8,2328,89,376,52,45,5,17307,Legs,0,15,7.9
user_000049,2026-07-22,52.0,1885,89,245,61,46,2,12316,Pull,4,16,8.6
user_000049,2026-07-23,51.8,2208,109,290,68,35,5,11337,Rest,,,8.1
user_000049,2026-07-24,51.7,2190,111,324,50,56,4,16736,Pull,4,20,6.1
user_000049,2026-07-25,52.0,2229,85,326,65,47,5,11301,Upper,1,20,7.6
user_000049,2026-07-26,52.2,1948,87,292,48,37,4,6729,Pull,5,18,8.6
user_000049,2026-07-27,52.3,2157,90,321,57,38,5,12924,Push,2,20,8.3
user_000049,2026-07-28,52.2,1529,87,185,49,7,5,6934,Legs,0,19,6.8
user_000049,2026-07-29,52.4,2160,114,318,48,34,5,17221,Pull,1,6,8.7
user_000049,2026-07-30,52.3,2222,99,335,54,49,5,5296,Push,2,10,8.5
user_000049,2026-07-31,52.4,1867,92,260,51,0,3,11935,Push,2,13,8.1
user_000049,2026-08-01,52.7,1922,98,243,62,32,4,16120,Push,0,8,9.0
user_000049,2026-08-02,52.6,2024,113,285,48,20,1,15682,Pull,3,17,7.6
user_000049,2026-08-03,52.9,2510,101,387,62,50,3,15887,Upper,5,6,7.3
user_000049,2026-08-04,52.6,1716,100,221,48,19,5,5597,Pull,4,6,6.7
user_000049,2026-08-05,52.8,1770,95,226,54,1,1,3151,Upper,0,11,8.2
user_000049,2026-08-06,52.8,1982,102,272,54,47,3,15305,Push,5,15,8.7
user_000049,2026-08-07,52.5,1323,104,130,43,20,1,3586,Push,4,15,7.6
user_000049,2026-08-08,52.5,2037,104,286,53,32,4,10999,Legs,1,16,7.5
user_000049,2026-08-09,52.2,1710,90,216,54,26,4,7521,Pull,2,6,7.7
user_000049,2026-08-10,52.4,1441,84,202,33,0,2,3479,Push,2,15,7.7
user_000049,2026-08-11,52.3,2859,95,424,87,46,5,16873,Rest,,,7.8
user_000049,2026-08-12,52.3,2264,112,319,60,51,1,13844,Pull,1,12,9.0
user_000049,2026-08-13,52.5,1818,100,242,50,33,1,12639,Pull,0,14,7.1
user_000049,2026-08-14,52.4,2137,86,338,49,7,4,17231,Rest,,,7.0
user_000049,2026-08-15,52.2,2253,93,315,69,41,2,14339,Push,1,17,7.1
user_000049,2026-08-16,52.1,2516,114,389,56,43,4,14351,Push,4,16,6.7
user_000049,2026-08-17,51.9,1966,94,267,58,2,3,12884,Legs,1,20,7.7
user_000049,2026-08-18,51.8,2478,105,366,66,33,5,14228,Push,0,14,7.9
user_000049,2026-08-19,52.1,2194,96,322,58,38,1,14205,Push,1,15,6.4
user_000049,2026-08-20,52.2,2420,91,361,68,56,5,3750,Push,5,18,7.6
user_000049,2026-08-21,52.2,1863,91,278,43,13,3,4539,Pull,4,20,8.7
user_000049,2026-08-22,52.1,2396,89,366,64,9,5,13181,Legs,5,10,6.3
user_000049,2026-08-23,52.0,2107,95,299,59,37,3,7651,Legs,0,16,5.7
user_000049,2026-08-24,51.9,2052,89,298,56,52,1,12075,Pull,5,19,7.4
user_000049,2026-08-25,52.0,1914,92,274,50,7,5,9658,Rest,,,6.7
user_000049,2026-08-26,52.0,2388,114,357,56,25,3,15357,Upper,2,11,8.0
user_000049,2026-08-27,51.8,1882,96,253,54,11,2,7379,Legs,5,10,6.0
user_000049,2026-08-28,51.7,1972,107,287,44,14,5,6077,Upper,1,9,6.9
user_000049,2026-08-29,51.9,2749,84,457,65,34,5,17766,Pull,4,7,7.3
user_000049,2026-08-30,51.7,2199,92,298,71,26,4,8906,Push,0,12,8.2
user_000049,2026-08-31,51.8,2495,94,352,79,48,5,8589,Legs,3,17,6.7
user_000049,2026-09-01,51.7,2077,111,253,69,45,3,6051,Rest,,,5.7
user_000049,2026-09-02,51.5,2128,103,294,60,57,1,9006,Upper,5,19,6.5
user_000049,2026-09-03,51.8,2317,109,333,61,46,1,15794,Legs,4,9,7.0
user_000049,2026-09-04,51.7,1910,93,272,50,9,5,9845,Legs,2,20,7.8
user_000049,2026-09-05,52.0,2535,102,372,71,46,4,7299,Pull,4,18,8.8
user_000049,2026-09-06,52.3,2690,91,406,78,52,5,6375,Upper,2,16,6.1
user_000049,2026-09-07,52.1,2370,114,321,70,60,2,7667,Pull,2,15,6.2
user_000049,2026-09-08,52.3,2983,87,454,91,48,5,15481,Legs,4,15,8.5
user_000049,2026-09-09,52.4,2394,84,393,54,50,4,9236,Pull,3,11,5.8
user_000049,2026-09-10,52.2,2527,108,364,71,42,4,13545,Rest,,,8.6
user_000049,2026-09-11,52.2,1741,98,236,45,4,2,12139,Push,0,13,6.2
user_000049,2026-09-12,52.4,2563,98,356,83,21,4,15777,Legs,3,15,8.4
user_000049,2026-09-13,52.8,2186,102,305,62,8,4,11195,Upper,2,20,8.9
user_000049,2026-09-14,52.9,2339,99,344,63,60,3,10247,Pull,5,15,6.7
user_000049,2026-09-15,52.9,2225,108,311,61,38,3,8900,Rest,,,8.2
user_000049,2026-09-16,52.8,2301,114,315,65,60,4,5281,Rest,,,7.7
user_000049,2026-09-17,53.1,2239,99,310,67,45,3,5842,Pull,0,7,7.2
user_000049,2026-09-18,53.0,2149,113,314,49,43,2,11127,Legs,4,6,5.8
user_000049,2026-09-19,53.0,2242,109,294,70,30,4,8384,Upper,2,9,8.5
user_000049,2026-09-20,53.2,2082,108,300,50,23,4,4368,Upper,1,11,6.1
user_000049,2026-09-21,53.5,2511,105,345,79,26,4,12895,Legs,5,11,8.0
user_000049,2026-09-22,53.7,2810,111,416,78,38,5,5999,Legs,2,18,8.2
user_000049,2026-09-23,53.6,2093,103,310,49,26,1,13260,Rest,,,6.8
user_000049,2026-09-24,53.7,2483,99,362,71,41,4,17234,Rest,,,5.9
user_000049,2026-09-25,53.9,2528,93,368,76,47,4,10333,Upper,3,7,8.0
user_000049,2026-09-26,54.1,1654,88,222,46,25,1,4388,Push,0,14,8.1
user_000049,2026-09-27,54.3,2092,98,317,48,36,3,3376,Legs,3,15,7.2
user_000049,2026-09-28,54.1,2289,96,312,73,3,2,16060,Legs,4,18,5.9
user_000049,2026-09-29,53.9,2393,107,363,57,47,5,4750,Upper,1,6,7.9
user_000049,2026-09-30,53.8,2355,92,355,63,46,2,5395,Rest,,,5.5
user_000049,2026-10-01,53.9,2746,108,376,90,56,5,10930,Rest,,,7.2
user_000049,2026-10-02,54.0,2139,113,271,67,32,2,7670,Legs,3,17,8.4
user_000049,2026-10-03,54.0,1656,88,209,52,47,1,7015,Rest,,,8.7
user_000049,2026-10-04,53.9,1712,97,232,44,20,4,8183,Rest,,,7.6
user_000049,2026-10-05,54.0,2310,92,319,74,40,4,3812,Legs,4,13,6.3
user_000049,2026-10-06,54.2,2354,91,331,74,46,4,11967,Legs,3,14,8.4
user_000049,2026-10-07,54.1,2337,113,352,53,23,4,5639,Pull,1,12,5.8
user_000049,2026-10-08,54.1,2281,87,337,65,37,5,17646,Pull,2,14,7.8
user_000049,2026-10-09,54.0,2174,92,303,66,26,3,7194,Rest,,,6.2
user_000049,2026-10-10,53.8,2170,113,272,70,27,1,17260,Upper,3,12,8.6
user_000049,2026-10-11,53.6,1869,94,245,57,55,2,6189,Push,5,18,8.4
user_000049,2026-10-12,53.9,2209,112,294,65,18,4,11623,Pull,5,8,6.4
user_000049,2026-10-13,54.0,2054,114,296,46,43,1,14060,Push,4,11,8.3
user_000049,2026-10-14,54.0,1975,95,293,47,7,3,5310,Rest,,,5.6
user_000049,2026-10-15,54.1,2427,117,330,71,36,5,14066,Rest,,,7.7
user_000049,2026-10-16,54.4,2550,106,347,82,39,5,5631,Legs,5,16,6.3
user_000049,2026-10-17,54.4,2423,88,358,71,30,5,17764,Upper,1,15,5.5
user_000049,2026-10-18,54.6,1858,95,275,42,15,1,15740,Rest,,,6.8
user_000049,2026-10-19,54.8,2006,94,286,54,22,5,10146,Rest,,,7.9
user_000049,2026-10-20,54.6,2475,106,371,63,40,3,14935,Legs,2,6,6.2
user_000049,2026-10-21,54.4,1717,117,211,45,3,3,5202,Pull,4,9,6.0
user_000049,2026-10-22,54.3,2097,115,299,49,54,2,13477,Rest,,,6.2
user_000049,2026-10-23,54.2,2341,96,352,61,49,3,17957,Upper,4,6,6.5
user_000049,2026-10-24,54.0,1882,89,260,54,1,1,11930,Pull,2,16,5.6
user_000049,2026-10-25,54.1,2182,97,318,58,11,5,10534,Pull,2,7,7.2
user_000049,2026-10-26,54.0,2170,91,330,54,33,5,3281,Pull,1,15,6.8
user_000049,2026-10-27,54.1,1887,101,238,59,16,2,5363,Rest,,,7.6
user_000049,2026-10-28,54.4,2192,88,307,68,34,5,3520,Legs,1,18,7.4
user_000049,2026-10-29,54.4,2180,111,299,60,48,1,16417,Legs,4,14,6.1
user_000049,2026-10-30,54.7,2351,99,356,59,52,1,16412,Pull,0,7,7.3
user_000049,2026-10-31,54.6,2353,114,346,57,60,2,14728,Rest,,,6.4
user_000049,2026-11-01,54.5,1773,92,250,45,60,2,4671,Upper,2,8,8.8
user_000049,2026-11-02,54.7,2066,115,271,58,43,2,16501,Rest,,,7.0
user_000049,2026-11-03,54.6,2996,91,487,76,56,5,17250,Push,0,12,8.0
user_000049,2026-11-04,54.9,2298,104,313,70,39,3,9208,Rest,,,8.4
user_000049,2026-11-05,54.8,2290,119,323,58,13,5,13559,Push,0,18,8.4
user_000049,2026-11-06,54.9,2076,115,278,56,25,4,6642,Rest,,,5.7
user_000049,2026-11-07,54.9,2249,107,336,53,17,5,13170,Rest,,,7.0
user_000049,2026-11-08,54.7,2197,100,330,53,14,2,3428,Push,5,17,7.5
user_000049,2026-11-09,54.4,2226,101,307,66,5,5,16914,Legs,1,18,5.9
user_000049,2026-11-10,54.7,2573,105,401,61,33,5,10083,Upper,0,10,6.0
user_000049,2026-11-11,54.8,2333,107,330,65,3,3,16243,Rest,,,7.8
user_000049,2026-11-12,54.7,2343,118,308,71,50,1,16042,Legs,2,13,6.6
user_000049,2026-11-13,54.5,2044,114,253,64,4,4,16447,Push,3,9,5.7
user_000049,2026-11-14,54.6,2432,112,361,60,48,4,13961,Legs,4,19,6.0
user_000049,2026-11-15,54.9,2047,90,316,47,49,1,8668,Push,3,6,8.2
user_000049,2026-11-16,54.8,3008,112,487,68,56,5,16559,Legs,3,16,6.2
user_000049,2026-11-17,55.1,2431,91,357,71,8,3,17942,Upper,5,12,6.6
user_000049,2026-11-18,55.2,2557,93,364,81,26,5,5915,Pull,1,13,5.9
user_000049,2026-11-19,55.3,2023,102,253,67,22,4,14826,Rest,,,6.9
user_000049,2026-11-20,55.3,2347,113,305,75,26,2,10862,Rest,,,6.3
user_000049,2026-11-21,55.0,1746,97,227,50,25,1,5018,Legs,0,7,6.4
user_000049,2026-11-22,55.0,2013,95,262,65,27,1,13322,Legs,3,6,6.7
user_000049,2026-11-23,55.1,1934,105,248,58,1,4,8408,Upper,0,18,6.8
user_000049,2026-11-24,55.3,2140,119,299,52,36,5,3045,Legs,4,18,7.2
user_000049,2026-11-25,55.4,2489,106,379,61,50,5,17787,Rest,,,5.9
user_000049,2026-11-26,55.8,2353,99,343,65,30,3,10885,Pull,1,6,8.0
user_000049,2026-11-27,55.6,2381,120,302,77,43,2,12926,Rest,,,7.1
user_000050,2026-07-01,51.3,1466,92,198,34,12,2,16871,Pull,5,9,7.2
user_000050,2026-07-02,51.3,1572,97,197,44,1,3,17537,Pull,0,15,5.7
user_000050,2026-07-03,51.2,1276,106,132,36,10,2,11626,Push,3,11,6.7
user_000050,2026-07-04,51.2,1395,84,186,35,57,3,4840,Push,1,16,7.3
user_000050,2026-07-05,50.9,1532,102,200,36,23,2,17218,Legs,1,8,5.8
user_000050,2026-07-06,51.0,1863,99,261,47,51,4,9321,Rest,,,6.4
user_000050,2026-07-07,50.8,1784,95,225,56,37,4,17397,Push,3,7,7.8
user_000050,2026-07-08,50.6,1402,103,144,46,42,2,4679,Pull,5,6,6.8
user_000050,2026-07-09,50.7,1314,88,164,34,10,2,16894,Push,5,16,6.6
user_000050,2026-07-10,50.9,1717,87,223,53,46,2,15201,Rest,,,6.0
user_000050,2026-07-11,51.0,1803,109,245,43,7,5,15062,Pull,5,14,6.2
user_000050,2026-07-12,51.1,1716,107,214,48,5,5,14186,Push,4,16,8.5
user_000050,2026-07-13,51.1,1552,83,224,36,59,1,9404,Rest,,,8.3
user_000050,2026-07-14,51.1,1525,102,169,49,28,4,17439,Legs,5,8,6.9
user_000050,2026-07-15,50.8,1828,89,233,60,49,5,8042,Upper,4,8,7.6
user_000050,2026-07-16,50.8,1451,101,165,43,46,3,9378,Push,3,10,8.1
user_000050,2026-07-17,50.8,1598,109,178,50,53,3,10998,Push,1,6,6.8
user_000050,2026-07-18,50.5,1282,90,154,34,37,3,5721,Upper,5,17,8.0
user_000050,2026-07-19,50.2,1685,91,220,49,53,3,16466,Push,2,19,8.8
user_000050,2026-07-20,50.2,1653,89,241,37,33,5,10670,Legs,1,20,8.3
user_000050,2026-07-21,50.2,1400,108,143,44,47,1,13923,Rest,,,7.4
user_000050,2026-07-22,50.2,1286,92,153,34,29,1,8776,Rest,,,7.9
user_000050,2026-07-23,50.1,1975,94,258,63,56,3,15343,Pull,1,19,8.8
user_000050,2026-07-24,49.9,1711,85,219,55,28,5,14175,Pull,2,10,6.9
user_000050,2026-07-25,49.5,1546,102,208,34,33,5,6479,Pull,2,9,6.8
user_000050,2026-07-26,49.2,1546,89,212,38,39,4,13461,Pull,0,11,8.5
user_000050,2026-07-27,49.2,1412,90,182,36,26,3,13318,Legs,5,8,6.1
user_000050,2026-07-28,49.5,1879,103,234,59,60,3,8285,Push,1,7,6.1
user_000050,2026-07-29,49.4,1300,107,146,32,26,3,9531,Legs,4,19,6.9
user_000050,2026-07-30,49.6,1491,85,182,47,13,1,14208,Rest,,,8.9
user_000050,2026-07-31,49.8,1476,90,180,44,33,5,8974,Rest,,,7.0
user_000050,2026-08-01,50.0,1529,109,181,41,13,1,17889,Upper,4,9,5.7
user_000050,2026-08-02,50.2,1467,104,184,35,50,2,5625,Legs,2,15,6.1
user_000050,2026-08-03,50.4,1332,83,151,44,11,1,11219,Pull,2,20,8.7
user_000050,2026-08-04,50.2,1493,109,181,37,18,5,12913,Legs,0,9,8.0
user_000050,2026-08-05,50.0,1742,99,215,54,32,5,5397,Rest,,,8.8
user_000050,2026-08-06,49.7,2059,93,289,59,56,5,5876,Legs,2,17,9.0
user_000050,2026-08-07,49.6,1712,81,230,52,58,4,8950,Upper,2,11,7.2
user_000050,2026-08-08,49.3,1843,93,244,55,28,5,6543,Legs,5,16,6.7
user_000050,2026-08-09,49.3,1564,93,217,36,31,4,6252,Legs,5,8,7.3
user_000050,2026-08-10,49.4,1517,89,198,41,53,1,7184,Pull,3,11,7.2
user_000050,2026-08-11,49.2,1706,94,238,42,55,3,14010,Legs,3,15,7.0
user_000050,2026-08-12,49.0,1532,79,223,36,54,3,8107,Legs,4,17,7.7
user_000050,2026-08-13,49.1,1904,87,263,56,37,5,17681,Rest,,,5.6
user_000050,2026-08-14,48.7,1717,102,235,41,35,5,13112,Pull,2,16,6.6
user_000050,2026-08-15,48.6,1335,102,135,43,4,4,12949,Upper,0,11,7.9
user_000050,2026-08-16,48.6,2192,86,327,60,43,5,13087,Legs,4,16,6.3
user_000050,2026-08-17,48.5,1207,81,160,27,35,2,9095,Upper,2,6,8.8
user_000050,2026-08-18,48.2,1391,84,176,39,2,1,11650,Rest,,,7.9
user_000050,2026-08-19,48.3,1276,83,173,28,15,1,3159,Push,4,9,6.1
user_000050,2026-08-20,48.0,1484,82,199,40,29,4,11611,Pull,0,12,8.5
user_000050,2026-08-21,48.2,1060,82,129,24,21,2,5409,Pull,0,13,5.6
user_000050,2026-08-22,48.3,1215,77,148,35,22,1,11426,Push,5,9,7.2
user_000050,2026-08-23,48.1,1760,88,235,52,42,4,10213,Push,3,19,6.6
user_000050,2026-08-24,48.1,1967,101,267,55,34,5,16930,Push,1,9,7.9
user_000050,2026-08-25,48.0,1410,94,173,38,24,4,13321,Legs,1,8,6.7
user_000050,2026-08-26,48.2,1086,82,131,26,6,2,3600,Pull,1,17,6.2
user_000050,2026-08-27,47.9,1629,101,205,45,52,3,12553,Upper,1,6,8.5
user_000050,2026-08-28,47.7,1140,89,115,36,10,4,6160,Upper,4,18,8.8
user_000050,2026-08-29,47.9,1392,96,162,40,0,5,17572,Rest,,,5.7
user_000050,2026-08-30,48.0,1310,103,139,38,6,4,16075,Push,5,17,8.5
user_000050,2026-08-31,47.7,1135,95,110,35,16,1,6248,Push,5,9,5.5
user_000050,2026-09-01,47.6,1595,102,209,39,35,1,11821,Pull,2,6,7.6
user_000050,2026-09-02,47.4,1118,85,127,30,10,4,4179,Rest,,,8.6
user_000050,2026-09-03,47.1,1342,94,156,38,58,2,8150,Push,1,12,7.0
user_000050,2026-09-04,47.2,1694,83,219,54,16,5,7233,Push,0,9,7.5
user_000050,2026-09-05,47.0,1448,85,178,44,13,1,8566,Rest,,,6.7
user_000050,2026-09-06,47.3,1831,94,249,51,19,2,6842,Rest,,,6.6
user_000050,2026-09-07,47.2,2161,80,305,69,35,5,7650,Upper,1,19,7.1
user_000050,2026-09-08,47.0,1812,87,267,44,45,5,4141,Pull,1,8,5.8
user_000050,2026-09-09,47.0,2030,93,284,58,5,4,17980,Legs,0,18,5.8
user_000050,2026-09-10,47.3,2042,75,305,58,14,5,11770,Pull,4,13,8.2
user_000050,2026-09-11,47.0,1627,86,233,39,32,5,5068,Push,4,19,7.5
user_000050,2026-09-12,47.1,1902,85,296,42,9,5,8357,Pull,0,10,6.7
user_000050,2026-09-13,47.2,1655,100,199,51,47,3,6653,Rest,,,8.8
user_000050,2026-09-14,47.0,1746,84,240,50,6,5,14048,Legs,0,7,6.6
user_000050,2026-09-15,47.0,1929,103,269,49,25,1,13368,Upper,4,12,9.0
user_000050,2026-09-16,46.8,1613,81,239,37,37,1,10053,Rest,,,8.8
user_000050,2026-09-17,47.0,2426,75,401,58,49,5,8628,Upper,2,10,6.9
user_000050,2026-09-18,47.1,2516,86,390,68,54,4,14185,Rest,,,6.5
user_000050,2026-09-19,47.3,2506,90,361,78,54,4,17799,Rest,,,7.2
user_000050,2026-09-20,47.2,2075,94,319,47,25,2,12254,Rest,,,8.1
user_000050,2026-09-21,47.5,1824,92,238,56,17,3,10051,Pull,1,9,6.3
user_000050,2026-09-22,47.5,1690,91,237,42,37,1,8252,Push,5,14,6.3
user_000050,2026-09-23,47.7,1982,100,274,54,27,5,14534,Upper,3,7,8.8
user_000050,2026-09-24,47.7,2253,94,332,61,46,5,3473,Pull,4,8,7.4
user_000050,2026-09-25,47.4,1879,90,247,59,54,1,5095,Upper,2,20,6.6
user_000050,2026-09-26,47.5,2099,92,300,59,48,3,7955,Legs,0,18,5.5
user_000050,2026-09-27,47.7,1582,81,211,46,19,1,6828,Push,0,8,8.9
user_000050,2026-09-28,47.7,1475,84,197,39,17,3,4741,Upper,5,18,6.0
user_000050,2026-09-29,48.0,1834,77,287,42,28,4,9217,Rest,,,8.0
user_000050,2026-09-30,48.2,1767,94,233,51,54,1,8975,Pull,5,7,8.7
user_000050,2026-10-01,48.4,1639,104,218,39,3,3,10160,Legs,5,19,6.5
user_000050,2026-10-02,48.3,1683,79,227,51,25,5,3038,Pull,4,7,7.1
user_000050,2026-10-03,48.4,1693,93,238,41,21,2,10640,Push,0,13,6.9
user_000050,2026-10-04,48.1,2035,89,278,63,41,4,5884,Rest,,,5.9
user_000050,2026-10-05,48.2,1534,79,192,50,42,1,7454,Upper,2,16,5.8
user_000050,2026-10-06,48.3,2452,84,376,68,47,4,16563,Upper,0,17,6.4
user_000050,2026-10-07,48.4,1583,82,208,47,8,1,9937,Rest,,,8.9
user_000050,2026-10-08,48.3,2269,99,304,73,32,5,17876,Pull,5,15,5.7
user_000050,2026-10-09,48.3,2335,97,327,71,47,5,16545,Rest,,,6.1
user_000050,2026-10-10,48.3,1940,90,278,52,18,1,12169,Upper,4,16,7.9
user_000050,2026-10-11,48.5,1699,78,223,55,20,2,10143,Pull,0,9,5.9
user_000050,2026-10-12,48.5,2143,88,324,55,56,4,11831,Legs,0,17,7.0
user_000050,2026-10-13,48.7,2000,82,274,64,39,4,13896,Rest,,,7.8
user_000050,2026-10-14,48.7,1620,99,198,48,49,1,4906,Legs,5,11,7.0
user_000050,2026-10-15,48.5,1755,100,224,51,57,2,11325,Legs,1,10,8.9
user_000050,2026-10-16,48.8,1727,83,234,51,23,1,10780,Upper,4,12,8.0
user_000050,2026-10-17,48.7,1648,106,207,44,55,2,10156,Legs,3,6,7.8
user_000050,2026-10-18,48.7,1543,81,226,35,12,3,7956,Legs,1,16,7.7
user_000050,2026-10-19,48.5,1681,83,245,41,15,5,5396,Rest,,,5.7
user_000050,2026-10-20,48.4,1833,85,254,53,1,4,15181,Upper,0,17,8.9
user_000050,2026-10-21,48.1,1684,88,234,44,12,4,11574,Rest,,,5.9
user_000050,2026-10-22,48.2,1879,82,282,47,27,1,14476,Upper,5,17,6.7
user_000050,2026-10-23,48.3,1496,96,170,48,35,2,6067,Push,4,17,5.7
user_000050,2026-10-24,48.5,1785,78,267,45,16,4,13833,Rest,,,6.2
user_000050,2026-10-25,48.7,2008,106,288,48,37,1,15651,Push,0,20,6.4
user_000050,2026-10-26,48.9,1704,89,220,52,18,1,17275,Legs,0,19,6.7
user_000050,2026-10-27,49.1,1793,101,255,41,60,1,7006,Pull,4,18,7.2
user_000050,2026-10-28,48.9,1572,86,217,40,2,3,12174,Push,0,6,7.8
user_000050,2026-10-29,48.9,1399,91,180,35,21,1,6574,Rest,,,5.5
user_000050,2026-10-30,49.2,2038,97,291,54,48,1,16227,Pull,4,7,6.7
user_000050,2026-10-31,49.1,1676,85,217,52,26,2,8028,Push,5,10,8.5
user_000050,2026-11-01,49.2,2175,85,317,63,40,4,16957,Rest,,,8.6
user_000050,2026-11-02,49.3,1720,101,239,40,58,1,8185,Pull,4,15,6.1
user_000050,2026-11-03,49.4,1973,106,268,53,29,2,14187,Push,1,16,8.0
user_000050,2026-11-04,49.6,2227,93,340,55,43,4,13221,Rest,,,8.9
user_000050,2026-11-05,49.7,2562,98,385,70,60,4,10720,Pull,3,19,7.2
user_000050,2026-11-06,49.7,2201,102,311,61,51,2,12542,Pull,4,7,6.9
user_000050,2026-11-07,49.8,1582,107,203,38,45,1,4209,Pull,0,19,8.9
user_000050,2026-11-08,49.6,1916,85,277,52,25,5,7890,Upper,2,15,7.8
user_000050,2026-11-09,49.3,2042,89,318,46,20,4,17364,Pull,0,10,6.4
user_000050,2026-11-10,49.6,2197,84,328,61,55,4,9534,Pull,5,17,7.9
user_000050,2026-11-11,49.6,2126,94,298,62,48,3,14371,Rest,,,5.9
user_000050,2026-11-12,49.5,1692,91,233,44,11,2,14880,Upper,3,7,8.2
user_000050,2026-11-13,49.8,2000,104,279,52,30,4,10322,Pull,2,14,6.1
user_000050,2026-11-14,50.0,1802,99,248,46,1,5,17161,Pull,5,7,5.6
user_000050,2026-11-15,50.0,1317,92,154,37,3,5,9320,Rest,,,7.9
user_000050,2026-11-16,50.2,1769,109,241,41,28,2,16658,Legs,4,14,6.2
user_000050,2026-11-17,50.4,1617,88,215,45,40,4,10804,Upper,1,7,7.1
user_000050,2026-11-18,50.7,1568,84,218,40,39,2,4787,Rest,,,5.5
user_000050,2026-11-19,50.9,1675,83,212,55,52,1,16146,Rest,,,5.5
user_000050,2026-11-20,50.6,1322,100,145,38,29,3,3610,Rest,,,6.2
user_000050,2026-11-21,50.6,1884,107,229,60,40,5,4751,Upper,2,10,6.5
user_000050,2026-11-22,50.8,1707,104,226,43,42,2,4931,Pull,5,18,6.5
user_000050,2026-11-23,50.4,1552,84,214,40,36,3,7032,Legs,1,6,7.5
user_000050,2026-11-24,50.7,1772,98,255,40,12,5,5710,Rest,,,5.5
user_000050,2026-11-25,50.6,1608,97,224,36,30,4,8444,Upper,0,19,8.0
user_000050,2026-11-26,50.7,1444,108,172,36,10,3,10854,Push,4,6,8.3
user_000050,2026-11-27,50.7,2078,81,290,66,58,5,9162,Rest,,,7.5
user_000051,2026-07-01,51.4,1465,103,171,41,8,1,14456,Pull,0,15,6.7
user_000051,2026-07-02,51.5,1619,111,197,43,16,1,12737,Rest,,,7.6
user_000051,2026-07-03,51.5,1090,103,93,34,4,4,6017,Legs,3,8,7.1
user_000051,2026-07-04,51.5,1774,92,230,54,47,1,17867,Legs,3,10,6.4
user_000051,2026-07-05,51.5,1244,86,135,40,12,1,13376,Legs,3,11,8.9
user_000051,2026-07-06,51.2,1441,82,204,33,52,2,12241,Push,2,10,6.1
user_000051,2026-07-07,51.4,1464,88,197,36,15,4,15736,Rest,,,6.6
user_000051,2026-07-08,51.4,1490,100,187,38,32,1,14687,Push,5,8,7.8
user_000051,2026-07-09,51.2,1757,83,237,53,17,2,17803,Rest,,,8.0
user_000051,2026-07-10,51.3,1512,90,189,44,25,1,16781,Push,3,11,8.5
user_000051,2026-07-11,51.3,1926,102,276,46,40,4,16016,Upper,4,14,8.9
user_000051,2026-07-12,51.0,1089,87,111,33,7,2,4210,Pull,0,16,6.1
user_000051,2026-07-13,51.1,1417,111,151,41,2,3,15559,Pull,0,11,8.2
user_000051,2026-07-14,51.2,1643,104,192,51,15,1,17392,Upper,0,16,7.3
user_000051,2026-07-15,51.0,1405,104,155,41,14,2,11836,Pull,3,14,7.3
user_000051,2026-07-16,50.7,1671,93,237,39,24,2,17178,Upper,2,14,5.7
user_000051,2026-07-17,50.6,1451,89,195,35,12,2,12075,Push,3,8,5.6
user_000051,2026-07-18,50.3,1438,105,169,38,16,3,11787,Legs,2,8,7.7
user_000051,2026-07-19,50.6,2085,93,318,49,40,5,9939,Upper,1,9,6.3
user_000051,2026-07-20,50.7,1639,84,238,39,48,3,17441,Legs,4,6,8.5
user_000051,2026-07-21,50.4,1787,104,210,59,51,5,16372,Upper,0,20,7.6
user_000051,2026-07-22,50.7,1622,102,209,42,59,2,13587,Upper,4,18,6.9
user_000051,2026-07-23,50.8,1807,96,223,59,38,4,13660,Pull,4,18,6.1
user_000051,2026-07-24,50.9,1377,85,158,45,10,1,9261,Push,0,20,8.8
user_000051,2026-07-25,50.6,1485,96,201,33,5,5,15383,Upper,1,14,8.7
user_000051,2026-07-26,50.7,1549,90,196,45,16,4,12679,Upper,3,18,8.0
user_000051,2026-07-27,50.8,1711,107,215,47,41,5,9186,Push,0,13,6.9
user_000051,2026-07-28,50.4,1243,99,124,39,49,1,10707,Rest,,,6.2
user_000051,2026-07-29,50.3,1496,89,186,44,23,2,17042,Upper,4,12,7.6
user_000051,2026-07-30,50.2,1260,109,125,36,39,1,5448,Push,4,16,6.5
user_000051,2026-07-31,50.0,1887,105,243,55,48,4,7365,Upper,3,8,5.7
user_000051,2026-08-01,49.8,1469,96,179,41,13,2,17536,Pull,3,12,8.8
user_000051,2026-08-02,49.8,1551,105,186,43,31,3,7417,Upper,0,9,5.8
user_000051,2026-08-03,50.0,1571,97,199,43,35,4,13207,Pull,0,13,9.0
user_000051,2026-08-04,49.7,1263,102,126,39,60,1,10323,Legs,4,8,6.2
user_000051,2026-08-05,49.4,1630,86,236,38,33,4,9564,Push,1,17,7.0
user_000051,2026-08-06,49.2,1199,85,136,35,18,1,12998,Pull,4,20,5.8
user_000051,2026-08-07,49.1,1533,101,172,49,47,2,10233,Rest,,,8.9
user_000051,2026-08-08,49.0,1222,105,124,34,12,1,9820,Push,5,10,6.3
user_000051,2026-08-09,49.2,1621,78,226,45,5,4,9169,Rest,,,6.8
user_000051,2026-08-10,49.4,1408,98,173,36,17,1,14117,Legs,4,19,6.8
user_000051,2026-08-11,49.4,1469,80,186,45,9,1,13655,Pull,2,11,7.4
user_000051,2026-08-12,49.1,1687,87,247,39,56,2,16814,Upper,4,12,5.7
user_000051,2026-08-13,48.8,1322,107,129,42,9,1,11295,Upper,1,8,8.1
user_000051,2026-08-14,49.1,1582,94,189,50,43,1,15244,Rest,,,5.8
user_000051,2026-08-15,48.7,1295,87,149,39,17,5,5229,Push,1,7,5.8
user_000051,2026-08-16,48.8,1392,102,165,36,29,1,7198,Legs,4,10,7.3
user_000051,2026-08-17,48.9,1441,93,184,37,2,1,12042,Legs,4,15,8.7
user_000051,2026-08-18,48.8,2026,95,281,58,56,4,12784,Pull,1,20,5.7
user_000051,2026-08-19,48.5,1184,104,111,36,3,1,6336,Pull,0,8,6.3
user_000051,2026-08-20,48.4,1482,90,177,46,9,4,6854,Pull,4,13,6.0
user_000051,2026-08-21,48.1,1457,87,185,41,56,1,4311,Upper,2,6,5.7
user_000051,2026-08-22,48.0,1589,99,206,41,14,5,16191,Rest,,,7.9
user_000051,2026-08-23,48.2,1556,93,206,40,19,5,6668,Legs,3,15,8.6
user_000051,2026-08-24,47.9,1463,96,164,47,59,3,3794,Rest,,,7.5
user_000051,2026-08-25,48.0,1365,87,153,45,47,2,7148,Pull,1,18,7.1
user_000051,2026-08-26,48.2,1187,97,121,35,38,3,3963,Legs,2,8,9.0
user_000051,2026-08-27,48.0,1258,91,147,34,11,1,6377,Legs,5,18,8.9
user_000051,2026-08-28,47.9,1534,81,208,42,12,2,8723,Upper,3,6,7.2
user_000051,2026-08-29,47.7,1615,89,227,39,35,4,11952,Pull,5,6,7.3
user_000051,2026-08-30,47.8,1791,79,263,47,40,2,12591,Pull,0,20,6.7
user_000051,2026-08-31,47.9,1164,80,130,36,8,5,6131,Push,3,20,6.2
user_000051,2026-09-01,48.0,1460,91,193,36,39,3,5182,Pull,2,11,7.6
user_000051,2026-09-02,48.3,1605,97,194,49,46,2,15081,Upper,0,19,6.4
user_000051,2026-09-03,47.9,1250,87,140,38,41,2,7981,Legs,1,10,8.8
user_000051,2026-09-04,47.8,1673,100,199,53,18,4,6051,Upper,4,20,8.9
user_000051,2026-09-05,47.8,1972,84,274,60,52,4,15413,Rest,,,7.2
user_000051,2026-09-06,48.1,1305,83,151,41,51,1,11735,Push,0,11,8.1
user_000051,2026-09-07,48.1,1280,93,146,36,9,2,8747,Pull,1,19,8.0
user_000051,2026-09-08,48.1,1618,98,212,42,36,1,13676,Push,1,10,7.0
user_000051,2026-09-09,48.3,1623,78,240,39,5,2,16263,Push,1,13,7.8
user_000051,2026-09-10,48.1,1893,100,245,57,16,5,16753,Rest,,,7.5
user_000051,2026-09-11,47.9,1895,96,254,55,47,2,17576,Upper,2,18,7.4
user_000051,2026-09-12,47.9,1576,78,199,52,14,5,6168,Rest,,,8.7
user_000051,2026-09-13,47.8,1432,83,176,44,11,4,8183,Legs,0,12,5.6
user_000051,2026-09-14,47.9,1821,78,267,49,17,5,17632,Pull,1,7,8.3
user_000051,2026-09-15,47.7,1477,99,169,45,8,4,13281,Rest,,,8.5
user_000051,2026-09-16,47.4,1576,104,173,52,12,4,12583,Legs,3,15,7.6
user_000051,2026-09-17,47.5,1557,92,196,45,22,1,17995,Upper,4,19,8.1
user_000051,2026-09-18,47.3,1882,98,278,42,44,5,12895,Rest,,,6.7
user_000051,2026-09-19,47.1,2329,100,309,77,45,3,17894,Pull,3,16,8.3
user_000051,2026-09-20,46.9,1962,88,272,58,59,1,16063,Legs,5,7,8.3
user_000051,2026-09-21,46.9,1978,85,279,58,22,3,8594,Rest,,,8.3
user_000051,2026-09-22,47.2,1935,85,293,47,44,3,14984,Legs,2,20,6.4
user_000051,2026-09-23,47.0,2205,102,321,57,51,3,14521,Legs,2,9,7.6
user_000051,2026-09-24,46.8,1998,91,260,66,17,2,17778,Pull,1,16,8.1
user_000051,2026-09-25,46.9,1722,83,262,38,23,1,12297,Legs,4,10,7.9
user_000051,2026-09-26,47.1,1553,97,208,37,1,5,7963,Legs,5,19,7.4
user_000051,2026-09-27,46.9,1696,79,246,44,9,5,9735,Legs,0,11,6.9
user_000051,2026-09-28,46.8,2281,91,315,73,49,5,9676,Legs,5,15,8.5
user_000051,2026-09-29,46.8,1801,102,256,41,7,5,13578,Upper,5,15,6.8
user_000051,2026-09-30,47.0,2482,93,397,58,36,5,14906,Pull,5,8,7.0
user_000051,2026-10-01,47.2,1705,88,219,53,34,1,9061,Rest,,,7.1
user_000051,2026-10-02,47.0,2254,85,339,62,57,3,15890,Pull,1,17,7.4
user_000051,2026-10-03,46.9,1918,88,288,46,48,4,12716,Upper,5,17,8.0
user_000051,2026-10-04,46.7,1598,102,194,46,4,3,10099,Legs,4,11,7.2
user_000051,2026-10-05,46.9,1972,79,270,64,29,5,7112,Upper,5,10,6.6
user_000051,2026-10-06,47.2,1793,76,253,53,8,5,7405,Legs,4,6,6.8
user_000051,2026-10-07,47.4,1817,97,229,57,17,4,9224,Push,2,20,5.9
user_000051,2026-10-08,47.2,1840,82,279,44,12,2,14726,Pull,5,19,8.5
user_000051,2026-10-09,47.1,1731,96,240,43,40,2,3712,Push,2,12,6.5
user_000051,2026-10-10,47.0,1964,91,301,44,32,3,13789,Rest,,,7.0
user_000051,2026-10-11,47.0,1900,95,281,44,35,5,3142,Push,2,6,5.8
user_000051,2026-10-12,47.0,1623,97,203,47,9,2,13502,Pull,3,15,5.6
user_000051,2026-10-13,47.1,1683,99,207,51,8,5,7968,Push,1,11,7.5
user_000051,2026-10-14,46.8,1833,88,242,57,24,4,8046,Push,3,17,6.7
user_000051,2026-10-15,46.7,1497,84,180,49,2,4,6568,Push,3,12,6.2
user_000051,2026-10-16,46.6,1570,88,192,50,1,3,12785,Pull,3,12,7.6
user_000051,2026-10-17,46.4,1954,102,274,50,27,4,10070,Legs,4,11,8.6
user_000051,2026-10-18,46.2,1783,86,263,43,44,3,3178,Upper,4,16,8.3
user_000051,2026-10-19,46.3,1441,100,186,33,33,3,4332,Legs,3,9,7.9
user_000051,2026-10-20,46.3,2110,82,315,58,19,5,15461,Legs,0,6,7.3
user_000051,2026-10-21,46.2,1383,92,166,39,6,3,6421,Legs,0,15,8.4
user_000051,2026-10-22,46.0,1765,76,264,45,17,2,4688,Pull,1,17,6.3
user_000051,2026-10-23,46.1,1453,88,174,45,18,1,7599,Pull,3,10,8.7
user_000051,2026-10-24,46.0,2179,79,306,71,47,5,14283,Pull,3,10,6.4
user_000051,2026-10-25,45.9,1455,87,198,35,12,1,7146,Push,5,6,7.4
user_000051,2026-10-26,45.9,1997,78,311,49,16,3,10831,Upper,5,11,8.4
user_000051,2026-10-27,46.0,1942,93,271,54,11,4,6823,Rest,,,5.6
user_000051,2026-10-28,45.8,2152,78,307,68,53,1,14875,Push,1,11,6.9
user_000051,2026-10-29,45.6,2424,80,355,76,45,3,17261,Rest,,,6.9
user_000051,2026-10-30,45.4,1811,93,263,43,42,3,9676,Upper,4,14,8.7
user_000051,2026-10-31,45.4,1964,90,293,48,40,4,10433,Upper,2,6,5.7
user_000051,2026-11-01,45.6,1814,80,252,54,17,3,13822,Pull,5,12,6.7
user_000051,2026-11-02,45.4,2053,86,281,65,60,1,16363,Upper,1,13,8.9
user_000051,2026-11-03,45.3,2159,73,343,55,25,5,9661,Rest,,,7.5
user_000051,2026-11-04,45.5,1677,91,209,53,59,1,7564,Pull,0,13,6.3
user_000051,2026-11-05,45.2,1669,91,234,41,45,1,13103,Push,2,19,7.0
user_000051,2026-11-06,45.1,1825,89,257,49,24,4,7012,Push,4,13,7.4
user_000051,2026-11-07,45.3,1758,83,226,58,58,4,7188,Rest,,,6.2
user_000051,2026-11-08,45.2,2063,73,337,47,42,4,6480,Rest,,,6.4
user_000051,2026-11-09,44.9,1966,74,305,50,50,1,13768,Pull,2,17,8.8
user_000051,2026-11-10,45.1,2257,76,333,69,55,4,9717,Upper,3,10,6.5
user_000051,2026-11-11,45.2,1727,79,238,51,19,1,11657,Push,1,7,6.5
user_000051,2026-11-12,45.5,1956,94,296,44,19,3,9575,Upper,4,8,8.9
user_000051,2026-11-13,45.6,1909,79,279,53,19,1,11706,Rest,,,5.9
user_000051,2026-11-14,45.3,1562,94,184,50,21,2,12841,Upper,2,20,8.7
user_000051,2026-11-15,45.4,1660,86,221,48,43,2,8296,Upper,4,20,5.9
user_000051,2026-11-16,45.1,1893,83,289,45,12,5,11108,Pull,4,14,7.7
user_000051,2026-11-17,45.2,2052,97,272,64,8,5,14756,Upper,4,6,6.1
user_000051,2026-11-18,45.0,1514,89,204,38,14,2,8210,Pull,3,6,8.3
user_000051,2026-11-19,45.0,1573,77,215,45,8,5,7650,Legs,2,14,7.5
user_000051,2026-11-20,45.3,1748,78,260,44,39,2,4125,Rest,,,6.2
user_000051,2026-11-21,45.2,1670,93,221,46,28,1,6203,Push,4,6,5.9
user_000051,2026-11-22,45.2,2069,99,308,49,19,4,14807,Rest,,,7.4
user_000051,2026-11-23,45.2,1912,78,265,60,15,3,14153,Legs,5,11,8.7
user_000051,2026-11-24,45.0,2165,96,308,61,49,2,15563,Pull,5,19,7.0
user_000051,2026-11-25,44.7,2068,92,290,60,36,5,14899,Upper,3,10,6.9
user_000051,2026-11-26,44.8,2196,87,309,68,49,2,15776,Push,3,16,7.2
user_000051,2026-11-27,45.0,1480,85,204,36,60,1,10835,Upper,5,7,6.9
user_000052,2026-07-01,51.3,1695,98,238,39,46,3,5133,Legs,1,7,7.4
user_000052,2026-07-02,51.6,1632,111,180,52,4,2,9734,Legs,3,18,8.0
user_000052,2026-07-03,51.3,2044,99,277,60,26,4,3473,Rest,,,8.3
user_000052,2026-07-04,51.3,1880,102,260,48,35,2,4103,Pull,5,10,6.2
user_000052,2026-07-05,51.5,1671,103,200,51,55,2,5020,Legs,5,11,7.3
user_000052,2026-07-06,51.4,1611,106,182,51,13,5,3382,Legs,2,14,7.3
user_000052,2026-07-07,51.2,2353,89,380,53,59,5,8842,Legs,5,18,6.3
user_000052,2026-07-08,51.0,1772,103,241,44,11,4,15281,Legs,5,18,8.8
user_000052,2026-07-09,51.2,2099,93,290,63,7,5,11431,Legs,5,10,7.7
user_000052,2026-07-10,51.0,2148,82,338,52,44,4,6385,Rest,,,8.0
user_000052,2026-07-11,51.1,1849,82,243,61,8,1,14641,Rest,,,5.7
user_000052,2026-07-12,50.8,2042,102,305,46,51,4,6617,Rest,,,7.6
user_000052,2026-07-13,50.9,1959,100,293,43,57,2,6611,Pull,0,11,8.2
user_000052,2026-07-14,51.2,2305,98,359,53,49,4,4032,Push,2,8,5.5
user_000052,2026-07-15,51.2,1571,92,204,43,5,3,15323,Upper,2,14,6.7
user_000052,2026-07-16,51.5,1507,109,171,43,13,3,5488,Legs,1,11,6.4
user_000052,2026-07-17,51.8,2220,112,317,56,54,3,11774,Legs,5,12,8.8
user_000052,2026-07-18,51.7,2175,93,291,71,32,4,11712,Push,1,6,6.4
user_000052,2026-07-19,51.8,1517,96,173,49,37,1,5458,Pull,4,10,7.8
user_000052,2026-07-20,52.0,2724,86,433,72,41,5,15226,Rest,,,6.0
user_000052,2026-07-21,52.1,1702,91,222,50,5,5,14716,Push,4,8,5.8
user_000052,2026-07-22,52.0,2594,91,427,58,55,5,13080,Push,2,18,7.5
user_000052,2026-07-23,52.1,1916,101,243,60,14,5,9858,Upper,2,16,7.2
user_000052,2026-07-24,51.9,2239,87,331,63,58,4,8195,Rest,,,7.9
user_000052,2026-07-25,52.0,1995,107,250,63,25,1,10397,Legs,5,20,8.6
user_000052,2026-07-26,51.8,1889,90,245,61,10,5,6869,Rest,,,8.7
user_000052,2026-07-27,51.6,2257,90,337,61,47,4,10613,Rest,,,8.8
user_000052,2026-07-28,51.7,1935,109,242,59,22,2,8666,Rest,,,7.6
user_000052,2026-07-29,51.6,1636,100,201,48,9,3,3059,Pull,5,15,8.4
user_000052,2026-07-30,51.6,1877,108,242,53,2,3,16290,Pull,5,9,9.0
user_000052,2026-07-31,51.5,2271,101,325,63,41,5,12862,Push,1,11,6.6
user_000052,2026-08-01,51.7,1982,94,262,62,14,1,9952,Legs,2,18,7.6
user_000052,2026-08-02,51.6,1790,107,228,50,15,3,5286,Pull,0,16,5.9
user_000052,2026-08-03,51.8,2244,101,325,60,22,5,14751,Legs,4,16,8.6
user_000052,2026-08-04,51.9,1848,103,242,52,7,5,17152,Legs,4,9,7.5
user_000052,2026-08-05,51.9,2298,109,308,70,28,1,15955,Push,2,10,8.8
user_000052,2026-08-06,52.0,1541,85,190,49,9,4,5239,Rest,,,8.0
user_000052,2026-08-07,51.8,1819,110,239,47,21,1,12336,Legs,3,9,8.3
user_000052,2026-08-08,51.7,1398,90,165,42,9,3,12787,Push,1,15,6.0
user_000052,2026-08-09,51.5,2172,89,328,56,56,4,4957,Pull,2,16,8.5
user_000052,2026-08-10,51.3,1897,91,264,53,25,2,10950,Push,2,17,7.1
user_000052,2026-08-11,51.5,1699,109,219,43,38,1,7591,Pull,5,10,5.8
user_000052,2026-08-12,51.3,2222,88,328,62,15,2,15556,Legs,2,19,8.2
user_000052,2026-08-13,51.3,1898,93,269,50,35,2,12144,Upper,5,9,8.8
user_000052,2026-08-14,51.2,1538,107,165,50,18,5,3241,Push,4,7,8.0
user_000052,2026-08-15,51.0,2160,104,292,64,48,1,17476,Pull,2,18,8.9
user_000052,2026-08-16,50.9,1770,100,248,42,38,3,8438,Upper,3,18,5.5
user_000052,2026-08-17,50.7,1671,97,215,47,3,4,8388,Rest,,,7.2
user_000052,2026-08-18,50.7,1976,88,280,56,41,4,10809,Rest,,,7.2
user_000052,2026-08-19,50.5,2071,101,266,67,4,2,11694,Pull,5,9,7.4
user_000052,2026-08-20,50.5,2095,99,319,47,41,2,12470,Upper,5,7,7.2
user_000052,2026-08-21,50.4,1992,107,283,48,10,5,10205,Upper,4,9,6.3
user_000052,2026-08-22,50.2,1559,96,197,43,0,4,4363,Push,3,18,5.8
user_000052,2026-08-23,50.1,1585,101,203,41,23,3,3909,Legs,1,17,6.9
user_000052,2026-08-24,50.1,1657,102,202,49,5,1,12078,Pull,0,14,8.1
user_000052,2026-08-25,50.2,1756,100,249,40,2,5,15288,Push,2,15,7.0
user_000052,2026-08-26,50.0,1660,97,201,52,11,1,3356,Pull,1,10,6.5
user_000052,2026-08-27,49.9,2397,109,335,69,36,5,10931,Push,4,13,8.6
user_000052,2026-08-28,50.2,2080,96,307,52,0,3,17352,Push,0,20,6.6
user_000052,2026-08-29,49.9,1766,107,204,58,31,5,7948,Push,0,10,5.5
user_000052,2026-08-30,49.9,1720,92,239,44,22,1,6750,Legs,2,15,7.9
user_000052,2026-08-31,49.8,2298,91,326,70,58,4,14866,Upper,5,8,5.9
user_000052,2026-09-01,49.8,1879,94,243,59,7,1,17409,Rest,,,5.9
user_000052,2026-09-02,49.7,2281,98,344,57,47,3,17170,Legs,4,12,7.8
user_000052,2026-09-03,49.6,1737,84,249,45,26,3,3444,Rest,,,8.7
user_000052,2026-09-04,49.6,1334,94,154,38,21,5,5984,Rest,,,8.2
user_000052,2026-09-05,49.4,1318,81,154,42,3,2,9141,Push,3,6,7.4
user_000052,2026-09-06,49.5,1073,83,120,29,27,1,3498,Legs,1,17,8.0
user_000052,2026-09-07,49.3,1554,82,194,50,14,1,8809,Push,5,15,8.9
user_000052,2026-09-08,49.5,1396,88,189,32,27,3,8267,Pull,2,17,6.0
user_000052,2026-09-09,49.6,1482,105,189,34,42,4,6662,Push,1,12,7.8
user_000052,2026-09-10,49.7,1569,85,206,45,33,2,12880,Pull,4,12,8.7
user_000052,2026-09-11,49.6,1108,104,101,32,39,1,12093,Pull,5,18,6.5
user_000052,2026-09-12,49.7,1168,81,139,32,0,3,12801,Pull,3,16,7.7
user_000052,2026-09-13,49.7,1416,102,180,32,48,3,7001,Rest,,,6.1
user_000052,2026-09-14,49.9,1368,88,182,32,9,5,11753,Pull,3,20,6.2
user_000052,2026-09-15,49.7,1077,99,96,33,4,1,3289,Push,3,9,8.5
user_000052,2026-09-16,49.8,1471,105,166,43,36,1,9716,Push,2,16,8.3
user_000052,2026-09-17,49.6,1391,93,176,35,58,1,8994,Legs,4,20,7.2
user_000052,2026-09-18,49.5,1074,101,100,30,8,5,8412,Pull,2,11,6.9
user_000052,2026-09-19,49.3,1074,80,112,34,0,4,7096,Pull,5,15,5.7
user_000052,2026-09-20,49.4,1272,89,157,32,7,4,9484,Pull,2,16,6.1
user_000052,2026-09-21,49.1,1413,88,182,37,28,1,14408,Rest,,,6.9
user_000052,2026-09-22,49.3,1068,98,106,28,23,5,3934,Pull,5,18,6.9
user_000052,2026-09-23,49.3,1644,97,197,52,20,3,13659,Push,5,10,6.1
user_000052,2026-09-24,49.2,1571,79,199,51,46,5,3643,Push,3,7,8.6
user_000052,2026-09-25,49.0,1072,88,126,24,32,1,5269,Push,3,18,6.4
user_000052,2026-09-26,49.0,1206,89,127,38,7,1,4857,Legs,0,8,5.7
user_000052,2026-09-27,48.9,1498,84,205,38,14,3,12576,Legs,0,14,5.6
user_000052,2026-09-28,48.7,1069,97,105,29,13,3,6884,Pull,3,20,7.3
user_000052,2026-09-29,48.7,1476,83,196,40,49,1,12492,Rest,,,8.6
user_000052,2026-09-30,48.5,1511,100,172,47,42,3,13369,Rest,,,5.8
user_000052,2026-10-01,48.4,1489,100,162,49,2,2,17630,Rest,,,5.8
user_000052,2026-10-02,48.2,1793,95,225,57,60,5,5745,Legs,4,19,5.6
user_000052,2026-10-03,48.0,1359,79,182,35,10,1,10577,Rest,,,8.2
user_000052,2026-10-04,47.9,1845,102,267,41,54,5,6863,Push,5,20,6.3
user_000052,2026-10-05,47.7,1060,79,114,32,6,1,3766,Push,0,18,5.5
user_000052,2026-10-06,47.6,1149,79,152,25,8,4,6635,Upper,5,16,8.3
user_000052,2026-10-07,47.5,1530,101,187,42,28,3,15955,Push,2,14,8.8
user_000052,2026-10-08,47.2,1882,99,259,50,50,4,9921,Push,4,7,8.9
user_000052,2026-10-09,47.0,1069,97,105,29,46,1,3709,Legs,5,17,8.3
user_000052,2026-10-10,47.1,1420,102,172,36,10,3,15824,Push,1,8,8.3
user_000052,2026-10-11,46.9,1600,100,219,36,28,2,16312,Push,1,8,6.3
user_000052,2026-10-12,46.8,1696,97,228,44,51,5,4663,Push,3,19,8.1
user_000052,2026-10-13,46.8,1165,76,132,37,30,1,6959,Push,1,18,7.7
user_000052,2026-10-14,46.9,1631,98,222,39,48,4,3932,Legs,2,9,6.7
user_000052,2026-10-15,47.1,1697,77,246,45,28,5,13946,Rest,,,8.6
user_000052,2026-10-16,47.2,1905,84,282,49,39,5,14711,Legs,2,16,6.7
user_000052,2026-10-17,47.4,1055,102,101,27,59,1,6468,Push,2,19,6.3
user_000052,2026-10-18,47.3,1345,80,164,41,9,1,10679,Rest,,,7.0
user_000052,2026-10-19,47.2,1460,82,211,32,52,3,6392,Rest,,,7.9
user_000052,2026-10-20,46.8,1053,80,118,29,35,1,9567,Push,4,15,8.4
user_000052,2026-10-21,46.7,1383,78,189,35,19,5,7155,Push,5,20,6.1
user_000052,2026-10-22,46.6,1310,95,138,42,36,4,10550,Pull,2,15,7.9
user_000052,2026-10-23,46.8,1249,83,164,29,22,3,5355,Rest,,,6.6
user_000052,2026-10-24,46.6,1701,95,211,53,60,5,7419,Upper,3,16,6.0
user_000052,2026-10-25,46.4,1411,88,168,43,23,1,13559,Push,5,7,9.0
user_000052,2026-10-26,46.6,1134,97,128,26,23,3,4022,Push,2,15,6.6
user_000052,2026-10-27,46.6,1417,100,171,37,3,2,16765,Upper,0,12,5.6
user_000052,2026-10-28,46.6,1583,79,211,47,27,3,17005,Rest,,,7.9
user_000052,2026-10-29,46.8,1483,93,172,47,59,3,12089,Rest,,,5.9
user_000052,2026-10-30,46.9,1275,99,150,31,5,5,7580,Pull,4,9,5.9
user_000052,2026-10-31,46.9,1215,83,160,27,29,1,17744,Pull,2,16,7.3
user_000052,2026-11-01,46.9,1860,78,288,44,56,4,17245,Pull,2,9,8.2
user_000052,2026-11-02,47.0,1603,94,201,47,57,3,7989,Rest,,,8.3
user_000052,2026-11-03,46.9,1255,78,148,39,10,2,3622,Legs,4,13,6.5
user_000052,2026-11-04,46.6,1424,88,187,36,19,5,3639,Rest,,,5.5
user_000052,2026-11-05,46.6,1580,87,218,40,53,4,4607,Pull,0,15,8.5
user_000052,2026-11-06,46.5,1108,102,94,36,33,1,3569,Upper,5,17,5.5
user_000052,2026-11-07,46.5,1713,81,228,53,58,4,8467,Legs,0,10,7.1
user_000052,2026-11-08,46.2,1108,79,135,28,10,3,6254,Upper,3,18,6.0
user_000052,2026-11-09,46.3,1248,82,167,28,1,5,15272,Pull,1,7,6.2
user_000052,2026-11-10,46.1,1832,79,253,56,50,4,15344,Rest,,,6.4
user_000052,2026-11-11,46.1,2072,78,332,48,51,5,17630,Rest,,,9.0
user_000052,2026-11-12,45.9,1160,92,117,36,38,3,9927,Pull,3,7,7.1
user_000052,2026-11-13,45.9,1741,88,219,57,7,3,16127,Rest,,,8.4
user_000052,2026-11-14,45.6,1158,84,138,30,12,1,9656,Pull,2,18,8.9
user_000052,2026-11-15,45.4,1312,98,149,36,23,2,11458,Rest,,,5.8
user_000052,2026-11-16,45.3,2190,96,330,54,54,5,13554,Pull,3,20,7.2
user_000052,2026-11-17,45.6,2293,98,356,53,59,4,14534,Upper,4,7,6.9
user_000052,2026-11-18,45.3,2148,94,335,48,38,5,11792,Push,4,6,8.0
user_000052,2026-11-19,45.3,1810,79,279,42,18,4,10619,Rest,,,8.9
user_000052,2026-11-20,45.2,2058,97,296,54,43,3,12879,Push,0,15,6.4
user_000052,2026-11-21,45.3,2320,95,323,72,51,5,12876,Pull,0,13,7.7
user_000052,2026-11-22,45.1,1552,97,210,36,27,1,5287,Legs,0,7,6.0
user_000052,2026-11-23,45.4,1796,80,261,48,19,1,10919,Push,3,7,5.6
user_000052,2026-11-24,45.4,2037,95,286,57,47,2,7495,Pull,5,7,8.3
user_000052,2026-11-25,45.3,1444,78,184,44,18,4,3024,Rest,,,8.8
user_000052,2026-11-26,45.1,1785,81,273,41,46,2,12306,Rest,,,8.8
user_000052,2026-11-27,45.0,2017,93,310,45,26,3,15772,Push,5,12,6.3
user_000053,2026-07-01,51.3,1415,95,171,39,29,4,16874,Legs,4,16,5.9
user_000053,2026-07-02,50.9,1150,101,110,34,2,4,13017,Pull,2,7,7.5
user_000053,2026-07-03,50.7,1129,87,121,33,24,3,6586,Upper,1,11,8.8
user_000053,2026-07-04,50.6,1082,94,100,34,0,1,12864,Push,0,18,7.9
user_000053,2026-07-05,50.3,1552,107,182,44,23,4,14706,Rest,,,7.0
user_000053,2026-07-06,50.5,1583,82,217,43,40,5,16253,Upper,3,16,6.2
user_000053,2026-07-07,50.1,1195,91,129,35,37,3,5987,Push,4,17,7.1
user_000053,2026-07-08,50.0,1651,100,216,43,41,5,16380,Rest,,,6.9
user_000053,2026-07-09,49.7,1429,82,192,37,42,4,10474,Legs,0,14,8.1
user_000053,2026-07-10,49.5,1712,107,222,44,52,4,11243,Legs,5,6,6.8
user_000053,2026-07-11,49.3,1213,105,133,29,59,1,8667,Push,3,9,6.7
user_000053,2026-07-12,49.0,1070,100,91,34,31,2,4481,Legs,4,18,6.3
user_000053,2026-07-13,49.2,1980,81,297,52,49,5,16396,Push,4,8,8.3
user_000053,2026-07-14,49.0,1697,96,218,49,59,4,11910,Rest,,,8.5
user_000053,2026-07-15,49.1,1069,88,114,29,18,4,3146,Upper,3,20,6.9
user_000053,2026-07-16,48.8,1248,94,155,28,52,2,14042,Legs,1,9,5.8
user_000053,2026-07-17,48.7,1462,105,175,38,29,2,17352,Upper,2,6,6.7
user_000053,2026-07-18,48.5,1235,105,134,31,3,1,14597,Push,5,18,6.8
user_000053,2026-07-19,48.5,1402,84,190,34,24,3,17104,Upper,1,17,8.8
user_000053,2026-07-20,48.1,1063,81,124,27,33,2,3275,Rest,,,5.9
user_000053,2026-07-21,48.1,1307,92,165,31,32,1,8825,Pull,0,14,8.5
user_000053,2026-07-22,48.2,1107,103,113,27,5,4,9930,Upper,4,15,8.7
user_000053,2026-07-23,48.0,1508,77,192,48,35,1,17167,Upper,1,14,6.0
user_000053,2026-07-24,47.7,1061,103,88,33,17,3,6318,Legs,0,20,6.1
user_000053,2026-07-25,47.9,1407,84,189,35,6,3,11815,Rest,,,7.3
user_000053,2026-07-26,47.9,1165,90,118,37,57,2,17006,Pull,3,13,8.1
user_000053,2026-07-27,47.8,1223,88,157,27,44,1,11972,Push,0,17,8.7
user_000053,2026-07-28,47.5,1060,79,132,24,40,1,11050,Legs,3,14,8.9
user_000053,2026-07-29,47.3,1273,100,126,41,26,2,4223,Legs,5,17,7.6
user_000053,2026-07-30,47.4,1057,103,87,33,0,3,11990,Rest,,,6.0
user_000053,2026-07-31,47.4,1393,84,172,41,51,2,16509,Rest,,,8.4
user_000053,2026-08-01,47.3,1338,99,141,42,49,3,12921,Upper,4,9,8.3
user_000053,2026-08-02,47.2,1273,94,132,41,46,4,12099,Push,1,13,6.8
user_000053,2026-08-03,47.2,1054,100,96,30,0,1,9179,Push,0,9,6.4
user_000053,2026-08-04,46.9,1643,101,213,43,27,3,15477,Legs,2,11,7.4
user_000053,2026-08-05,47.1,1556,98,192,44,50,3,15949,Legs,1,7,7.5
user_000053,2026-08-06,47.0,1357,86,179,33,30,4,15005,Upper,0,20,5.5
user_000053,2026-08-07,46.9,1507,77,212,39,20,4,13124,Legs,4,9,6.1
user_000053,2026-08-08,46.9,1137,92,118,33,16,3,17573,Upper,5,13,8.2
user_000053,2026-08-09,47.0,1149,102,129,25,12,4,8530,Rest,,,8.6
user_000053,2026-08-10,47.0,1211,94,130,35,19,5,10715,Rest,,,6.4
user_000053,2026-08-11,47.2,1178,81,146,30,10,3,12583,Rest,,,8.7
user_000053,2026-08-12,47.4,1631,82,238,39,46,3,13341,Legs,4,14,9.0
user_000053,2026-08-13,47.5,1339,94,162,35,34,3,6461,Upper,1,11,6.9
user_000053,2026-08-14,47.7,1300,88,147,40,56,1,15515,Legs,4,9,6.3
user_000053,2026-08-15,47.7,1485,99,198,33,36,4,14474,Legs,1,10,6.2
user_000053,2026-08-16,47.6,1057,95,113,25,28,1,8570,Push,0,6,7.6
user_000053,2026-08-17,47.3,1485,103,176,41,41,3,17734,Upper,1,6,8.5
user_000053,2026-08-18,47.1,1505,79,214,37,45,5,15194,Upper,1,17,7.6
user_000053,2026-08-19,47.2,1099,100,96,35,13,4,15308,Upper,2,9,8.8
user_000053,2026-08-20,47.2,1515,92,190,43,30,3,17786,Push,1,16,7.0
user_000053,2026-08-21,47.0,1507,103,168,47,54,4,14181,Push,1,14,8.1
user_000053,2026-08-22,46.7,1534,96,211,34,23,5,13528,Upper,1,11,8.3
user_000053,2026-08-23,46.4,1051,95,107,27,7,5,11016,Push,1,13,8.8
user_000053,2026-08-24,46.5,1331,89,174,31,12,5,9069,Pull,1,7,8.8
user_000053,2026-08-25,46.3,1092,83,118,32,15,2,5665,Upper,2,15,8.1
user_000053,2026-08-26,46.1,1047,90,111,27,3,4,4967,Upper,3,8,8.2
user_000053,2026-08-27,46.3,1712,85,235,48,59,5,9290,Legs,5,8,7.5
user_000053,2026-08-28,46.4,1248,100,131,36,39,2,11890,Pull,4,10,7.7
user_000053,2026-08-29,46.3,1910,87,278,50,54,5,14617,Push,5,17,5.9
user_000053,2026-08-30,46.0,1670,93,230,42,29,5,6850,Push,0,19,6.9
user_000053,2026-08-31,45.8,1044,93,105,28,46,1,4494,Pull,0,9,8.9
user_000053,2026-09-01,45.6,1701,76,248,45,56,3,15606,Rest,,,9.0
user_000053,2026-09-02,45.6,1463,80,198,39,48,2,11498,Upper,3,9,6.6
user_000053,2026-09-03,45.6,1041,96,90,33,13,4,4839,Rest,,,7.4
user_000053,2026-09-04,45.5,1950,82,302,46,49,5,17473,Push,4,15,6.1
user_000053,2026-09-05,45.4,1063,89,107,31,20,1,6276,Upper,5,18,8.2
user_000053,2026-09-06,45.2,1894,97,237,62,60,5,13678,Upper,1,7,7.7
user_000053,2026-09-07,45.4,1318,80,155,42,5,4,15882,Rest,,,6.1
user_000053,2026-09-08,45.7,1294,78,178,30,26,3,6963,Legs,5,19,8.4
user_000053,2026-09-09,45.4,1347,74,175,39,11,5,15988,Upper,5,17,5.8
user_000053,2026-09-10,45.3,1160,99,110,36,12,5,8699,Legs,1,6,7.3
user_000053,2026-09-11,45.1,1860,77,253,60,59,3,17348,Legs,1,20,6.1
user_000053,2026-09-12,45.1,1281,87,159,33,23,4,3177,Upper,0,9,5.9
user_000053,2026-09-13,45.3,1314,80,172,34,15,5,9796,Upper,3,16,6.2
user_000053,2026-09-14,45.4,1036,85,102,32,8,2,7609,Upper,3,14,6.3
user_000053,2026-09-15,45.1,1218,85,152,30,59,2,3023,Push,2,9,7.5
user_000053,2026-09-16,45.2,1634,81,224,46,33,5,13486,Upper,1,13,6.7
user_000053,2026-09-17,44.9,1751,81,233,55,52,4,14753,Upper,0,7,7.7
user_000053,2026-09-18,45.0,1108,74,122,36,10,4,9549,Pull,2,14,5.6
user_000053,2026-09-19,44.8,1185,78,135,37,21,5,6864,Rest,,,5.7
user_000053,2026-09-20,44.9,1035,84,123,23,12,2,16488,Rest,,,9.0
user_000053,2026-09-21,44.8,1142,78,149,26,22,2,13144,Legs,0,6,7.7
user_000053,2026-09-22,44.5,1034,86,114,26,43,1,7329,Pull,2,6,6.8
user_000053,2026-09-23,44.4,1030,86,104,30,6,3,9476,Rest,,,7.3
user_000053,2026-09-24,44.2,1232,74,162,32,38,5,7488,Rest,,,6.1
user_000053,2026-09-25,44.1,1100,75,119,36,11,2,16215,Push,5,6,5.7
user_000053,2026-09-26,44.1,1303,91,165,31,43,4,5061,Legs,1,17,6.2
user_000053,2026-09-27,44.1,1418,90,170,42,34,4,17995,Rest,,,6.6
user_000053,2026-09-28,44.1,1438,86,179,42,60,3,9141,Push,1,13,5.8
user_000053,2026-09-29,43.8,1604,86,207,48,9,5,11465,Pull,2,15,8.1
user_000053,2026-09-30,43.7,1566,73,224,42,59,2,5282,Legs,3,15,6.5
user_000053,2026-10-01,43.9,2445,78,387,65,50,5,7915,Legs,1,16,8.7
user_000053,2026-10-02,43.7,1782,86,265,42,40,2,10587,Upper,4,14,7.6
user_000053,2026-10-03,43.6,2106,90,297,62,50,2,12241,Upper,1,13,7.9
user_000053,2026-10-04,43.6,2221,76,351,57,49,1,15290,Pull,5,15,8.1
user_000053,2026-10-05,43.6,2108,83,309,60,39,3,13813,Legs,5,20,6.0
user_000053,2026-10-06,43.6,1632,82,218,48,12,2,8166,Legs,2,6,8.9
user_000053,2026-10-07,43.6,1410,72,177,46,37,3,3874,Pull,3,6,7.3
user_000053,2026-10-08,43.6,1858,90,253,54,18,5,13607,Push,2,6,7.9
user_000053,2026-10-09,43.6,1685,78,233,49,22,2,6019,Upper,0,6,6.5
user_000053,2026-10-10,43.8,1794,93,234,54,43,2,10010,Pull,1,18,6.6
user_000053,2026-10-11,44.0,2248,72,364,56,57,3,17832,Rest,,,6.0
user_000053,2026-10-12,44.3,1551,94,188,47,24,4,4712,Legs,1,8,7.9
user_000053,2026-10-13,44.5,1425,91,173,41,2,4,8506,Upper,0,16,8.8
user_000053,2026-10-14,44.7,2201,79,352,53,56,5,3805,Pull,0,8,7.1
user_000053,2026-10-15,44.8,1614,79,212,50,18,3,13342,Rest,,,5.7
user_000053,2026-10-16,44.6,1666,76,255,38,7,5,4952,Pull,5,16,7.1
user_000053,2026-10-17,44.8,1709,84,251,41,11,4,14806,Pull,5,19,7.4
user_000053,2026-10-18,44.5,1717,96,232,45,15,2,11763,Upper,0,13,5.9
user_000053,2026-10-19,44.6,1750,96,229,50,48,3,15976,Push,0,11,8.5
user_000053,2026-10-20,44.8,1394,89,174,38,0,1,11409,Upper,5,10,8.2
user_000053,2026-10-21,44.6,1503,90,198,39,8,3,7706,Legs,2,19,5.7
user_000053,2026-10-22,44.7,1280,72,176,32,33,2,4910,Rest,,,6.8
user_000053,2026-10-23,44.7,2076,88,296,60,54,4,12668,Pull,2,19,5.9
user_000053,2026-10-24,44.9,2308,77,347,68,54,5,16281,Legs,5,12,8.7
user_000053,2026-10-25,45.1,1483,92,200,35,33,4,4335,Legs,1,17,5.9
user_000053,2026-10-26,45.1,1875,84,261,55,56,1,12150,Rest,,,8.1
user_000053,2026-10-27,45.0,1568,92,210,40,32,5,5049,Legs,4,9,5.8
user_000053,2026-10-28,44.9,2219,89,351,51,38,3,17827,Push,4,16,9.0
user_000053,2026-10-29,45.2,2091,75,306,63,55,3,10047,Upper,0,19,8.6
user_000053,2026-10-30,44.9,1465,76,207,37,13,4,3031,Legs,0,9,7.7
user_000053,2026-10-31,45.0,1444,96,175,40,2,1,5089,Pull,3,10,8.3
user_000053,2026-11-01,44.8,1688,95,219,48,43,2,8959,Pull,0,14,8.4
user_000053,2026-11-02,45.1,1890,83,286,46,6,1,15391,Rest,,,7.0
user_000053,2026-11-03,45.0,1624,73,225,48,41,1,5394,Legs,3,9,5.8
user_000053,2026-11-04,44.8,1547,90,209,39,3,5,17902,Rest,,,7.8
user_000053,2026-11-05,44.6,1487,86,198,39,0,1,17376,Rest,,,8.9
user_000053,2026-11-06,44.5,1984,74,296,56,44,3,8962,Push,0,7,7.1
user_000053,2026-11-07,44.8,1737,81,252,45,8,2,14549,Push,0,11,6.4
user_000053,2026-11-08,45.0,1650,92,217,46,38,3,10711,Legs,5,20,8.2
user_000053,2026-11-09,44.8,1970,83,306,46,56,2,17533,Pull,0,17,8.1
user_000053,2026-11-10,44.6,2155,91,324,55,42,4,12731,Push,4,14,8.0
user_000053,2026-11-11,44.5,1991,71,285,63,44,5,13678,Legs,4,14,8.3
user_000053,2026-11-12,44.2,1671,89,223,47,40,4,5116,Pull,3,19,7.5
user_000053,2026-11-13,43.9,2120,82,295,68,52,5,15067,Push,1,16,6.8
user_000053,2026-11-14,43.9,1604,81,230,40,56,2,5138,Rest,,,5.9
user_000053,2026-11-15,43.6,1936,85,282,52,16,4,15373,Rest,,,6.7
user_000053,2026-11-16,43.8,2200,92,323,60,46,5,13642,Pull,5,18,8.8
user_000053,2026-11-17,43.9,1674,81,225,50,25,1,13703,Pull,3,10,6.2
user_000053,2026-11-18,43.8,2113,86,287,69,60,2,16061,Rest,,,7.2
user_000053,2026-11-19,43.8,2049,81,312,53,57,5,3029,Upper,3,17,6.7
user_000053,2026-11-20,43.7,1664,78,230,48,58,2,16762,Push,0,20,6.5
user_000053,2026-11-21,43.7,1743,92,238,47,54,1,6651,Upper,2,14,7.6
user_000053,2026-11-22,43.7,2550,95,367,78,60,5,16706,Upper,3,13,7.3
user_000053,2026-11-23,43.6,1996,76,297,56,12,3,17464,Rest,,,6.6
user_000053,2026-11-24,43.8,1876,88,264,52,33,2,9472,Rest,,,6.0
user_000053,2026-11-25,44.1,1667,78,233,47,28,1,11936,Pull,0,15,8.8
user_000053,2026-11-26,44.3,1712,88,223,52,16,5,9931,Legs,0,15,8.4
user_000053,2026-11-27,44.0,1647,93,204,51,21,2,16096,Pull,5,11,6.7
user_000054,2026-07-01,51.3,1717,106,204,53,11,4,7623,Pull,2,19,6.0
user_000054,2026-07-02,51.6,1947,96,276,51,59,4,8455,Legs,3,6,8.0
user_000054,2026-07-03,51.7,1626,105,207,42,21,1,9580,Legs,3,19,6.7
user_000054,2026-07-04,51.7,1921,89,281,49,55,1,7373,Pull,2,7,6.1
user_000054,2026-07-05,51.7,1589,106,199,41,5,5,3142,Legs,4,7,5.9
user_000054,2026-07-06,51.6,1812,112,242,44,41,3,5019,Push,4,17,8.1
user_000054,2026-07-07,51.5,1769,94,220,57,54,3,4699,Push,0,16,8.6
user_000054,2026-07-08,51.3,1570,111,169,50,40,1,5600,Legs,5,7,7.3
user_000054,2026-07-09,51.2,1720,84,256,40,22,1,9580,Push,5,12,6.0
user_000054,2026-07-10,51.5,1671,92,211,51,14,3,7273,Pull,3,7,6.5
user_000054,2026-07-11,51.3,1606,97,192,50,15,1,11936,Upper,5,8,8.2
user_000054,2026-07-12,51.3,2138,112,283,62,49,2,17169,Push,1,16,7.6
user_000054,2026-07-13,51.4,2021,99,287,53,58,2,9932,Push,4,9,8.1
user_000054,2026-07-14,51.3,2044,91,312,48,26,3,15253,Rest,,,6.6
user_000054,2026-07-15,51.6,2176,86,314,64,57,4,11872,Legs,2,15,6.5
user_000054,2026-07-16,51.6,1910,93,254,58,11,4,15585,Push,3,12,7.7
user_000054,2026-07-17,51.4,2299,110,305,71,56,3,12257,Push,0,9,6.4
user_000054,2026-07-18,51.5,1756,109,222,48,45,1,4589,Upper,4,6,7.5
user_000054,2026-07-19,51.7,2314,111,328,62,41,5,13645,Legs,2,15,8.3
user_000054,2026-07-20,51.8,1811,104,216,59,14,1,15897,Push,0,11,8.9
user_000054,2026-07-21,51.7,1702,106,207,50,49,2,6781,Upper,4,18,8.3
user_000054,2026-07-22,51.6,1786,95,221,58,47,1,8897,Legs,2,13,7.6
user_000054,2026-07-23,51.5,2234,91,319,66,56,5,6658,Rest,,,8.2
user_000054,2026-07-24,51.3,1913,101,267,49,27,4,7244,Push,3,12,6.4
user_000054,2026-07-25,51.0,1867,97,273,43,16,2,15233,Push,2,12,6.7
user_000054,2026-07-26,50.8,1530,110,187,38,27,1,3571,Upper,0,6,6.4
user_000054,2026-07-27,50.5,1705,101,224,45,36,2,13123,Push,3,12,6.6
user_000054,2026-07-28,50.3,2092,99,298,56,35,4,17027,Rest,,,8.2
user_000054,2026-07-29,50.2,1599,94,191,51,22,3,4917,Push,5,10,5.6
user_000054,2026-07-30,49.9,1972,103,291,44,34,4,9206,Upper,1,14,8.5
user_000054,2026-07-31,50.0,1522,80,224,34,41,1,12426,Pull,5,14,6.5
user_000054,2026-08-01,50.1,2285,83,360,57,44,3,13522,Pull,2,11,6.6
user_000054,2026-08-02,49.9,1247,91,133,39,19,1,6529,Rest,,,8.7
user_000054,2026-08-03,50.1,2068,99,274,64,30,3,14763,Push,4,18,7.8
user_000054,2026-08-04,50.1,1524,82,200,44,26,3,6434,Upper,1,12,7.0
user_000054,2026-08-05,50.1,1928,94,289,44,42,3,12330,Upper,5,11,6.0
user_000054,2026-08-06,50.3,1823,106,226,55,42,3,10260,Pull,1,12,5.6
user_000054,2026-08-07,50.6,1839,103,251,47,44,4,5353,Upper,1,10,8.1
user_000054,2026-08-08,50.4,2602,89,395,74,52,5,16036,Upper,5,17,7.7
user_000054,2026-08-09,50.2,2024,85,295,56,30,5,4099,Push,4,15,6.0
user_000054,2026-08-10,50.0,1731,84,225,55,37,3,3168,Push,0,13,7.3
user_000054,2026-08-11,49.9,1886,90,278,46,58,3,5179,Pull,5,19,7.2
user_000054,2026-08-12,49.7,1746,107,217,50,37,1,14629,Legs,3,6,8.6
user_000054,2026-08-13,49.8,1611,80,226,43,2,5,3024,Rest,,,8.5
user_000054,2026-08-14,49.8,1751,80,270,39,27,3,11231,Push,0,12,7.2
user_000054,2026-08-15,49.9,1899,88,281,47,28,5,4187,Push,0,11,7.9
user_000054,2026-08-16,49.7,2124,90,324,52,46,3,3849,Push,4,9,8.6
user_000054,2026-08-17,49.9,1635,98,214,43,26,2,7074,Push,5,10,8.8
user_000054,2026-08-18,50.1,2088,103,275,64,26,4,14737,Pull,1,18,5.6
user_000054,2026-08-19,50.1,1957,88,264,61,14,5,13377,Legs,1,6,6.4
user_000054,2026-08-20,50.2,1783,81,259,47,24,4,9506,Legs,2,8,8.7
user_000054,2026-08-21,49.9,1569,108,183,45,19,3,6962,Legs,2,16,7.5
user_000054,2026-08-22,50.2,2467,94,354,75,38,4,17174,Push,4,9,8.4
user_000054,2026-08-23,50.3,1508,96,173,48,0,5,4724,Upper,4,14,9.0
user_000054,2026-08-24,50.2,1610,98,201,46,24,1,11732,Legs,5,9,8.7
user_000054,2026-08-25,50.4,1886,98,243,58,29,3,4719,Upper,3,11,6.5
user_000054,2026-08-26,50.3,1884,103,251,52,35,3,11947,Push,4,10,5.8
user_000054,2026-08-27,50.2,1855,105,253,47,16,1,4756,Pull,5,15,5.6
user_000054,2026-08-28,50.3,1736,96,239,44,29,5,6584,Rest,,,6.5
user_000054,2026-08-29,50.2,2001,85,287,57,42,3,14192,Push,5,7,8.0
user_000054,2026-08-30,50.0,1675,82,231,47,3,2,13916,Push,4,11,6.3
user_000054,2026-08-31,50.1,2046,95,277,62,51,5,9213,Upper,4,18,8.8
user_000054,2026-09-01,50.1,1901,87,251,61,32,4,7530,Legs,1,9,7.9
user_000054,2026-09-02,49.9,1957,96,256,61,41,5,5109,Upper,4,20,7.4
user_000054,2026-09-03,49.7,1869,89,259,53,41,2,11531,Rest,,,7.9
user_000054,2026-09-04,49.9,2854,84,472,70,58,5,17345,Upper,1,9,6.1
user_000054,2026-09-05,50.2,2668,92,431,64,49,5,15234,Upper,5,9,6.9
user_000054,2026-09-06,50.4,1634,86,210,50,34,5,10063,Rest,,,6.1
user_000054,2026-09-07,50.6,1491,95,172,47,21,2,9985,Rest,,,8.0
user_000054,2026-09-08,50.3,2165,99,296,65,35,4,8200,Rest,,,7.3
user_000054,2026-09-09,50.1,1845,106,236,53,38,3,13552,Pull,2,15,5.9
user_000054,2026-09-10,50.2,1667,86,234,43,57,1,7245,Rest,,,6.0
user_000054,2026-09-11,49.9,1691,96,239,39,29,4,5984,Legs,4,17,8.5
user_000054,2026-09-12,49.6,1779,84,264,43,42,3,9797,Rest,,,7.4
user_000054,2026-09-13,49.5,1952,93,269,56,25,4,9581,Push,3,16,6.4
user_000054,2026-09-14,49.3,1959,92,283,51,45,3,7585,Legs,1,16,5.7
user_000054,2026-09-15,49.3,1779,99,222,55,32,1,3503,Upper,5,17,8.5
user_000054,2026-09-16,49.3,2791,88,432,79,56,5,15612,Legs,4,8,8.2
user_000054,2026-09-17,49.5,1366,105,160,34,35,1,5603,Pull,4,14,6.6
user_000054,2026-09-18,49.5,1983,81,282,59,49,4,5801,Legs,5,13,8.5
user_000054,2026-09-19,49.6,1883,89,285,43,20,4,11200,Pull,2,20,6.0
user_000054,2026-09-20,49.5,1500,98,178,44,42,1,6410,Pull,3,6,7.8
user_000054,2026-09-21,49.3,1789,87,268,41,30,3,8760,Upper,5,13,5.9
user_000054,2026-09-22,49.3,2599,80,401,75,54,5,12750,Rest,,,6.4
user_000054,2026-09-23,49.5,1879,87,277,47,10,1,10499,Legs,5,15,7.5
user_000054,2026-09-24,49.5,2182,108,280,70,43,5,7846,Pull,1,12,6.4
user_000054,2026-09-25,49.6,1786,90,262,42,23,3,11146,Rest,,,7.3
user_000054,2026-09-26,49.6,1611,107,199,43,58,1,6397,Rest,,,8.2
user_000054,2026-09-27,49.6,1919,106,277,43,57,2,10115,Pull,1,11,7.0
user_000054,2026-09-28,49.4,2194,84,316,66,10,4,15702,Push,5,19,8.9
user_000054,2026-09-29,49.3,2233,82,357,53,55,4,8444,Legs,3,18,9.0
user_000054,2026-09-30,49.0,2254,82,351,58,19,5,10204,Legs,4,14,7.2
user_000054,2026-10-01,48.8,1783,86,245,51,20,2,14889,Upper,3,19,7.7
user_000054,2026-10-02,48.6,1890,102,267,46,15,4,12995,Upper,2,16,7.6
user_000054,2026-10-03,48.8,2355,90,330,75,41,4,13424,Pull,3,16,6.5
user_000054,2026-10-04,48.6,2017,88,279,61,14,2,13252,Pull,1,12,7.4
user_000054,2026-10-05,48.8,2257,104,323,61,34,4,14166,Rest,,,8.2
user_000054,2026-10-06,49.0,1685,89,231,45,11,5,8337,Rest,,,8.2
user_000054,2026-10-07,48.9,2083,100,306,51,44,1,13308,Push,4,18,6.1
user_000054,2026-10-08,49.1,1993,92,296,49,49,2,12010,Upper,4,7,6.5
user_000054,2026-10-09,49.0,2119,101,323,47,28,5,3164,Push,5,9,7.9
user_000054,2026-10-10,48.9,2195,87,320,63,58,5,7413,Upper,2,13,7.7
user_000054,2026-10-11,49.0,2490,104,343,78,39,3,17526,Rest,,,5.8
user_000054,2026-10-12,48.9,2150,100,298,62,39,1,11967,Legs,1,11,7.6
user_000054,2026-10-13,48.9,2103,78,324,55,57,2,11629,Push,2,17,8.8
user_000054,2026-10-14,48.7,1923,93,255,59,11,1,12876,Push,2,7,8.0
user_000054,2026-10-15,48.5,1865,78,287,45,51,3,9453,Pull,0,8,6.2
user_000054,2026-10-16,48.3,1694,106,223,42,46,2,3255,Rest,,,7.0
user_000054,2026-10-17,48.1,2230,90,346,54,43,4,14376,Push,5,19,6.0
user_000054,2026-10-18,48.3,1882,101,248,54,6,5,11407,Pull,3,16,8.6
user_000054,2026-10-19,48.3,1965,83,298,49,48,4,3035,Push,1,15,5.9
user_000054,2026-10-20,48.2,1607,95,219,39,30,5,4345,Push,5,19,6.6
user_000054,2026-10-21,48.4,2022,78,279,66,56,1,16034,Legs,4,10,7.4
user_000054,2026-10-22,48.2,1551,87,204,43,2,5,7370,Rest,,,6.0
user_000054,2026-10-23,47.9,1805,103,247,45,14,5,12114,Pull,0,11,7.3
user_000054,2026-10-24,47.7,1841,81,269,49,1,5,12248,Pull,3,17,6.1
user_000054,2026-10-25,47.5,1794,102,225,54,52,2,4899,Upper,1,11,8.8
user_000054,2026-10-26,47.4,1950,89,268,58,54,3,8503,Upper,0,7,8.2
user_000054,2026-10-27,47.4,2269,102,328,61,28,4,11427,Pull,5,9,9.0
user_000054,2026-10-28,47.0,1745,77,231,57,19,4,12108,Push,3,6,6.1
user_000054,2026-10-29,46.8,1978,79,276,62,60,2,8872,Upper,1,15,5.7
user_000054,2026-10-30,46.7,1271,75,164,35,31,2,10027,Rest,,,6.8
user_000054,2026-10-31,46.8,1737,78,228,57,25,2,17379,Rest,,,6.5
user_000054,2026-11-01,46.5,1370,94,181,30,13,3,12931,Legs,2,8,5.7
user_000054,2026-11-02,46.4,1427,92,168,43,4,1,16325,Legs,5,19,8.4
user_000054,2026-11-03,46.6,1458,90,180,42,29,3,12763,Push,2,14,8.1
user_000054,2026-11-04,46.5,1434,95,178,38,19,4,5671,Upper,2,15,6.9
user_000054,2026-11-05,46.4,1051,98,104,27,25,3,6811,Legs,5,15,7.9
user_000054,2026-11-06,46.6,1353,74,181,37,17,1,16689,Rest,,,6.9
user_000054,2026-11-07,46.6,1316,95,153,36,27,1,3519,Push,3,7,7.1
user_000054,2026-11-08,46.8,1491,82,185,47,52,5,5120,Pull,5,20,6.1
user_000054,2026-11-09,46.7,1359,90,171,35,40,2,10718,Rest,,,8.4
user_000054,2026-11-10,46.6,1958,94,256,62,50,5,11058,Pull,1,20,5.7
user_000054,2026-11-11,46.5,1482,77,217,34,26,4,9332,Push,3,16,7.9
user_000054,2026-11-12,46.5,1047,84,108,31,4,2,3836,Pull,2,18,7.1
user_000054,2026-11-13,46.5,1724,98,207,56,34,5,12904,Push,2,8,9.0
user_000054,2026-11-14,46.2,1097,86,114,33,11,3,9032,Legs,3,13,6.7
user_000054,2026-11-15,46.3,1421,87,167,45,18,3,14757,Push,2,16,8.8
user_000054,2026-11-16,45.9,1053,91,116,25,1,5,4955,Legs,0,17,8.1
user_000054,2026-11-17,46.0,1703,94,226,47,49,3,7377,Rest,,,7.8
user_000054,2026-11-18,46.0,1603,77,227,43,26,1,17712,Push,0,16,6.6
user_000054,2026-11-19,45.7,1311,79,161,39,1,2,17573,Legs,3,8,7.9
user_000054,2026-11-20,45.9,1476,76,212,36,44,1,9171,Push,2,20,8.3
user_000054,2026-11-21,45.7,1280,77,162,36,33,1,13080,Push,1,14,6.4
user_000054,2026-11-22,45.6,1307,86,162,35,26,5,3190,Pull,5,10,6.1
user_000054,2026-11-23,45.7,1349,99,146,41,51,3,5240,Rest,,,8.9
user_000054,2026-11-24,45.5,1744,82,237,52,38,4,17803,Push,4,18,6.6
user_000054,2026-11-25,45.7,1598,81,233,38,60,4,3886,Pull,4,16,5.5
user_000054,2026-11-26,45.6,1517,89,189,45,20,5,5592,Pull,2,10,7.0
user_000054,2026-11-27,45.8,1407,94,161,43,1,3,11685,Push,2,11,9.0
user_000055,2026-07-01,51.3,1539,83,223,35,3,2,7426,Rest,,,6.5
user_000055,2026-07-02,51.1,1833,108,249,45,11,4,15699,Rest,,,8.1
user_000055,2026-07-03,51.1,1699,101,218,47,1,2,12948,Legs,4,7,7.6
user_000055,2026-07-04,51.3,1298,83,165,34,18,1,3893,Pull,1,19,6.1
user_000055,2026-07-05,51.1,1612,85,219,44,5,1,17599,Pull,4,8,7.1
user_000055,2026-07-06,50.9,1635,89,205,51,28,3,8342,Push,5,9,5.7
user_000055,2026-07-07,50.6,1963,89,278,55,44,3,12955,Rest,,,5.9
user_000055,2026-07-08,50.7,1545,86,190,49,54,1,11487,Upper,2,14,6.2
user_000055,2026-07-09,51.0,1681,97,231,41,52,1,17766,Upper,2,17,8.0
user_000055,2026-07-10,51.0,1593,93,204,45,5,1,3874,Legs,4,19,6.7
user_000055,2026-07-11,50.9,2168,92,306,64,20,5,12780,Rest,,,7.6
user_000055,2026-07-12,51.1,1810,106,225,54,19,2,14059,Upper,0,20,5.8
user_000055,2026-07-13,51.3,1981,112,264,53,49,2,10646,Rest,,,8.2
user_000055,2026-07-14,51.0,1778,99,233,50,26,4,13328,Upper,4,16,7.4
user_000055,2026-07-15,51.1,1975,87,301,47,36,5,10283,Legs,0,19,6.8
user_000055,2026-07-16,51.2,1350,83,160,42,2,2,3367,Upper,4,11,6.2
user_000055,2026-07-17,51.0,2041,111,280,53,54,4,8503,Pull,0,6,7.3
user_000055,2026-07-18,51.0,1780,100,246,44,5,3,8288,Legs,1,6,8.7
user_000055,2026-07-19,51.3,1606,108,181,50,36,1,5162,Push,0,16,7.6
user_000055,2026-07-20,51.2,1739,102,236,43,28,3,7844,Legs,1,8,8.6
user_000055,2026-07-21,51.1,1519,101,191,39,19,2,11838,Pull,3,17,6.5
user_000055,2026-07-22,51.2,2005,107,248,65,3,2,17578,Legs,2,9,6.8
user_000055,2026-07-23,51.2,1811,84,245,55,51,2,17201,Push,3,8,8.7
user_000055,2026-07-24,51.0,1986,82,284,58,39,2,17752,Pull,3,9,8.1
user_000055,2026-07-25,51.1,1607,106,199,43,51,1,5888,Upper,5,19,6.3
user_000055,2026-07-26,51.1,1901,86,261,57,46,4,10248,Upper,2,16,6.5
user_000055,2026-07-27,51.3,1719,107,199,55,28,1,9611,Rest,,,8.5
user_000055,2026-07-28,51.0,1991,98,258,63,12,1,15695,Upper,5,7,5.6
user_000055,2026-07-29,51.2,1725,90,231,49,35,3,7586,Rest,,,7.1
user_000055,2026-07-30,51.5,1964,87,269,60,32,3,10965,Push,1,7,7.7
user_000055,2026-07-31,51.7,1993,101,287,49,28,4,10755,Legs,1,19,8.1
user_000055,2026-08-01,51.8,1617,86,235,37,5,1,10587,Pull,0,16,8.1
user_000055,2026-08-02,51.5,1685,92,219,49,58,1,15040,Legs,0,12,7.9
user_000055,2026-08-03,51.2,1983,103,278,51,14,5,10773,Push,0,14,7.3
user_000055,2026-08-04,51.3,1404,109,152,40,1,4,5494,Pull,3,14,5.8
user_000055,2026-08-05,51.4,1953,105,282,45,58,1,7966,Pull,0,13,8.4
user_000055,2026-08-06,51.1,1578,91,191,50,33,2,10490,Pull,4,16,7.8
user_000055,2026-08-07,51.0,1609,99,193,49,9,4,16761,Upper,2,7,6.3
user_000055,2026-08-08,51.2,1672,102,217,44,34,4,7188,Push,3,11,7.8
user_000055,2026-08-09,51.2,1947,95,259,59,27,1,7264,Rest,,,8.8
user_000055,2026-08-10,51.3,1744,103,243,40,6,1,14610,Legs,4,11,7.8
user_000055,2026-08-11,51.1,1852,111,217,60,13,2,11724,Pull,4,18,7.8
user_000055,2026-08-12,51.0,1740,84,234,52,51,2,17515,Pull,2,10,7.3
user_000055,2026-08-13,51.1,1559,96,188,47,19,1,6998,Upper,3,9,8.1
user_000055,2026-08-14,51.1,1581,94,191,49,30,2,6991,Upper,3,16,6.5
user_000055,2026-08-15,50.9,1610,86,231,38,1,5,6638,Pull,2,13,8.7
user_000055,2026-08-16,51.1,1919,99,284,43,25,2,15577,Upper,0,13,6.4
user_000055,2026-08-17,51.2,1953,99,279,49,48,4,12269,Upper,3,12,6.4
user_000055,2026-08-18,51.5,2379,92,343,71,51,5,15776,Rest,,,8.0
user_000055,2026-08-19,51.8,2076,113,280,56,21,5,9116,Upper,5,20,5.7
user_000055,2026-08-20,51.9,1355,83,159,43,1,4,3871,Push,5,20,6.4
user_000055,2026-08-21,52.1,1574,104,204,38,13,4,11020,Legs,4,19,6.0
user_000055,2026-08-22,51.8,1505,106,160,49,4,3,7094,Rest,,,6.5
user_000055,2026-08-23,51.6,1976,107,279,48,18,5,10966,Pull,1,18,7.5
user_000055,2026-08-24,51.7,2312,92,369,52,34,4,17226,Upper,4,9,6.4
user_000055,2026-08-25,51.6,1761,105,243,41,31,5,5336,Legs,0,7,5.8
user_000055,2026-08-26,51.4,2043,107,280,55,42,4,3442,Upper,0,15,7.4
user_000055,2026-08-27,51.2,1600,105,178,52,42,2,7800,Legs,0,12,7.2
user_000055,2026-08-28,51.3,1623,92,199,51,34,2,5509,Legs,5,7,7.6
user_000055,2026-08-29,51.3,2122,111,298,54,34,5,5777,Upper,4,7,6.2
user_000055,2026-08-30,51.5,1681,96,205,53,9,1,5216,Upper,0,9,8.0
user_000055,2026-08-31,51.7,1369,83,158,45,11,4,5363,Push,4,13,8.1
user_000055,2026-09-01,51.8,2013,107,286,49,34,1,11902,Push,0,6,5.8
user_000055,2026-09-02,51.6,1578,95,187,50,58,2,3509,Legs,3,10,6.3
user_000055,2026-09-03,51.7,1704,84,243,44,42,3,12173,Push,5,20,7.2
user_000055,2026-09-04,51.9,1914,95,280,46,20,4,10574,Legs,2,20,7.4
user_000055,2026-09-05,51.9,1762,114,205,54,24,2,8880,Push,5,9,6.6
user_000055,2026-09-06,51.7,1623,113,178,51,1,4,17767,Push,4,11,7.9
user_000055,2026-09-07,51.5,1948,99,271,52,54,3,12159,Pull,1,18,5.8
user_000055,2026-09-08,51.3,1952,99,245,64,52,5,7204,Pull,1,11,8.8
user_000055,2026-09-09,51.5,2013,87,288,57,57,3,17961,Push,2,13,8.0
user_000055,2026-09-10,51.4,1344,103,161,32,10,5,10497,Pull,3,7,6.4
user_000055,2026-09-11,51.3,1311,110,130,39,30,3,7079,Upper,5,6,8.7
user_000055,2026-09-12,51.4,2035,87,280,63,57,3,8950,Push,5,13,6.2
user_000055,2026-09-13,51.3,1390,106,165,34,4,3,15375,Pull,5,15,7.7
user_000055,2026-09-14,51.4,2330,83,369,58,55,5,17247,Pull,4,16,5.5
user_000055,2026-09-15,51.1,2217,105,330,53,56,5,11056,Pull,5,11,6.5
user_000055,2026-09-16,51.3,1914,99,276,46,32,4,12905,Push,0,10,8.7
user_000055,2026-09-17,51.3,1571,103,193,43,43,4,15377,Rest,,,8.0
user_000055,2026-09-18,51.2,1734,110,220,46,3,4,16013,Push,1,8,8.8
user_000055,2026-09-19,51.1,1373,110,141,41,12,4,3246,Push,2,11,6.8
user_000055,2026-09-20,50.9,1530,86,193,46,4,3,16304,Upper,1,10,6.7
user_000055,2026-09-21,51.0,1203,85,146,31,17,5,4465,Legs,1,17,5.8
user_000055,2026-09-22,51.2,1581,86,217,41,18,5,6005,Pull,3,19,6.1
user_000055,2026-09-23,51.1,1522,102,184,42,49,3,11485,Pull,0,6,6.3
user_000055,2026-09-24,51.2,1560,103,197,40,5,4,15217,Legs,2,17,8.2
user_000055,2026-09-25,51.4,1431,83,178,43,2,2,6384,Rest,,,5.8
user_000055,2026-09-26,51.4,1354,85,159,42,16,2,6063,Rest,,,7.3
user_000055,2026-09-27,51.2,1413,110,142,45,22,4,3164,Legs,2,9,8.3
user_000055,2026-09-28,51.3,1518,95,199,38,5,2,11576,Push,5,12,6.2
user_000055,2026-09-29,51.0,1183,100,126,31,49,1,3532,Legs,1,6,8.1
user_000055,2026-09-30,50.8,2246,100,331,58,56,5,11559,Pull,5,9,8.0
user_000055,2026-10-01,50.8,1386,96,147,46,44,2,3603,Upper,3,9,7.3
user_000055,2026-10-02,51.1,2258,101,324,62,58,5,15369,Legs,0,18,7.1
user_000055,2026-10-03,51.2,1874,98,240,58,17,4,16360,Pull,1,8,6.0
user_000055,2026-10-04,51.0,1530,102,177,46,47,1,15129,Rest,,,7.5
user_000055,2026-10-05,50.8,1306,108,124,42,57,2,3773,Pull,4,7,6.5
user_000055,2026-10-06,50.8,1632,103,215,40,50,4,9719,Push,1,20,6.3
user_000055,2026-10-07,50.9,1855,84,283,43,46,4,8829,Push,0,9,5.9
user_000055,2026-10-08,50.6,1889,106,238,57,38,2,15732,Rest,,,5.6
user_000055,2026-10-09,50.4,1433,90,194,33,40,1,12505,Pull,2,10,6.5
user_000055,2026-10-10,50.6,2057,81,296,61,52,3,15617,Push,0,14,6.4
user_000055,2026-10-11,50.7,1633,82,234,41,12,1,11630,Legs,3,9,7.8
user_000055,2026-10-12,50.6,1414,90,178,38,24,3,9380,Upper,5,19,6.9
user_000055,2026-10-13,50.2,1670,86,246,38,47,3,14062,Pull,5,18,6.0
user_000055,2026-10-14,50.1,1735,95,251,39,15,4,13717,Push,1,13,5.9
user_000055,2026-10-15,50.2,1564,92,218,36,53,3,5898,Pull,0,20,6.7
user_000055,2026-10-16,50.3,1842,93,237,58,29,4,6732,Push,4,12,7.5
user_000055,2026-10-17,50.1,1375,99,166,35,21,5,8772,Legs,5,10,6.8
user_000055,2026-10-18,50.1,1277,95,132,41,0,4,11718,Pull,1,15,6.5
user_000055,2026-10-19,49.9,1671,92,238,39,15,3,17318,Pull,5,6,8.4
user_000055,2026-10-20,49.8,1230,99,141,30,11,5,6100,Legs,0,18,6.5
user_000055,2026-10-21,50.0,1461,92,199,33,47,1,11374,Legs,5,14,5.9
user_000055,2026-10-22,50.0,1432,98,179,36,46,2,7329,Legs,3,17,6.6
user_000055,2026-10-23,50.0,1410,105,144,46,8,2,5558,Upper,5,15,5.8
user_000055,2026-10-24,50.1,1575,101,205,39,21,4,9580,Rest,,,7.8
user_000055,2026-10-25,49.9,1587,101,208,39,35,2,14330,Upper,0,15,6.6
user_000055,2026-10-26,49.9,1632,104,187,52,30,3,10278,Pull,3,7,6.3
user_000055,2026-10-27,50.0,1529,85,214,37,20,4,12038,Legs,0,8,7.1
user_000055,2026-10-28,49.7,2021,85,283,61,55,5,15039,Rest,,,6.9
user_000055,2026-10-29,49.7,1730,82,247,46,23,4,16926,Legs,1,17,7.6
user_000055,2026-10-30,49.7,1220,92,132,36,13,4,6295,Pull,2,9,5.5
user_000055,2026-10-31,49.5,1584,86,193,52,5,2,16766,Pull,2,6,8.6
user_000055,2026-11-01,49.3,1302,100,158,30,12,5,8279,Pull,3,17,7.5
user_000055,2026-11-02,49.4,2039,105,254,67,49,5,9732,Upper,2,9,6.3
user_000055,2026-11-03,49.3,1074,93,99,34,25,1,9715,Push,3,15,6.3
user_000055,2026-11-04,49.3,1933,96,250,61,52,4,16403,Push,0,20,7.6
user_000055,2026-11-05,49.3,1229,98,135,33,51,1,10142,Upper,3,14,5.7
user_000055,2026-11-06,49.1,1932,100,257,56,31,5,15002,Push,4,16,8.3
user_000055,2026-11-07,48.9,1356,90,150,44,21,5,5935,Pull,2,8,6.4
user_000055,2026-11-08,48.8,1803,78,249,55,32,1,14632,Legs,0,18,6.8
user_000055,2026-11-09,49.0,1337,95,147,41,8,1,17184,Rest,,,5.6
user_000055,2026-11-10,49.1,1721,81,248,45,43,4,6246,Upper,1,7,7.4
user_000055,2026-11-11,48.7,1148,79,136,32,25,2,4513,Pull,3,17,8.2
user_000055,2026-11-12,48.7,1317,84,171,33,3,3,13798,Legs,4,19,6.2
user_000055,2026-11-13,48.9,1263,84,153,35,52,2,4388,Rest,,,7.3
user_000055,2026-11-14,48.8,1185,88,134,33,13,2,4757,Rest,,,8.8
user_000055,2026-11-15,48.5,1547,88,211,39,40,2,12870,Rest,,,8.5
user_000055,2026-11-16,48.4,1744,82,237,52,45,3,17566,Pull,5,11,5.7
user_000055,2026-11-17,48.4,1341,97,155,37,20,3,14577,Rest,,,7.3
user_000055,2026-11-18,48.5,1552,89,218,36,22,3,14154,Pull,3,17,7.1
user_000055,2026-11-19,48.5,1395,96,174,35,21,5,7462,Rest,,,7.1
user_000055,2026-11-20,48.5,1734,80,241,50,23,4,17341,Push,2,20,8.6
user_000055,2026-11-21,48.3,1799,96,257,43,57,5,3096,Push,0,8,6.0
user_000055,2026-11-22,48.4,1647,86,220,47,43,5,7460,Upper,3,7,6.0
user_000055,2026-11-23,48.3,1501,103,171,45,17,2,17591,Upper,1,8,7.0
user_000055,2026-11-24,48.4,1804,94,222,60,24,4,16581,Rest,,,7.9
user_000055,2026-11-25,48.4,1453,103,177,37,24,5,7914,Rest,,,7.9
user_000055,2026-11-26,48.3,1770,78,234,58,35,5,11763,Rest,,,7.3
user_000055,2026-11-27,48.0,1367,102,152,39,32,3,10199,Upper,0,9,7.8
user_000056,2026-07-01,51.3,1994,110,258,58,57,2,3593,Rest,,,9.0
user_000056,2026-07-02,51.7,2149,92,326,53,24,1,15498,Rest,,,7.7
user_000056,2026-07-03,51.8,2005,83,308,49,24,3,12603,Rest,,,6.2
user_000056,2026-07-04,51.6,2214,92,349,50,48,2,17465,Upper,1,14,6.7
user_000056,2026-07-05,51.5,2507,86,354,83,40,4,17049,Push,1,17,6.4
user_000056,2026-07-06,51.5,2576,83,417,64,51,5,11168,Upper,3,11,7.6
user_000056,2026-07-07,51.6,1890,100,260,50,4,1,9092,Rest,,,8.7
user_000056,2026-07-08,51.8,1480,102,187,36,59,1,3516,Rest,,,6.5
user_000056,2026-07-09,52.0,2816,112,439,68,49,5,17476,Pull,3,8,6.7
user_000056,2026-07-10,52.1,2278,110,338,54,11,5,17499,Push,3,15,5.5
user_000056,2026-07-11,52.1,2523,107,364,71,47,3,13255,Pull,3,11,5.5
user_000056,2026-07-12,52.2,2351,113,306,75,53,5,8926,Legs,3,19,8.8
user_000056,2026-07-13,52.1,1898,108,236,58,25,2,9214,Legs,5,14,6.2
user_000056,2026-07-14,52.0,2099,83,336,47,42,2,3422,Pull,3,10,8.1
user_000056,2026-07-15,52.0,2255,113,318,59,18,5,9783,Push,0,11,6.5
user_000056,2026-07-16,51.9,2056,113,275,56,1,4,15371,Legs,4,10,8.7
user_000056,2026-07-17,51.9,2376,108,351,60,35,5,7748,Upper,2,10,6.5
user_000056,2026-07-18,52.1,1780,110,209,56,41,1,7568,Pull,2,19,6.8
user_000056,2026-07-19,52.2,1816,86,278,40,10,2,4732,Push,5,18,8.7
user_000056,2026-07-20,52.4,2232,87,309,72,55,3,12763,Rest,,,8.7
user_000056,2026-07-21,52.3,2244,89,337,60,4,2,11199,Rest,,,8.1
user_000056,2026-07-22,52.3,2556,83,367,84,46,5,13180,Pull,3,11,6.9
user_000056,2026-07-23,52.6,2191,91,342,51,32,2,8215,Push,1,11,9.0
user_000056,2026-07-24,52.5,2367,86,382,55,50,4,17015,Pull,3,8,8.7
user_000056,2026-07-25,52.8,2136,103,287,64,6,4,8945,Push,5,17,6.1
user_000056,2026-07-26,52.8,1885,113,248,49,0,5,12969,Push,4,12,7.8
user_000056,2026-07-27,52.7,1954,108,241,62,13,2,12403,Upper,3,7,6.0
user_000056,2026-07-28,52.9,2715,100,428,67,38,5,14169,Legs,2,9,5.8
user_000056,2026-07-29,53.0,1794,103,233,50,36,1,4227,Pull,5,11,6.9
user_000056,2026-07-30,52.8,2252,107,321,60,43,3,11559,Pull,2,20,6.3
user_000056,2026-07-31,52.7,1836,110,250,44,20,3,7657,Pull,2,9,7.4
user_000056,2026-08-01,52.5,2154,89,301,66,43,3,8485,Push,2,14,6.4
user_000056,2026-08-02,52.5,1388,99,158,40,0,2,4364,Rest,,,7.2
user_000056,2026-08-03,52.4,1527,99,186,43,36,1,4161,Pull,2,6,6.0
user_000056,2026-08-04,52.5,1603,84,220,43,3,3,5014,Push,4,7,7.8
user_000056,2026-08-05,52.6,2476,92,392,60,38,5,16915,Upper,5,13,7.8
user_000056,2026-08-06,52.9,2244,107,337,52,51,3,16150,Push,2,6,8.4
user_000056,2026-08-07,52.8,1506,90,201,38,21,2,8183,Upper,1,15,6.4
user_000056,2026-08-08,52.9,2021,95,300,49,6,5,11528,Rest,,,8.6
user_000056,2026-08-09,53.2,1852,101,245,52,14,5,9216,Legs,0,10,6.1
user_000056,2026-08-10,53.0,1497,98,193,37,8,3,3436,Legs,4,7,6.0
user_000056,2026-08-11,53.0,2161,97,324,53,20,5,10305,Upper,1,18,6.4
user_000056,2026-08-12,52.9,2025,100,287,53,53,1,14169,Push,3,18,7.6
user_000056,2026-08-13,53.0,1869,113,226,57,30,4,4612,Rest,,,5.8
user_000056,2026-08-14,52.8,2128,97,282,68,22,4,7359,Legs,1,10,5.6
user_000056,2026-08-15,52.6,2240,86,357,52,25,5,11407,Push,3,16,5.8
user_000056,2026-08-16,52.8,1743,115,197,55,1,5,6878,Upper,5,19,8.6
user_000056,2026-08-17,52.6,1892,99,275,44,55,2,11791,Legs,3,12,7.5
user_000056,2026-08-18,52.7,1615,84,214,47,40,1,12537,Pull,4,14,6.3
user_000056,2026-08-19,53.0,2101,94,321,49,27,3,6878,Upper,1,14,6.7
user_000056,2026-08-20,53.2,2033,109,262,61,59,4,6472,Rest,,,9.0
user_000056,2026-08-21,53.1,1541,87,206,41,2,1,6139,Push,2,10,8.6
user_000056,2026-08-22,52.9,1690,109,192,54,1,5,5497,Pull,4,19,5.7
user_000056,2026-08-23,52.8,2091,104,304,51,22,1,15567,Pull,3,8,8.3
user_000056,2026-08-24,52.8,1873,103,246,53,27,4,12078,Rest,,,5.6
user_000056,2026-08-25,52.9,2161,88,333,53,13,4,13704,Pull,5,12,8.7
user_000056,2026-08-26,52.9,1791,90,243,51,34,2,3566,Rest,,,7.1
user_000056,2026-08-27,52.6,2398,109,333,70,50,4,17676,Rest,,,7.0
user_000056,2026-08-28,52.5,2079,114,291,51,18,5,8010,Upper,3,18,8.3
user_000056,2026-08-29,52.5,2353,114,346,57,50,4,10942,Push,2,9,5.6
user_000056,2026-08-30,52.3,2156,88,334,52,52,5,10884,Legs,4,7,6.4
user_000056,2026-08-31,52.2,1813,102,223,57,16,2,9115,Upper,3,14,7.0
user_000056,2026-09-01,52.3,2306,94,343,62,43,2,13055,Legs,3,14,6.5
user_000056,2026-09-02,52.1,2137,100,306,57,0,2,10169,Upper,1,13,8.4
user_000056,2026-09-03,52.4,1926,91,287,46,51,1,8197,Legs,5,17,8.8
user_000056,2026-09-04,52.1,2379,98,337,71,54,4,13069,Upper,2,14,6.5
user_000056,2026-09-05,52.2,1553,111,194,37,5,4,7513,Rest,,,6.8
user_000056,2026-09-06,52.2,1905,92,265,53,20,5,11384,Rest,,,7.1
user_000056,2026-09-07,52.2,2034,112,275,54,47,3,17201,Legs,0,12,7.0
user_000056,2026-09-08,52.5,2176,105,295,64,55,3,14432,Upper,5,16,6.6
user_000056,2026-09-09,52.3,1817,87,248,53,44,2,6312,Push,1,14,6.6
user_000056,2026-09-10,52.4,1986,113,262,54,26,3,12213,Pull,4,9,8.5
user_000056,2026-09-11,52.5,2310,101,346,58,56,3,13361,Rest,,,8.8
user_000056,2026-09-12,52.7,1618,93,208,46,0,5,3920,Upper,3,19,6.0
user_000056,2026-09-13,52.8,1871,89,273,47,17,2,12207,Upper,0,6,6.1
user_000056,2026-09-14,52.6,1746,90,243,46,7,1,3259,Push,4,20,7.7
user_000056,2026-09-15,52.4,2260,106,333,56,1,4,12552,Rest,,,7.0
user_000056,2026-09-16,52.4,1829,94,235,57,7,1,16285,Legs,2,16,7.8
user_000056,2026-09-17,52.1,1652,89,216,48,13,3,5790,Upper,4,19,8.9
user_000056,2026-09-18,52.4,1548,96,192,44,37,1,8674,Rest,,,6.6
user_000056,2026-09-19,52.2,1848,103,242,52,15,1,7665,Rest,,,6.7
user_000056,2026-09-20,52.2,1996,95,278,56,19,4,13195,Rest,,,8.3
user_000056,2026-09-21,51.9,1534,87,211,38,4,2,11177,Upper,4,13,6.2
user_000056,2026-09-22,52.2,1840,101,251,48,42,2,17239,Rest,,,6.1
user_000056,2026-09-23,52.4,1742,106,226,46,1,1,9530,Push,5,10,8.7
user_000056,2026-09-24,52.3,1507,100,189,39,59,2,3529,Rest,,,8.4
user_000056,2026-09-25,52.5,1608,85,200,52,29,2,3450,Pull,4,6,7.5
user_000056,2026-09-26,52.3,2047,93,277,63,37,3,17690,Rest,,,5.9
user_000056,2026-09-27,52.3,2624,92,384,80,53,5,12593,Legs,4,14,7.9
user_000056,2026-09-28,52.4,1871,96,248,55,1,1,6724,Pull,1,14,7.9
user_000056,2026-09-29,52.4,1734,113,226,42,14,2,13416,Upper,1,11,7.9
user_000056,2026-09-30,52.6,2248,97,321,64,52,2,14683,Rest,,,9.0
user_000056,2026-10-01,52.8,1807,111,208,59,54,1,8388,Upper,2,10,8.8
user_000056,2026-10-02,52.7,1926,98,280,46,48,2,13412,Rest,,,6.0
user_000056,2026-10-03,52.6,1868,115,253,44,39,4,8785,Rest,,,9.0
user_000056,2026-10-04,52.4,1940,86,264,60,5,2,17675,Rest,,,5.8
user_000056,2026-10-05,52.1,1960,105,241,64,44,1,12586,Rest,,,7.2
user_000056,2026-10-06,52.0,1936,98,269,52,6,3,13421,Upper,3,11,7.2
user_000056,2026-10-07,52.0,2245,104,302,69,39,3,17069,Push,4,7,5.5
user_000056,2026-10-08,51.8,1983,106,266,55,45,2,11312,Legs,1,10,8.1
user_000056,2026-10-09,51.6,2303,101,324,67,23,4,16717,Legs,4,15,7.8
user_000056,2026-10-10,51.6,1525,91,180,49,15,3,3233,Push,1,14,8.3
user_000056,2026-10-11,51.4,1676,90,212,52,3,1,4366,Rest,,,8.3
user_000056,2026-10-12,51.3,1805,84,275,41,29,3,7894,Push,5,9,9.0
user_000056,2026-10-13,51.5,2180,88,331,56,41,4,3999,Push,1,10,7.4
user_000056,2026-10-14,51.3,2345,83,348,69,30,5,11932,Rest,,,8.1
user_000056,2026-10-15,51.5,1909,103,246,57,56,1,5774,Rest,,,6.1
user_000056,2026-10-16,51.6,2565,113,346,81,35,4,16891,Pull,1,9,7.4
user_000056,2026-10-17,51.5,1857,84,270,49,32,2,11956,Push,2,16,8.4
user_000056,2026-10-18,51.4,2190,108,318,54,49,3,13550,Legs,1,12,8.7
user_000056,2026-10-19,51.5,1851,93,264,47,26,1,6749,Upper,4,18,7.5
user_000056,2026-10-20,51.6,2185,97,303,65,50,3,15243,Legs,4,12,6.7
user_000056,2026-10-21,51.3,2037,98,283,57,60,4,6504,Legs,4,15,8.9
user_000056,2026-10-22,51.6,2001,99,291,49,32,3,13008,Upper,0,18,8.3
user_000056,2026-10-23,51.7,1753,93,244,45,4,5,3276,Legs,0,10,5.5
user_000056,2026-10-24,51.9,2302,92,344,62,35,4,15143,Push,3,15,8.9
user_000056,2026-10-25,52.0,2004,92,292,52,44,4,10639,Upper,0,10,5.6
user_000056,2026-10-26,52.2,1551,106,194,39,27,1,9825,Legs,3,14,5.8
user_000056,2026-10-27,52.0,1777,102,232,49,21,4,5901,Legs,2,13,6.9
user_000056,2026-10-28,51.8,2055,96,285,59,26,4,10488,Rest,,,6.4
user_000056,2026-10-29,51.6,2425,84,367,69,54,2,13555,Push,2,20,7.2
user_000056,2026-10-30,51.6,1572,97,179,52,26,2,11879,Rest,,,8.6
user_000056,2026-10-31,51.6,2521,105,361,73,54,4,16800,Rest,,,8.1
user_000056,2026-11-01,51.5,1935,103,257,55,8,2,9172,Pull,5,14,5.5
user_000056,2026-11-02,51.6,2262,102,315,66,30,3,14115,Pull,1,15,8.9
user_000056,2026-11-03,51.3,1954,110,257,54,8,2,12757,Push,2,8,7.3
user_000056,2026-11-04,51.3,2067,87,288,63,32,2,15803,Pull,3,11,5.9
user_000056,2026-11-05,51.4,1591,85,216,43,33,1,6028,Rest,,,6.0
user_000056,2026-11-06,51.4,2219,104,300,67,33,3,9479,Rest,,,7.1
user_000056,2026-11-07,51.4,1701,87,237,45,38,2,3722,Upper,2,12,6.8
user_000056,2026-11-08,51.5,1419,103,155,43,15,2,6457,Push,5,19,6.7
user_000056,2026-11-09,51.7,2527,96,376,71,59,4,13896,Pull,5,10,8.5
user_000056,2026-11-10,52.0,1782,97,218,58,33,1,6622,Pull,2,17,7.8
user_000056,2026-11-11,52.1,1961,91,289,49,34,4,7027,Push,0,14,7.3
user_000056,2026-11-12,51.8,2052,106,263,64,18,4,12946,Legs,3,9,8.8
user_000056,2026-11-13,51.6,1727,90,254,39,14,4,8289,Legs,0,17,7.5
user_000056,2026-11-14,51.8,1852,92,245,56,12,2,17659,Pull,3,19,5.9
user_000056,2026-11-15,51.9,1835,89,264,47,52,4,6473,Pull,4,14,7.6
user_000056,2026-11-16,52.0,1986,106,260,58,1,4,15716,Rest,,,8.7
user_000056,2026-11-17,52.0,1834,98,248,50,16,3,10490,Upper,2,14,6.5
user_000056,2026-11-18,52.2,1484,84,179,48,3,5,15525,Pull,4,8,6.5
user_000056,2026-11-19,52.4,1950,101,274,50,49,1,6134,Pull,4,17,8.1
user_000056,2026-11-20,52.3,1952,99,272,52,34,5,10957,Legs,5,12,8.0
user_000056,2026-11-21,52.0,1335,102,144,39,14,1,10643,Push,4,20,8.7
user_000056,2026-11-22,51.7,2036,97,295,52,50,5,16344,Upper,3,7,6.3
user_000056,2026-11-23,51.8,1990,94,273,58,41,5,15292,Upper,2,20,7.7
user_000056,2026-11-24,51.7,1618,96,205,46,32,3,3327,Push,4,7,6.0
user_000056,2026-11-25,51.7,1446,103,155,46,39,1,13113,Upper,3,15,6.6
user_000056,2026-11-26,51.7,1340,84,152,44,6,3,15309,Rest,,,8.5
user_000056,2026-11-27,51.9,1990,100,276,54,41,3,17124,Rest,,,9.0
user_000057,2026-07-01,51.6,2299,112,348,51,41,4,17683,Upper,4,6,6.0
user_000057,2026-07-02,51.4,1545,89,187,49,5,1,8323,Push,1,13,7.9
user_000057,2026-07-03,51.6,1891,84,292,43,22,5,10964,Legs,2,7,7.3
user_000057,2026-07-04,51.3,1758,104,223,50,18,2,12841,Push,0,17,8.6
user_000057,2026-07-05,51.2,1529,95,195,41,45,1,10349,Rest,,,7.8
user_000057,2026-07-06,51.4,2118,95,304,58,46,5,3408,Rest,,,8.2
user_000057,2026-07-07,51.1,1746,86,229,54,2,5,17078,Legs,1,19,6.9
user_000057,2026-07-08,51.2,2185,105,286,69,46,3,15245,Upper,1,7,8.8
user_000057,2026-07-09,51.1,1348,83,182,32,0,4,13837,Legs,5,19,7.5
user_000057,2026-07-10,51.1,2029,110,260,61,29,5,16265,Pull,4,20,7.2
user_000057,2026-07-11,50.7,2141,102,305,57,57,4,14952,Rest,,,8.2
user_000057,2026-07-12,50.8,2103,105,270,67,25,5,14102,Rest,,,5.9
user_000057,2026-07-13,50.6,1575,82,233,35,11,3,16300,Push,5,20,5.9
user_000057,2026-07-14,50.4,1881,81,279,49,40,2,12153,Pull,5,13,5.9
user_000057,2026-07-15,50.4,1764,104,247,40,4,3,8429,Pull,4,11,8.7
user_000057,2026-07-16,50.6,1603,82,231,39,19,3,6507,Pull,4,14,8.0
user_000057,2026-07-17,50.6,1817,101,252,45,2,4,13760,Pull,3,8,8.7
user_000057,2026-07-18,50.7,1824,89,250,52,15,1,15423,Rest,,,8.1
user_000057,2026-07-19,50.4,1783,103,246,43,19,2,15701,Pull,2,9,6.5
user_000057,2026-07-20,50.2,1847,105,251,47,10,1,16941,Legs,0,14,6.2
user_000057,2026-07-21,50.3,1677,106,203,49,26,3,9360,Rest,,,6.6
user_000057,2026-07-22,50.5,1711,81,259,39,29,3,13091,Push,1,13,7.8
user_000057,2026-07-23,50.4,1827,95,229,59,20,4,6075,Upper,4,10,6.9
user_000057,2026-07-24,50.6,1979,98,282,51,44,4,10795,Upper,5,10,6.7
user_000057,2026-07-25,50.7,2523,103,368,71,60,5,15910,Pull,0,18,6.0
user_000057,2026-07-26,50.8,1435,82,180,43,4,2,5008,Rest,,,6.3
user_000057,2026-07-27,50.6,1879,89,266,51,22,1,15789,Upper,0,6,8.5
user_000057,2026-07-28,50.9,2000,89,303,48,51,3,17290,Push,0,13,7.1
user_000057,2026-07-29,51.0,1479,84,198,39,40,3,7463,Rest,,,8.2
user_000057,2026-07-30,51.0,1782,85,230,58,35,2,4356,Rest,,,7.5
user_000057,2026-07-31,51.2,1729,85,237,49,14,4,11374,Legs,3,19,8.2
user_000057,2026-08-01,51.2,2218,94,339,54,60,4,12215,Pull,4,11,6.3
user_000057,2026-08-02,51.5,1959,82,311,43,24,3,16762,Pull,2,20,6.6
user_000057,2026-08-03,51.3,2007,102,267,59,31,5,15211,Upper,5,14,5.8
user_000057,2026-08-04,51.1,1591,93,199,47,10,1,13299,Pull,3,8,7.4
user_000057,2026-08-05,51.1,1874,100,265,46,37,5,5454,Rest,,,7.9
user_000057,2026-08-06,51.1,1918,88,261,58,57,2,14699,Legs,2,11,6.4
user_000057,2026-08-07,50.9,2488,82,387,68,50,5,12238,Legs,5,20,8.2
user_000057,2026-08-08,51.0,1698,82,230,50,33,3,9708,Upper,5,19,8.2
user_000057,2026-08-09,51.0,1493,88,193,41,45,2,7791,Legs,1,13,6.2
user_000057,2026-08-10,51.0,1574,110,198,38,25,3,12434,Rest,,,7.2
user_000057,2026-08-11,51.0,1316,104,153,32,23,3,4931,Push,0,7,6.9
user_000057,2026-08-12,51.1,1813,111,232,49,23,4,5655,Pull,5,12,8.5
user_000057,2026-08-13,50.9,2391,108,366,55,47,4,17054,Upper,1,17,6.7
user_000057,2026-08-14,51.1,2332,92,356,60,53,3,7020,Pull,2,10,8.6
user_000057,2026-08-15,51.3,1935,104,265,51,34,1,14255,Pull,3,16,6.3
user_000057,2026-08-16,51.0,1746,92,232,50,26,5,6008,Upper,2,15,6.1
user_000057,2026-08-17,51.1,2062,110,275,58,43,5,9701,Push,5,7,7.0
user_000057,2026-08-18,51.0,1855,88,252,55,13,2,17451,Push,2,9,6.0
user_000057,2026-08-19,51.2,2258,97,328,62,38,5,10438,Upper,2,7,8.0
user_000057,2026-08-20,51.2,1698,103,200,54,5,1,15961,Rest,,,7.2
user_000057,2026-08-21,51.4,1813,90,262,45,25,2,11963,Rest,,,8.5
user_000057,2026-08-22,51.2,1488,109,182,36,33,2,11414,Upper,0,14,8.6
user_000057,2026-08-23,51.2,1812,85,278,40,52,3,10101,Pull,1,20,7.5
user_000057,2026-08-24,51.4,1579,111,196,39,2,5,3319,Rest,,,5.8
user_000057,2026-08-25,51.6,2118,107,274,66,58,4,4563,Legs,5,9,8.2
user_000057,2026-08-26,51.8,1771,89,239,51,54,1,5696,Legs,1,13,6.6
user_000057,2026-08-27,51.7,1759,86,230,55,44,2,14782,Legs,5,11,6.8
user_000057,2026-08-28,51.5,1917,104,274,45,39,1,8701,Upper,5,16,8.0
user_000057,2026-08-29,51.4,1770,98,214,58,14,3,11811,Pull,0,12,8.0
user_000057,2026-08-30,51.5,1691,110,225,39,45,1,12870,Upper,3,17,6.5
user_000057,2026-08-31,51.7,1842,109,257,42,21,5,9530,Pull,0,6,7.8
user_000057,2026-09-01,51.9,1842,105,243,50,0,3,12942,Rest,,,8.0
user_000057,2026-09-02,52.2,1655,95,204,51,47,1,7901,Push,0,18,6.0
user_000057,2026-09-03,52.4,1433,106,178,33,60,1,4077,Pull,5,20,8.2
user_000057,2026-09-04,52.4,1928,97,286,44,5,3,17852,Rest,,,8.3
user_000057,2026-09-05,52.3,1929,107,247,57,17,2,12892,Push,5,12,6.0
user_000057,2026-09-06,52.1,1745,100,244,41,32,1,15278,Pull,3,12,5.7
user_000057,2026-09-07,52.3,1883,107,231,59,1,3,12303,Push,5,15,7.5
user_000057,2026-09-08,52.3,1702,100,231,42,26,3,6794,Push,2,10,8.4
user_000057,2026-09-09,52.5,1785,86,268,41,23,2,16215,Rest,,,6.2
user_000057,2026-09-10,52.5,1480,105,175,40,32,5,5780,Upper,2,19,8.2
user_000057,2026-09-11,52.5,1433,92,192,33,9,2,7013,Pull,3,14,8.8
user_000057,2026-09-12,52.4,1511,93,188,43,32,2,3252,Push,1,18,5.6
user_000057,2026-09-13,52.6,1847,104,252,47,40,5,4024,Rest,,,8.1
user_000057,2026-09-14,52.6,1796,91,241,52,16,1,11248,Pull,3,9,6.9
user_000057,2026-09-15,52.6,2034,104,301,46,38,5,11502,Rest,,,7.6
user_000057,2026-09-16,52.7,2344,96,346,64,58,3,17153,Rest,,,7.2
user_000057,2026-09-17,52.8,1692,93,213,52,12,5,14479,Legs,4,9,7.6
user_000057,2026-09-18,52.7,2094,105,270,66,29,5,12739,Rest,,,7.7
user_000057,2026-09-19,52.5,2255,85,310,75,60,2,15968,Legs,3,15,8.7
user_000057,2026-09-20,52.7,1902,88,248,62,35,5,11261,Push,0,12,6.9
user_000057,2026-09-21,52.5,2363,91,349,67,58,4,16920,Upper,4,18,8.2
user_000057,2026-09-22,52.7,1692,97,227,44,40,4,3413,Legs,4,17,8.2
user_000057,2026-09-23,52.6,1686,109,218,42,15,4,5608,Rest,,,6.9
user_000057,2026-09-24,52.6,1867,94,249,55,27,3,12056,Push,3,14,6.7
user_000057,2026-09-25,52.5,2353,89,344,69,38,3,12935,Upper,1,20,7.6
user_000057,2026-09-26,52.8,2095,105,268,67,50,3,13695,Rest,,,6.2
user_000057,2026-09-27,52.9,1628,85,214,48,7,4,7740,Pull,4,18,7.4
user_000057,2026-09-28,52.8,2135,113,306,51,28,5,13237,Pull,1,20,6.7
user_000057,2026-09-29,52.8,1805,94,229,57,37,4,5698,Legs,1,10,7.0
user_000057,2026-09-30,52.7,2200,87,310,68,54,5,12043,Rest,,,6.2
user_000057,2026-10-01,52.8,2013,100,302,45,58,2,12368,Push,1,16,5.7
user_000057,2026-10-02,52.6,2229,103,335,53,54,5,5386,Upper,1,15,7.6
user_000057,2026-10-03,52.5,1891,104,245,55,53,1,15324,Rest,,,8.8
user_000057,2026-10-04,52.8,1686,88,239,42,46,2,15780,Rest,,,5.6
user_000057,2026-10-05,52.5,1665,108,189,53,37,1,9648,Rest,,,7.9
user_000057,2026-10-06,52.8,1862,108,254,46,42,3,5192,Legs,4,12,7.1
user_000057,2026-10-07,52.7,1831,88,273,43,46,1,12928,Upper,1,11,8.2
user_000057,2026-10-08,52.9,2337,99,330,69,48,4,16466,Push,5,20,7.6
user_000057,2026-10-09,52.7,1977,107,259,57,10,5,3523,Legs,3,13,5.7
user_000057,2026-10-10,52.4,1868,87,263,52,41,1,15474,Upper,1,9,8.2
user_000057,2026-10-11,52.4,1555,109,192,39,20,4,8377,Push,5,11,7.6
user_000057,2026-10-12,52.4,1699,105,196,55,25,3,5802,Upper,0,20,8.9
user_000057,2026-10-13,52.3,1655,100,217,43,5,4,14706,Pull,4,6,6.8
user_000057,2026-10-14,52.0,1584,108,198,40,17,3,16199,Rest,,,7.0
user_000057,2026-10-15,52.2,1857,96,267,45,4,4,9446,Rest,,,8.3
user_000057,2026-10-16,51.9,1333,111,148,33,15,1,4860,Upper,0,18,5.8
user_000057,2026-10-17,51.9,2457,104,382,57,37,4,17226,Legs,1,7,7.1
user_000057,2026-10-18,52.1,1550,84,200,46,9,2,17171,Pull,5,16,6.4
user_000057,2026-10-19,52.2,2361,104,340,65,58,5,3763,Rest,,,8.9
user_000057,2026-10-20,52.4,1502,91,208,34,9,4,4892,Upper,4,7,5.5
user_000057,2026-10-21,52.3,1879,93,244,59,48,1,8647,Rest,,,6.5
user_000057,2026-10-22,52.5,1697,100,223,45,1,2,12982,Pull,5,8,6.2
user_000057,2026-10-23,52.7,2348,86,330,76,56,4,9817,Push,5,19,8.8
user_000057,2026-10-24,52.7,2282,87,317,74,34,5,10801,Pull,5,14,7.8
user_000057,2026-10-25,52.9,2052,99,270,64,30,5,3253,Pull,0,15,7.0
user_000057,2026-10-26,53.1,2211,106,323,55,57,1,16622,Legs,1,19,7.4
user_000057,2026-10-27,53.1,1968,97,287,48,32,5,10240,Legs,2,10,6.8
user_000057,2026-10-28,52.8,1843,100,264,43,56,2,14702,Push,2,16,5.9
user_000057,2026-10-29,53.1,1608,94,200,48,52,1,3190,Legs,4,8,8.3
user_000057,2026-10-30,53.3,1953,104,247,61,19,4,11240,Pull,5,20,6.8
user_000057,2026-10-31,53.3,1416,86,187,36,19,1,3547,Push,4,6,6.2
user_000057,2026-11-01,53.4,1517,86,201,41,40,3,7947,Upper,4,15,8.0
user_000057,2026-11-02,53.6,1811,90,230,59,8,1,6834,Legs,3,18,5.8
user_000057,2026-11-03,53.6,1797,94,236,53,39,5,14245,Upper,5,8,7.6
user_000057,2026-11-04,53.3,1990,101,293,46,41,4,8534,Push,2,14,6.8
user_000057,2026-11-05,53.6,2415,112,323,75,56,4,17731,Legs,1,14,8.6
user_000057,2026-11-06,53.6,1795,108,235,47,15,4,5386,Upper,4,14,7.6
user_000057,2026-11-07,53.6,1943,102,242,63,55,2,16374,Push,2,10,7.0
user_000057,2026-11-08,53.7,1668,103,224,40,28,3,3646,Pull,2,12,8.0
user_000057,2026-11-09,54.0,2638,94,399,74,57,5,13230,Push,4,8,6.5
user_000057,2026-11-10,53.9,2245,117,316,57,22,4,9431,Push,3,18,5.5
user_000057,2026-11-11,54.0,1869,113,244,49,19,5,12173,Upper,3,9,6.2
user_000057,2026-11-12,54.0,1675,111,211,43,14,4,7542,Upper,5,13,8.5
user_000057,2026-11-13,54.2,2307,91,344,63,51,5,15359,Legs,3,13,8.4
user_000057,2026-11-14,54.5,2388,119,334,64,53,5,12301,Legs,4,18,6.2
user_000057,2026-11-15,54.2,1612,116,206,36,53,1,4845,Legs,2,6,8.5
user_000057,2026-11-16,54.1,2131,93,334,47,47,1,16742,Push,1,15,5.9
user_000057,2026-11-17,54.2,1580,103,175,52,32,1,7010,Rest,,,8.5
user_000057,2026-11-18,54.3,1806,105,243,46,23,3,5332,Push,0,20,7.3
user_000057,2026-11-19,54.4,1724,102,203,56,10,3,5586,Legs,1,6,8.2
user_000057,2026-11-20,54.5,1856,96,233,60,17,1,9812,Upper,2,8,7.1
user_000057,2026-11-21,54.5,1678,113,185,54,7,2,11768,Legs,2,17,8.1
user_000057,2026-11-22,54.7,1721,91,220,53,0,1,11232,Pull,1,20,6.6
user_000057,2026-11-23,54.7,2074,91,297,58,45,2,16799,Push,3,9,7.2
user_000057,2026-11-24,54.8,1935,96,255,59,35,5,6709,Rest,,,6.7
user_000057,2026-11-25,54.6,2438,119,369,54,43,5,15470,Rest,,,6.3
user_000057,2026-11-26,54.5,2086,91,309,54,38,4,3299,Pull,0,7,6.8
user_000057,2026-11-27,54.3,2176,105,331,48,58,4,13021,Upper,0,16,7.2
user_000058,2026-07-01,51.5,1570,84,196,50,16,5,5141,Push,5,16,6.7
user_000058,2026-07-02,51.7,2402,97,355,66,58,5,11160,Rest,,,7.5
user_000058,2026-07-03,51.8,2131,106,303,55,55,5,12909,Pull,5,20,5.8
user_000058,2026-07-04,51.8,2266,101,344,54,53,4,15452,Legs,2,6,8.4
user_000058,2026-07-05,51.7,1660,97,219,44,58,3,9213,Rest,,,6.8
user_000058,2026-07-06,51.8,1726,110,218,46,18,5,8268,Legs,2,7,8.6
user_000058,2026-07-07,51.6,1656,86,211,52,52,4,3892,Legs,2,7,6.8
user_000058,2026-07-08,51.3,1910,103,271,46,22,2,15400,Push,0,11,7.6
user_000058,2026-07-09,51.2,1688,84,230,48,10,4,10303,Upper,4,14,8.6
user_000058,2026-07-10,51.0,2460,104,331,80,42,4,13923,Push,3,12,8.6
user_000058,2026-07-11,51.0,1535,108,170,47,26,2,3411,Rest,,,8.1
user_000058,2026-07-12,50.7,1669,103,204,49,37,2,13571,Pull,0,6,8.3
user_000058,2026-07-13,50.8,1451,96,188,35,3,1,4365,Pull,2,17,7.0
user_000058,2026-07-14,50.9,1733,101,222,49,42,4,10063,Rest,,,6.7
user_000058,2026-07-15,51.0,1404,110,160,36,5,4,5922,Legs,3,19,5.9
user_000058,2026-07-16,50.9,2053,100,285,57,45,4,11215,Pull,0,10,7.3
user_000058,2026-07-17,50.9,1462,83,179,46,0,1,5218,Legs,4,11,7.9
user_000058,2026-07-18,50.7,1871,92,243,59,8,4,12666,Pull,0,12,8.3
user_000058,2026-07-19,50.7,1653,108,186,53,41,3,4088,Push,1,6,7.5
user_000058,2026-07-20,51.0,1744,99,211,56,25,5,7082,Pull,5,6,6.9
user_000058,2026-07-21,50.7,2107,109,294,55,36,4,16011,Push,4,7,6.3
user_000058,2026-07-22,50.9,1621,81,205,53,56,2,6887,Push,3,13,8.9
user_000058,2026-07-23,50.6,1770,109,212,54,21,1,13844,Upper,0,15,7.6
user_000058,2026-07-24,50.5,1751,92,222,55,19,2,9588,Upper,0,9,6.1
user_000058,2026-07-25,50.7,2004,91,293,52,49,4,14020,Pull,0,17,6.0
user_000058,2026-07-26,50.5,1536,108,186,40,8,3,4672,Legs,5,11,6.7
user_000058,2026-07-27,50.6,1512,86,202,40,13,2,8545,Push,3,20,5.6
user_000058,2026-07-28,50.7,1830,83,271,46,17,2,8310,Pull,1,19,5.9
user_000058,2026-07-29,50.9,1811,91,247,51,55,2,16202,Rest,,,8.0
user_000058,2026-07-30,50.9,1393,87,169,41,13,1,8415,Upper,3,11,7.3
user_000058,2026-07-31,51.0,2214,86,355,50,50,2,16842,Rest,,,5.5
user_000058,2026-08-01,50.9,1635,91,203,51,6,4,5743,Push,4,17,8.8
user_000058,2026-08-02,51.1,1568,110,183,44,10,4,4814,Pull,5,8,7.7
user_000058,2026-08-03,51.3,1939,81,280,55,49,2,14119,Pull,2,12,7.0
user_000058,2026-08-04,51.5,2040,105,270,60,42,2,10870,Push,1,15,8.3
user_000058,2026-08-05,51.4,2453,101,357,69,48,5,9711,Legs,3,6,7.7
user_000058,2026-08-06,51.5,1631,107,186,51,56,3,3004,Legs,1,12,6.9
user_000058,2026-08-07,51.2,1786,99,226,54,44,2,12419,Upper,0,15,6.3
user_000058,2026-08-08,50.9,1858,105,265,42,16,1,14014,Pull,4,16,8.9
user_000058,2026-08-09,50.8,1490,107,171,42,38,3,6105,Pull,1,12,6.2
user_000058,2026-08-10,51.0,1864,84,274,48,10,4,11591,Pull,0,13,8.7
user_000058,2026-08-11,50.8,1515,89,184,47,29,2,3717,Pull,5,16,6.4
user_000058,2026-08-12,50.7,1747,88,252,43,48,1,6221,Rest,,,7.6
user_000058,2026-08-13,50.5,1665,100,224,41,16,4,13119,Legs,4,15,7.7
user_000058,2026-08-14,50.3,1552,102,196,40,1,2,10759,Push,0,13,7.8
user_000058,2026-08-15,50.2,1632,85,242,36,27,1,16031,Pull,4,18,6.7
user_000058,2026-08-16,50.0,1994,84,284,58,45,5,13940,Pull,1,18,8.0
user_000058,2026-08-17,49.8,2006,107,255,62,48,3,3695,Legs,4,11,6.6
user_000058,2026-08-18,50.0,1770,91,239,50,14,4,5612,Legs,0,20,7.5
user_000058,2026-08-19,50.2,2182,82,351,50,23,5,14208,Rest,,,6.7
user_000058,2026-08-20,50.1,2008,97,288,52,36,5,5552,Legs,5,8,7.2
user_000058,2026-08-21,50.3,1617,99,213,41,26,2,15453,Push,0,10,5.8
user_000058,2026-08-22,50.6,1832,94,256,48,7,5,14786,Upper,3,13,8.5
user_000058,2026-08-23,50.5,1653,92,202,53,4,3,8752,Legs,2,16,7.4
user_000058,2026-08-24,50.5,1518,86,190,46,1,3,11621,Push,0,20,6.7
user_000058,2026-08-25,50.8,1818,95,265,42,42,1,14773,Pull,4,7,8.1
user_000058,2026-08-26,51.1,1311,97,161,31,14,2,3710,Legs,0,6,5.6
user_000058,2026-08-27,51.1,2033,107,273,57,24,3,16671,Pull,4,18,8.3
user_000058,2026-08-28,51.4,2207,104,333,51,53,3,12593,Rest,,,6.4
user_000058,2026-08-29,51.2,1680,112,218,40,37,3,6323,Push,3,12,8.9
user_000058,2026-08-30,51.2,1818,90,243,54,56,4,10919,Rest,,,5.5
user_000058,2026-08-31,51.2,1806,93,228,58,40,5,7654,Rest,,,7.1
user_000058,2026-09-01,51.0,1562,83,204,46,4,4,6941,Legs,5,19,8.7
user_000058,2026-09-02,51.2,1642,106,192,50,5,5,16749,Rest,,,5.9
user_000058,2026-09-03,50.9,1479,83,190,43,44,3,6600,Upper,5,19,8.4
user_000058,2026-09-04,51.0,2038,102,268,62,14,1,17896,Rest,,,5.5
user_000058,2026-09-05,51.1,1743,87,252,43,51,1,11256,Push,1,8,6.2
user_000058,2026-09-06,51.1,1391,92,186,31,40,1,5237,Legs,1,11,8.8
user_000058,2026-09-07,51.1,1818,86,256,50,25,5,5614,Upper,0,6,7.5
user_000058,2026-09-08,51.1,1602,94,212,42,35,1,5465,Push,5,15,6.4
user_000058,2026-09-09,51.0,1854,103,248,50,40,5,8766,Push,5,17,8.0
user_000058,2026-09-10,51.2,1863,94,257,51,34,5,3358,Rest,,,8.2
user_000058,2026-09-11,51.1,1545,110,193,37,12,1,8659,Rest,,,6.5
user_000058,2026-09-12,51.3,1963,94,300,43,47,4,10493,Rest,,,5.8
user_000058,2026-09-13,51.1,1915,111,262,47,15,5,17208,Legs,1,16,6.6
user_000058,2026-09-14,51.3,1687,92,242,39,21,1,9348,Pull,0,11,7.4
user_000058,2026-09-15,51.3,1869,83,247,61,1,1,17592,Push,1,18,7.2
user_000058,2026-09-16,51.5,1709,105,203,53,19,2,12369,Pull,5,16,6.7
user_000058,2026-09-17,51.6,1781,86,258,45,3,2,17580,Legs,0,14,7.9
user_000058,2026-09-18,51.5,2042,110,261,62,51,4,8121,Pull,1,8,8.9
user_000058,2026-09-19,51.7,2232,83,322,68,50,5,12658,Pull,0,14,6.3
user_000058,2026-09-20,51.8,1892,84,281,48,15,1,13682,Pull,1,7,6.9
user_000058,2026-09-21,51.7,1512,96,192,40,1,1,15785,Push,5,9,6.9
user_000058,2026-09-22,51.6,2149,105,295,61,51,5,13103,Legs,5,9,8.0
user_000058,2026-09-23,51.6,1587,97,212,39,33,1,12104,Legs,1,7,7.6
user_000058,2026-09-24,51.8,1376,86,186,32,2,3,4052,Pull,1,16,8.1
user_000058,2026-09-25,51.6,1817,98,264,41,60,2,4645,Push,3,17,8.9
user_000058,2026-09-26,51.5,2340,96,354,60,42,5,12016,Rest,,,5.7
user_000058,2026-09-27,51.7,1763,94,250,43,42,2,12865,Push,2,11,8.2
user_000058,2026-09-28,51.5,1916,90,263,56,22,2,13292,Push,5,13,6.2
user_000058,2026-09-29,51.3,2082,87,303,58,40,4,15098,Rest,,,8.7
user_000058,2026-09-30,51.1,1374,88,179,34,24,1,12087,Legs,2,16,7.6
user_000058,2026-10-01,51.2,1570,104,176,50,41,3,11235,Pull,3,18,6.0
user_000058,2026-10-02,50.9,1491,103,164,47,55,3,8362,Push,0,19,7.3
user_000058,2026-10-03,51.0,1286,96,158,30,38,2,4583,Pull,5,18,7.8
user_000058,2026-10-04,50.8,1671,106,188,55,29,3,12415,Rest,,,8.8
user_000058,2026-10-05,50.9,1563,95,208,39,26,2,6492,Legs,3,10,7.3
user_000058,2026-10-06,50.5,1447,83,191,39,32,1,16224,Push,0,15,7.6
user_000058,2026-10-07,50.6,1953,94,257,61,25,5,17767,Upper,5,8,6.8
user_000058,2026-10-08,50.5,1628,81,227,44,20,5,8539,Rest,,,6.3
user_000058,2026-10-09,50.8,1627,96,196,51,6,2,14388,Legs,2,12,8.0
user_000058,2026-10-10,50.9,1688,91,223,48,11,5,15137,Legs,2,19,7.7
user_000058,2026-10-11,50.7,1552,99,190,44,7,1,12409,Upper,5,20,5.7
user_000058,2026-10-12,50.6,1518,91,194,42,38,2,13046,Pull,2,12,5.9
user_000058,2026-10-13,50.8,1459,93,175,43,0,4,4171,Upper,5,14,5.8
user_000058,2026-10-14,50.8,1524,89,211,36,16,1,16431,Pull,0,11,5.9
user_000058,2026-10-15,50.8,1616,84,221,44,41,4,12319,Rest,,,8.0
user_000058,2026-10-16,50.5,1866,92,262,50,42,5,4576,Rest,,,7.8
user_000058,2026-10-17,50.8,1567,103,192,43,20,1,13393,Rest,,,7.7
user_000058,2026-10-18,50.6,1408,91,180,36,52,1,3104,Upper,1,13,8.7
user_000058,2026-10-19,50.5,1339,100,156,35,22,1,5348,Rest,,,7.9
user_000058,2026-10-20,50.6,1641,100,191,53,41,5,10707,Push,5,20,8.5
user_000058,2026-10-21,50.4,1352,97,151,40,41,1,8029,Legs,4,14,7.8
user_000058,2026-10-22,50.5,1605,99,192,49,47,3,17350,Pull,3,17,6.1
user_000058,2026-10-23,50.5,1534,84,205,42,59,3,7682,Pull,0,6,8.3
user_000058,2026-10-24,50.3,1654,100,201,50,54,1,13849,Pull,5,18,6.1
user_000058,2026-10-25,50.5,1604,88,205,48,16,4,11905,Legs,0,13,8.1
user_000058,2026-10-26,50.4,1159,102,109,35,24,3,10715,Upper,0,7,5.8
user_000058,2026-10-27,50.4,1182,89,130,34,29,1,10235,Legs,4,8,7.0
user_000058,2026-10-28,50.6,1081,84,130,25,48,1,3269,Upper,3,11,8.2
user_000058,2026-10-29,50.5,1672,91,219,48,53,3,15171,Upper,0,8,6.1
user_000058,2026-10-30,50.2,1579,94,213,39,58,5,3514,Push,0,9,6.7
user_000058,2026-10-31,50.2,1678,83,215,54,13,2,14030,Rest,,,6.2
user_000058,2026-11-01,50.2,1501,103,189,37,55,1,9357,Rest,,,7.9
user_000058,2026-11-02,50.0,1494,93,204,34,31,5,3295,Upper,4,7,7.6
user_000058,2026-11-03,50.0,1563,106,197,39,17,1,16563,Legs,2,18,7.0
user_000058,2026-11-04,50.0,1248,99,132,36,44,4,4788,Pull,3,16,7.1
user_000058,2026-11-05,50.2,1759,89,236,51,24,2,10178,Push,2,9,8.3
user_000058,2026-11-06,50.4,1177,93,118,37,42,1,5047,Legs,3,11,6.9
user_000058,2026-11-07,50.4,1671,104,199,51,55,2,15516,Push,3,13,8.1
user_000058,2026-11-08,50.6,1897,110,227,61,38,5,14519,Legs,4,11,7.4
user_000058,2026-11-09,50.3,1778,106,217,54,37,4,6097,Push,1,17,7.1
user_000058,2026-11-10,50.4,1420,97,159,44,8,1,14347,Upper,4,17,6.2
user_000058,2026-11-11,50.4,1832,83,276,44,47,3,4371,Pull,5,20,6.9
user_000058,2026-11-12,50.4,1914,99,276,46,39,4,6712,Upper,2,13,8.0
user_000058,2026-11-13,50.0,1525,81,199,45,57,4,8440,Pull,1,11,8.3
user_000058,2026-11-14,50.0,1419,101,157,43,41,1,14711,Rest,,,6.0
user_000058,2026-11-15,50.0,1174,101,107,38,57,2,6400,Rest,,,7.1
user_000058,2026-11-16,49.7,1682,101,207,50,33,5,5369,Upper,2,12,5.7
user_000058,2026-11-17,49.7,1368,89,154,44,6,1,4830,Legs,3,6,6.0
user_000058,2026-11-18,49.7,1134,106,119,26,0,2,7507,Upper,4,12,7.2
user_000058,2026-11-19,49.6,1874,84,263,54,37,5,14752,Pull,5,13,6.0
user_000058,2026-11-20,49.5,1094,103,94,34,0,3,8169,Legs,4,10,8.4
user_000058,2026-11-21,49.3,1482,98,187,38,31,4,4101,Legs,1,15,7.2
user_000058,2026-11-22,49.0,1470,87,177,46,29,3,8596,Legs,2,16,7.7
user_000058,2026-11-23,48.9,1260,99,153,28,29,3,3866,Upper,3,6,7.6
user_000058,2026-11-24,48.9,1512,78,201,44,28,2,9353,Upper,2,18,8.4
user_000058,2026-11-25,49.0,1518,91,203,38,33,2,14914,Pull,5,20,5.9
user_000058,2026-11-26,49.0,1367,107,156,35,1,1,12666,Upper,3,7,6.2
user_000058,2026-11-27,49.1,1629,94,212,45,47,2,5911,Push,3,13,6.9
user_000059,2026-07-01,51.4,1092,109,101,28,9,3,5463,Push,3,15,6.0
user_000059,2026-07-02,51.4,1330,84,163,38,28,4,8264,Pull,4,20,7.0
user_000059,2026-07-03,51.2,1862,87,284,42,56,4,14778,Push,2,7,6.1
user_000059,2026-07-04,51.4,1467,92,196,35,7,2,16459,Legs,1,18,8.1
user_000059,2026-07-05,51.4,1622,94,199,50,11,3,16524,Rest,,,7.2
user_000059,2026-07-06,51.2,1239,83,148,35,20,4,6234,Upper,5,7,6.8
user_000059,2026-07-07,51.4,1087,94,117,27,12,4,5005,Pull,5,19,6.0
user_000059,2026-07-08,51.1,1322,88,175,30,51,3,7291,Legs,5,17,8.2
user_000059,2026-07-09,50.9,1601,104,195,45,55,3,8086,Pull,5,18,6.5
user_000059,2026-07-10,51.0,1461,82,209,33,44,2,15188,Upper,3,18,6.8
user_000059,2026-07-11,51.2,1313,95,159,33,3,2,6909,Push,5,8,6.4
user_000059,2026-07-12,51.2,1587,107,202,39,60,1,16289,Push,0,19,6.9
user_000059,2026-07-13,51.1,1543,90,199,43,59,2,13940,Upper,4,9,7.9
user_000059,2026-07-14,50.9,1698,82,221,54,54,3,12433,Rest,,,7.9
user_000059,2026-07-15,51.0,1099,96,109,31,11,1,3306,Upper,0,10,7.0
user_000059,2026-07-16,50.8,1644,103,200,48,39,2,16179,Rest,,,5.7
user_000059,2026-07-17,50.8,1661,84,212,53,27,1,11236,Pull,0,13,7.7
user_000059,2026-07-18,50.7,1083,100,101,31,16,3,6005,Push,5,16,5.8
user_000059,2026-07-19,50.9,1672,93,235,40,33,5,14644,Legs,3,6,5.8
user_000059,2026-07-20,50.6,1529,86,195,45,48,4,5869,Upper,3,10,7.6
user_000059,2026-07-21,50.3,1776,92,253,44,43,5,7991,Rest,,,8.0
user_000059,2026-07-22,50.5,1770,80,259,46,47,4,9325,Legs,1,10,8.3
user_000059,2026-07-23,50.4,1437,83,175,45,14,2,17205,Rest,,,7.6
user_000059,2026-07-24,50.5,1325,107,141,37,32,3,5370,Pull,2,13,6.0
user_000059,2026-07-25,50.5,1271,93,137,39,43,1,10640,Pull,4,18,7.5
user_000059,2026-07-26,50.3,1608,104,208,40,32,3,11525,Upper,4,19,8.2
user_000059,2026-07-27,50.2,1253,106,142,29,54,1,10912,Rest,,,8.7
user_000059,2026-07-28,50.3,1276,96,151,32,21,4,4633,Rest,,,7.5
user_000059,2026-07-29,50.1,1499,82,187,47,1,4,15847,Push,0,8,8.5
user_000059,2026-07-30,50.1,1193,108,125,29,31,5,4815,Legs,2,10,6.6
user_000059,2026-07-31,50.3,1761,86,253,45,38,4,17926,Push,5,18,8.1
user_000059,2026-08-01,50.3,1380,93,171,36,51,3,3884,Pull,2,18,6.8
user_000059,2026-08-02,50.4,1584,106,182,48,23,4,9339,Upper,4,20,8.6
user_000059,2026-08-03,50.5,1229,95,120,41,28,4,3903,Legs,1,20,6.9
user_000059,2026-08-04,50.5,1305,87,156,37,31,3,5792,Upper,0,17,6.0
user_000059,2026-08-05,50.5,1585,94,192,49,54,4,12438,Push,3,17,8.0
user_000059,2026-08-06,50.6,1093,102,115,25,19,3,9326,Pull,2,15,5.9
user_000059,2026-08-07,50.4,1731,102,207,55,27,5,12371,Upper,2,13,7.2
user_000059,2026-08-08,50.5,1545,109,176,45,27,3,16073,Push,4,7,9.0
user_000059,2026-08-09,50.6,1535,92,204,39,28,1,13341,Rest,,,6.2
user_000059,2026-08-10,50.3,1573,82,201,49,43,4,8069,Pull,3,19,8.9
user_000059,2026-08-11,50.5,1314,92,169,30,15,1,7768,Push,1,14,8.1
user_000059,2026-08-12,50.6,1488,100,164,48,40,4,9344,Upper,1,9,7.2
user_000059,2026-08-13,50.8,1560,91,218,36,29,4,9392,Push,0,9,8.5
user_000059,2026-08-14,50.4,1464,96,189,36,40,3,9511,Rest,,,6.5
user_000059,2026-08-15,50.5,1162,89,134,30,12,3,10508,Pull,4,20,6.1
user_000059,2026-08-16,50.5,1768,109,234,44,58,4,16744,Rest,,,7.3
user_000059,2026-08-17,50.4,1865,85,271,49,57,5,10010,Rest,,,5.8
user_000059,2026-08-18,50.2,1080,93,114,28,13,1,8213,Rest,,,6.7
user_000059,2026-08-19,50.1,1207,104,119,35,19,1,10002,Push,0,12,8.7
user_000059,2026-08-20,50.2,1179,109,98,39,3,4,17052,Upper,5,10,5.8
user_000059,2026-08-21,50.5,1757,94,217,57,58,4,11719,Rest,,,5.9
user_000059,2026-08-22,50.6,1613,108,212,37,31,3,16123,Push,5,10,7.5
user_000059,2026-08-23,50.9,1956,94,278,52,6,5,6967,Push,5,18,6.1
user_000059,2026-08-24,50.8,1671,102,219,43,18,3,7818,Upper,0,20,8.2
user_000059,2026-08-25,51.0,2274,86,334,66,41,2,12954,Push,0,18,8.6
user_000059,2026-08-26,50.7,2484,82,359,80,23,5,16290,Rest,,,6.3
user_000059,2026-08-27,50.7,2284,88,321,72,25,5,7413,Legs,5,18,8.7
user_000059,2026-08-28,51.0,2047,85,276,67,18,2,11904,Legs,5,13,5.6
user_000059,2026-08-29,50.9,2176,91,318,60,20,4,12770,Pull,5,19,8.8
user_000059,2026-08-30,51.2,2365,87,331,77,41,5,12045,Legs,1,19,7.8
user_000059,2026-08-31,51.4,2380,102,349,64,14,5,17043,Rest,,,8.5
user_000059,2026-09-01,51.5,2075,107,270,63,4,1,17840,Rest,,,7.6
user_000059,2026-09-02,51.4,2565,82,422,61,34,5,10848,Rest,,,7.3
user_000059,2026-09-03,51.6,2251,82,357,55,43,4,13803,Upper,4,15,5.6
user_000059,2026-09-04,51.8,1900,89,278,48,4,3,15829,Push,4,7,5.8
user_000059,2026-09-05,51.8,2315,98,312,75,18,5,14240,Push,2,8,8.4
user_000059,2026-09-06,52.1,1972,106,270,52,53,2,11785,Upper,3,17,8.4
user_000059,2026-09-07,52.4,1987,88,267,63,20,3,3456,Rest,,,7.3
user_000059,2026-09-08,52.7,1688,98,234,40,6,5,8457,Pull,1,12,8.4
user_000059,2026-09-09,52.6,2168,101,306,60,47,2,7183,Upper,1,6,7.6
user_000059,2026-09-10,52.6,1993,94,285,53,5,2,12900,Push,4,19,6.6
user_000059,2026-09-11,52.9,2607,90,420,63,50,3,10247,Pull,3,10,8.2
user_000059,2026-09-12,53.1,1854,109,251,46,12,3,13397,Upper,3,7,7.0
user_000059,2026-09-13,53.4,2585,109,382,69,57,4,13043,Upper,2,9,6.3
user_000059,2026-09-14,53.6,2762,108,425,70,55,5,17164,Push,1,14,6.4
user_000059,2026-09-15,53.7,1866,90,282,42,5,3,5479,Legs,3,12,5.6
user_000059,2026-09-16,54.0,2066,103,301,50,17,5,8764,Pull,5,14,6.6
user_000059,2026-09-17,54.0,2498,115,343,74,44,5,8555,Legs,5,12,6.6
user_000059,2026-09-18,54.0,2090,103,298,54,27,2,4825,Upper,3,6,5.8
user_000059,2026-09-19,53.9,1880,95,258,52,0,1,13411,Push,1,7,8.9
user_000059,2026-09-20,53.9,2154,117,300,54,35,2,17284,Rest,,,6.9
user_000059,2026-09-21,54.0,2126,116,285,58,40,1,7241,Rest,,,7.7
user_000059,2026-09-22,54.0,1969,99,283,49,21,3,9961,Pull,3,7,5.6
user_000059,2026-09-23,54.3,2573,95,402,65,50,3,15781,Upper,5,18,8.4
user_000059,2026-09-24,54.3,2216,97,340,52,60,3,15550,Push,1,17,7.4
user_000059,2026-09-25,54.3,2136,107,274,68,49,1,11643,Legs,1,19,7.0
user_000059,2026-09-26,54.3,2057,88,316,49,29,4,7333,Upper,1,8,6.9
user_000059,2026-09-27,54.2,1967,88,262,63,20,1,6211,Pull,0,7,6.9
user_000059,2026-09-28,54.5,2559,115,365,71,57,4,4065,Pull,0,9,8.0
user_000059,2026-09-29,54.7,2216,112,289,68,39,5,3782,Upper,0,18,8.2
user_000059,2026-09-30,54.5,2008,100,258,64,10,4,4128,Legs,1,19,6.8
user_000059,2026-10-01,54.6,1887,111,255,47,12,5,9955,Pull,1,10,5.8
user_000059,2026-10-02,54.3,2000,100,265,60,35,2,7738,Rest,,,6.6
user_000059,2026-10-03,54.1,2337,101,346,61,43,2,14507,Upper,0,7,6.8
user_000059,2026-10-04,54.3,2746,87,406,86,57,5,4448,Rest,,,8.9
user_000059,2026-10-05,54.4,1942,102,253,58,50,1,13793,Rest,,,8.9
user_000059,2026-10-06,54.3,2378,112,316,74,37,5,8382,Rest,,,5.5
user_000059,2026-10-07,54.5,2550,101,379,70,39,5,8572,Legs,2,16,7.4
user_000059,2026-10-08,54.7,2014,88,285,58,3,5,9748,Pull,2,11,7.4
user_000059,2026-10-09,54.8,1865,94,235,61,10,1,10503,Upper,1,14,5.7
user_000059,2026-10-10,54.6,2117,94,289,65,37,4,4114,Upper,0,6,9.0
user_000059,2026-10-11,54.7,2632,118,369,76,58,4,5264,Rest,,,8.9
user_000059,2026-10-12,54.5,2095,94,279,67,16,1,13856,Rest,,,6.8
user_000059,2026-10-13,54.8,2303,102,341,59,7,1,14603,Legs,2,14,7.1
user_000059,2026-10-14,54.6,2341,107,350,57,30,4,16358,Rest,,,7.5
user_000059,2026-10-15,54.8,1880,116,228,56,6,1,9457,Rest,,,8.1
user_000059,2026-10-16,55.0,1834,106,249,46,44,1,9975,Upper,2,10,7.0
user_000059,2026-10-17,55.0,2573,99,362,81,49,3,13691,Upper,0,15,7.5
user_000059,2026-10-18,54.8,2402,99,380,54,29,5,10208,Pull,1,19,6.1
user_000059,2026-10-19,54.8,2442,111,324,78,43,4,17038,Rest,,,6.6
user_000059,2026-10-20,54.9,2067,115,278,55,43,4,6915,Push,4,11,8.6
user_000059,2026-10-21,55.2,2499,117,357,67,47,4,11182,Rest,,,8.0
user_000059,2026-10-22,55.5,2050,108,265,62,5,1,16962,Pull,4,11,8.1
user_000059,2026-10-23,55.6,2010,101,280,54,23,2,11865,Rest,,,5.6
user_000059,2026-10-24,55.3,1569,92,199,45,37,1,3954,Pull,0,16,6.7
user_000059,2026-10-25,55.4,1867,121,231,51,1,3,13471,Rest,,,6.4
user_000059,2026-10-26,55.7,2710,118,366,86,54,5,11288,Push,5,15,7.9
user_000059,2026-10-27,55.5,2399,97,352,67,50,1,17203,Push,3,12,6.2
user_000059,2026-10-28,55.5,2137,111,304,53,33,5,5323,Legs,3,16,8.7
user_000059,2026-10-29,55.3,2386,114,361,54,12,3,5986,Rest,,,6.7
user_000059,2026-10-30,55.1,2478,94,350,78,35,3,16980,Push,2,20,7.4
user_000059,2026-10-31,55.1,2245,110,323,57,57,3,12441,Upper,5,17,8.9
user_000059,2026-11-01,55.1,2063,120,263,59,24,1,10269,Upper,1,7,6.7
user_000059,2026-11-02,55.2,2207,91,310,67,7,4,15723,Rest,,,7.0
user_000059,2026-11-03,55.2,2017,115,270,53,30,3,7046,Upper,0,19,7.8
user_000059,2026-11-04,55.5,1937,100,256,57,12,2,6589,Upper,1,14,9.0
user_000059,2026-11-05,55.6,2630,112,370,78,30,5,15152,Upper,4,12,7.9
user_000059,2026-11-06,56.0,2486,98,393,58,17,5,15904,Legs,1,7,8.2
user_000059,2026-11-07,56.0,1807,94,234,55,10,3,5313,Push,2,20,6.9
user_000059,2026-11-08,55.9,2490,91,383,66,45,4,13224,Rest,,,8.5
user_000059,2026-11-09,56.0,2308,116,290,76,25,4,9661,Pull,2,11,8.0
user_000059,2026-11-10,55.7,2156,116,315,48,12,4,15245,Legs,2,13,8.1
user_000059,2026-11-11,55.8,2168,92,324,56,55,3,10186,Push,0,7,6.8
user_000059,2026-11-12,55.6,2584,98,395,68,20,5,11948,Pull,2,6,5.8
user_000059,2026-11-13,55.7,2120,117,305,48,53,3,8948,Push,3,8,6.5
user_000059,2026-11-14,55.5,1762,120,199,54,8,3,5366,Upper,1,7,7.4
user_000059,2026-11-15,55.2,1813,110,224,53,9,5,5360,Legs,0,14,6.1
user_000059,2026-11-16,55.3,2690,90,407,78,30,5,16817,Upper,1,8,5.6
user_000059,2026-11-17,55.2,1769,92,231,53,0,2,9967,Legs,3,13,6.0
user_000059,2026-11-18,55.1,2489,90,359,77,6,5,9065,Pull,0,17,6.7
user_000059,2026-11-19,54.9,2006,100,253,66,23,4,4061,Rest,,,8.6
user_000059,2026-11-20,54.7,1863,102,267,43,9,5,7618,Push,2,6,8.7
user_000059,2026-11-21,54.8,1785,95,259,41,7,4,9201,Push,4,20,6.8
user_000059,2026-11-22,54.8,2066,108,260,66,0,1,17509,Legs,2,10,8.6
user_000059,2026-11-23,54.8,2212,112,288,68,59,2,4049,Upper,4,12,6.5
user_000059,2026-11-24,54.6,2157,97,323,53,50,3,3785,Pull,1,20,8.1
user_000059,2026-11-25,54.9,2248,97,321,64,59,2,16254,Legs,1,8,7.8
user_000059,2026-11-26,55.2,1900,90,259,56,14,5,13382,Push,4,11,8.4
user_000059,2026-11-27,54.9,1718,110,207,50,23,3,4704,Pull,5,9,8.7
user_000060,2026-07-01,51.2,1477,97,171,45,35,4,14921,Legs,3,20,7.3
user_000060,2026-07-02,51.0,2265,110,310,65,55,5,14944,Legs,5,9,8.9
user_000060,2026-07-03,50.9,1311,91,149,39,14,4,5817,Upper,1,15,8.1
user_000060,2026-07-04,50.7,1497,98,175,45,21,3,12684,Push,1,19,6.0
user_000060,2026-07-05,50.6,1490,84,185,46,20,2,8968,Upper,3,20,7.2
user_000060,2026-07-06,50.4,1524,96,195,40,32,4,12698,Legs,4,13,7.4
user_000060,2026-07-07,50.5,1186,83,137,34,46,2,3938,Legs,2,6,8.4
user_000060,2026-07-08,50.2,1184,107,108,36,19,2,6222,Upper,0,13,7.4
user_000060,2026-07-09,50.2,1255,103,132,35,14,2,10400,Push,3,15,5.6
user_000060,2026-07-10,49.9,1461,97,167,45,27,1,13287,Pull,2,6,7.2
user_000060,2026-07-11,50.2,1699,99,220,47,45,2,8098,Upper,2,10,6.8
user_000060,2026-07-12,50.1,2106,82,332,50,52,5,17063,Legs,2,15,7.2
user_000060,2026-07-13,50.4,1928,87,287,48,34,5,13165,Legs,5,6,5.7
user_000060,2026-07-14,50.4,1156,102,124,28,11,1,3258,Legs,3,13,7.4
user_000060,2026-07-15,50.4,1130,87,119,34,3,1,3482,Rest,,,8.2
user_000060,2026-07-16,50.6,1332,91,143,44,3,3,10826,Rest,,,7.5
user_000060,2026-07-17,50.6,1347,83,157,43,18,4,3752,Pull,0,10,7.1
user_000060,2026-07-18,50.7,1638,106,218,38,18,4,16082,Push,4,9,8.7
user_000060,2026-07-19,50.4,1493,110,153,49,28,4,8840,Upper,3,10,6.4
user_000060,2026-07-20,50.5,1447,87,178,43,4,4,17504,Pull,3,12,6.0
user_000060,2026-07-21,50.4,1083,86,106,35,1,5,4823,Legs,3,14,7.6
user_000060,2026-07-22,50.4,1723,101,206,55,44,3,12014,Rest,,,6.7
user_000060,2026-07-23,50.6,1243,96,145,31,25,1,3421,Legs,2,11,8.5
user_000060,2026-07-24,50.8,1105,95,107,33,11,3,3299,Rest,,,7.0
user_000060,2026-07-25,50.7,1515,110,163,47,7,4,13131,Upper,1,18,7.3
user_000060,2026-07-26,50.5,1533,91,200,41,15,2,11306,Pull,3,20,8.1
user_000060,2026-07-27,50.2,1391,82,187,35,57,3,3468,Pull,0,13,6.6
user_000060,2026-07-28,50.4,1978,108,256,58,58,4,12794,Pull,3,10,6.5
user_000060,2026-07-29,50.6,1427,84,194,35,16,2,10026,Legs,2,20,7.6
user_000060,2026-07-30,50.3,1552,92,206,40,29,4,14261,Rest,,,6.3
user_000060,2026-07-31,50.5,1613,101,192,49,13,4,16914,Rest,,,9.0
user_000060,2026-08-01,50.1,1657,105,217,41,52,3,12120,Rest,,,8.2
user_000060,2026-08-02,50.1,1772,101,234,48,37,4,10430,Pull,1,7,8.1
user_000060,2026-08-03,50.2,1884,95,268,48,57,4,14398,Rest,,,6.0
user_000060,2026-08-04,50.0,1081,89,125,25,20,2,3597,Rest,,,6.0
user_000060,2026-08-05,50.0,1364,109,133,44,27,4,5850,Pull,5,16,8.7
user_000060,2026-08-06,50.2,1714,92,251,38,36,4,14940,Rest,,,5.9
user_000060,2026-08-07,50.0,2069,99,299,53,38,5,15953,Pull,1,9,6.1
user_000060,2026-08-08,49.8,1076,108,98,28,10,2,8044,Rest,,,5.6
user_000060,2026-08-09,50.0,1936,89,269,56,38,5,17174,Pull,3,13,6.9
user_000060,2026-08-10,49.7,1804,80,263,48,56,3,8818,Upper,4,17,6.7
user_000060,2026-08-11,49.7,1795,97,228,55,17,2,12608,Rest,,,8.6
user_000060,2026-08-12,49.7,1322,86,150,42,19,3,6637,Pull,2,11,7.3
user_000060,2026-08-13,49.5,1450,89,179,42,4,4,10249,Legs,4,7,6.6
user_000060,2026-08-14,49.4,1837,97,243,53,27,5,9770,Pull,5,16,6.1
user_000060,2026-08-15,49.2,1212,105,117,36,17,5,5946,Legs,2,13,8.5
user_000060,2026-08-16,49.4,1509,87,207,37,16,3,14197,Pull,0,20,5.9
user_000060,2026-08-17,49.3,1478,86,180,46,59,1,12660,Upper,3,11,6.4
user_000060,2026-08-18,49.2,1439,94,169,43,25,1,12287,Pull,3,10,8.0
user_000060,2026-08-19,49.4,1239,94,128,39,44,3,3405,Legs,5,9,7.2
user_000060,2026-08-20,49.1,1340,96,167,32,9,2,6254,Push,4,6,8.9
user_000060,2026-08-21,48.9,1455,105,162,43,9,2,16291,Legs,2,6,8.9
user_000060,2026-08-22,48.9,1145,92,111,37,4,3,4472,Pull,4,10,6.2
user_000060,2026-08-23,48.9,1492,106,159,48,1,3,16188,Pull,3,6,7.3
user_000060,2026-08-24,48.7,1412,104,159,40,21,2,12707,Legs,1,10,7.9
user_000060,2026-08-25,49.0,1489,84,196,41,58,2,13971,Upper,5,8,6.4
user_000060,2026-08-26,48.7,1595,93,191,51,17,4,14555,Legs,2,12,5.7
user_000060,2026-08-27,48.6,1724,79,235,52,21,5,17089,Rest,,,8.4
user_000060,2026-08-28,48.7,1241,104,141,29,16,5,6350,Push,5,6,5.9
user_000060,2026-08-29,48.6,1642,79,237,42,11,4,15100,Push,2,8,6.0
user_000060,2026-08-30,48.5,1929,90,282,49,58,4,9827,Push,4,6,5.6
user_000060,2026-08-31,48.3,1718,94,241,42,43,4,6415,Pull,0,19,6.4
user_000060,2026-09-01,48.0,1563,92,202,43,24,5,4508,Pull,1,20,7.5
user_000060,2026-09-02,47.9,1183,104,122,31,32,1,4468,Rest,,,6.2
user_000060,2026-09-03,48.0,1435,78,193,39,17,3,12738,Push,1,10,7.1
user_000060,2026-09-04,47.9,1640,82,229,44,0,3,16866,Legs,3,8,6.0
user_000060,2026-09-05,48.2,1542,77,205,46,8,3,12240,Legs,0,15,7.5
user_000060,2026-09-06,48.3,1712,92,228,48,23,5,13312,Legs,4,19,7.5
user_000060,2026-09-07,48.5,1282,106,138,34,2,5,13577,Rest,,,7.4
user_000060,2026-09-08,48.7,1551,99,210,35,48,1,15368,Pull,3,15,8.2
user_000060,2026-09-09,48.6,1690,93,244,38,4,5,6467,Upper,1,11,7.8
user_000060,2026-09-10,48.3,1821,99,264,41,46,3,15159,Legs,5,17,5.7
user_000060,2026-09-11,48.3,1368,93,177,32,40,1,4688,Rest,,,8.8
user_000060,2026-09-12,48.3,1318,102,133,42,2,1,17681,Upper,1,20,7.2
user_000060,2026-09-13,48.0,1841,97,253,49,28,5,13219,Upper,1,9,6.5
user_000060,2026-09-14,47.9,1505,81,203,41,56,2,6278,Push,4,19,8.9
user_000060,2026-09-15,47.7,1642,99,217,42,20,4,12744,Pull,5,11,7.0
user_000060,2026-09-16,47.7,1204,98,140,28,10,5,5952,Rest,,,6.7
user_000060,2026-09-17,47.7,1205,100,127,33,27,2,4394,Rest,,,5.7
user_000060,2026-09-18,47.6,2086,82,327,50,18,3,9083,Rest,,,6.1
user_000060,2026-09-19,47.6,2235,102,306,67,57,3,8654,Legs,1,7,7.9
user_000060,2026-09-20,47.8,2301,100,338,61,19,4,11797,Push,4,9,5.8
user_000060,2026-09-21,47.7,1897,96,277,45,27,3,6943,Legs,4,17,5.8
user_000060,2026-09-22,48.0,2465,83,351,81,56,5,5153,Pull,5,12,8.9
user_000060,2026-09-23,47.7,2031,86,271,67,37,5,10663,Rest,,,7.7
user_000060,2026-09-24,47.8,1815,83,265,47,46,1,5715,Rest,,,6.4
user_000060,2026-09-25,47.6,1757,99,248,41,19,4,8854,Upper,2,9,6.3
user_000060,2026-09-26,47.8,2002,88,273,62,17,1,10894,Rest,,,7.6
user_000060,2026-09-27,47.6,2097,95,283,65,17,4,11123,Push,1,12,7.9
user_000060,2026-09-28,47.4,2050,93,298,54,9,3,16083,Pull,1,8,5.6
user_000060,2026-09-29,47.7,1802,83,273,42,26,1,6230,Legs,5,9,6.6
user_000060,2026-09-30,47.8,1956,77,268,64,45,2,9298,Legs,5,18,5.7
user_000060,2026-10-01,47.8,2467,92,401,55,31,3,17567,Legs,4,15,7.8
user_000060,2026-10-02,47.9,1988,98,300,44,50,1,8909,Push,3,11,6.0
user_000060,2026-10-03,48.1,1769,85,247,49,11,5,5582,Pull,4,18,6.9
user_000060,2026-10-04,47.8,2320,80,374,56,39,3,16508,Rest,,,6.0
user_000060,2026-10-05,47.7,2311,77,368,59,43,3,6414,Pull,0,9,8.4
user_000060,2026-10-06,47.9,1760,104,219,52,11,2,12675,Push,5,13,5.9
user_000060,2026-10-07,48.0,2027,96,305,47,30,2,15435,Pull,4,13,8.2
user_000060,2026-10-08,48.2,2131,102,316,51,52,3,8995,Pull,3,17,6.9
user_000060,2026-10-09,48.3,1954,99,250,62,57,1,12960,Pull,0,16,5.9
user_000060,2026-10-10,48.4,2177,100,325,53,55,3,8224,Legs,2,9,6.1
user_000060,2026-10-11,48.6,1961,92,261,61,13,2,8657,Upper,2,13,5.7
user_000060,2026-10-12,48.4,2190,98,328,54,0,2,17584,Push,5,17,6.9
user_000060,2026-10-13,48.4,2010,88,293,54,17,1,15494,Upper,3,19,8.7
user_000060,2026-10-14,48.6,1693,77,227,53,2,5,4927,Rest,,,7.7
user_000060,2026-10-15,48.7,1676,97,205,52,10,1,4252,Pull,3,7,7.5
user_000060,2026-10-16,49.0,2083,100,270,67,49,1,5159,Rest,,,7.1
user_000060,2026-10-17,48.9,2137,94,330,49,8,2,15870,Push,3,20,8.0
user_000060,2026-10-18,49.1,1756,79,261,44,10,4,5519,Push,0,14,7.1
user_000060,2026-10-19,49.5,2081,86,306,57,50,2,4600,Push,0,20,8.2
user_000060,2026-10-20,49.3,1888,94,279,44,2,3,9658,Legs,2,16,8.4
user_000060,2026-10-21,49.2,2013,101,265,61,22,2,17673,Upper,0,15,5.9
user_000060,2026-10-22,49.4,1870,84,262,54,4,5,4320,Pull,1,17,6.8
user_000060,2026-10-23,49.2,2381,106,334,69,49,2,16329,Upper,0,14,6.1
user_000060,2026-10-24,49.0,1882,81,268,54,60,2,7049,Push,2,14,7.2
user_000060,2026-10-25,49.0,1844,92,252,52,4,4,14826,Upper,1,10,5.8
user_000060,2026-10-26,49.2,2282,100,313,70,19,4,5924,Rest,,,7.9
user_000060,2026-10-27,49.4,2752,92,398,88,45,4,17375,Upper,1,18,7.7
user_000060,2026-10-28,49.5,2311,106,339,59,53,2,14452,Push,0,17,7.3
user_000060,2026-10-29,49.8,1834,104,242,50,3,3,5271,Upper,0,6,8.3
user_000060,2026-10-30,49.9,2007,105,255,63,19,2,9901,Pull,5,10,7.3
user_000060,2026-10-31,50.2,2231,89,327,63,37,4,11326,Upper,4,8,8.5
user_000060,2026-11-01,50.3,2295,89,334,67,43,4,7539,Upper,3,16,8.9
user_000060,2026-11-02,50.2,1681,97,213,49,30,1,8424,Pull,2,6,8.3
user_000060,2026-11-03,50.2,2564,82,424,60,45,5,17518,Legs,2,19,7.7
user_000060,2026-11-04,50.3,2407,84,358,71,49,3,11948,Pull,1,6,8.6
user_000060,2026-11-05,50.5,2647,85,408,75,56,5,17061,Legs,0,13,7.5
user_000060,2026-11-06,50.5,2094,99,303,54,38,4,10839,Legs,4,16,6.8
user_000060,2026-11-07,50.7,1559,98,186,47,5,3,7840,Push,2,17,7.2
user_000060,2026-11-08,50.6,2466,89,343,82,58,2,16987,Legs,1,17,7.3
user_000060,2026-11-09,50.8,1915,105,259,51,3,3,16810,Pull,0,10,8.6
user_000060,2026-11-10,51.0,2889,94,419,93,54,5,13862,Upper,1,6,6.8
user_000060,2026-11-11,51.1,2220,88,332,60,51,2,17438,Legs,2,14,8.4
user_000060,2026-11-12,50.9,2387,111,353,59,51,4,4156,Pull,3,17,6.0
user_000060,2026-11-13,51.0,2047,89,317,47,37,2,6339,Upper,2,13,7.2
user_000060,2026-11-14,51.2,2291,88,325,71,42,1,15816,Rest,,,6.6
user_000060,2026-11-15,51.3,2336,95,318,76,51,3,12327,Push,4,7,7.9
user_000060,2026-11-16,51.4,2117,96,296,61,52,3,5027,Rest,,,7.4
user_000060,2026-11-17,51.5,1586,102,209,38,12,1,9248,Push,5,15,8.8
user_000060,2026-11-18,51.8,2296,99,331,64,43,4,10773,Pull,3,13,6.0
user_000060,2026-11-19,52.0,1783,107,233,47,13,1,12976,Rest,,,7.6
user_000060,2026-11-20,51.8,1949,89,261,61,11,5,7787,Legs,5,16,7.1
user_000060,2026-11-21,52.1,1790,98,228,54,14,4,7961,Legs,1,18,8.1
user_000060,2026-11-22,51.9,2164,108,298,60,24,3,14290,Rest,,,8.5
user_000060,2026-11-23,51.8,1999,84,292,55,41,3,9833,Push,2,11,8.0
user_000060,2026-11-24,52.0,2275,90,319,71,25,3,9477,Push,1,16,8.3
user_000060,2026-11-25,52.3,2568,83,397,72,60,3,16578,Rest,,,7.5
user_000060,2026-11-26,52.4,2478,96,348,78,51,5,3695,Upper,1,15,7.8
user_000060,2026-11-27,52.6,2197,104,335,49,55,1,14673,Push,3,12,6.7
user_000061,2026-07-01,51.6,1966,94,258,62,33,3,12525,Upper,5,8,7.0
user_000061,2026-07-02,51.4,1987,83,281,59,1,4,14835,Rest,,,8.5
user_000061,2026-07-03,51.3,2078,85,322,50,29,4,6706,Pull,0,20,5.9
user_000061,2026-07-04,51.1,1989,83,277,61,11,5,9625,Pull,4,16,7.1
user_000061,2026-07-05,51.2,1683,101,232,39,6,2,8343,Upper,1,8,7.7
user_000061,2026-07-06,51.3,1772,110,207,56,41,1,3609,Rest,,,6.5
user_000061,2026-07-07,51.2,1518,101,175,46,52,1,6178,Rest,,,8.6
user_000061,2026-07-08,51.4,1868,89,243,60,32,3,6904,Upper,3,19,6.1
user_000061,2026-07-09,51.4,2285,103,331,61,34,4,9454,Legs,2,17,7.3
user_000061,2026-07-10,51.2,1867,106,255,47,15,5,4014,Pull,5,6,6.4
user_000061,2026-07-11,51.2,2232,102,330,56,27,4,8221,Upper,3,18,6.4
user_000061,2026-07-12,51.0,1948,106,237,64,45,4,10660,Pull,5,11,8.3
user_000061,2026-07-13,51.3,2013,94,263,65,0,1,3665,Push,3,19,8.4
user_000061,2026-07-14,51.1,2455,104,332,79,57,4,4781,Legs,2,15,8.5
user_000061,2026-07-15,51.1,2354,89,378,54,28,4,15156,Legs,0,19,7.7
user_000061,2026-07-16,51.3,2069,90,281,65,32,4,3615,Push,4,10,6.9
user_000061,2026-07-17,51.4,1970,88,265,62,8,3,5795,Rest,,,8.9
user_000061,2026-07-18,51.5,1901,99,275,45,40,1,5542,Push,4,19,7.6
user_000061,2026-07-19,51.3,1783,86,245,51,33,1,14216,Pull,5,19,6.2
user_000061,2026-07-20,51.1,2005,103,288,49,17,5,9602,Legs,4,11,6.1
user_000061,2026-07-21,51.0,2108,102,317,48,50,4,8385,Legs,2,13,8.9
user_000061,2026-07-22,50.8,1941,106,269,49,13,4,17983,Rest,,,6.7
user_000061,2026-07-23,50.6,2471,105,335,79,57,4,10387,Legs,5,14,8.3
user_000061,2026-07-24,50.6,2086,107,293,54,35,5,3773,Upper,3,20,6.4
user_000061,2026-07-25,50.4,2071,84,301,59,25,4,10540,Push,1,12,8.5
user_000061,2026-07-26,50.7,2001,102,288,49,7,4,12727,Legs,5,19,7.0
user_000061,2026-07-27,50.9,1679,109,223,39,7,2,10704,Push,5,6,5.8
user_000061,2026-07-28,50.7,1554,102,201,38,0,3,10908,Legs,0,19,8.6
user_000061,2026-07-29,50.7,2008,90,277,60,45,2,11705,Rest,,,6.2
user_000061,2026-07-30,50.5,1997,93,287,53,47,3,7531,Upper,1,12,6.8
user_000061,2026-07-31,50.6,1979,99,272,55,51,2,12024,Rest,,,6.6
user_000061,2026-08-01,50.7,2028,89,283,60,21,5,7147,Rest,,,6.3
user_000061,2026-08-02,50.6,2178,109,287,66,23,3,14018,Upper,3,19,8.8
user_000061,2026-08-03,50.3,1896,81,258,60,21,2,7203,Upper,0,15,7.7
user_000061,2026-08-04,50.5,1730,94,235,46,7,3,4080,Legs,0,9,8.8
user_000061,2026-08-05,50.5,2087,85,331,47,33,4,9900,Push,0,14,6.0
user_000061,2026-08-06,50.5,2113,88,285,69,35,4,3915,Legs,2,15,7.5
user_000061,2026-08-07,50.7,1931,100,259,55,5,5,12134,Push,5,15,8.3
user_000061,2026-08-08,50.5,2049,96,270,65,21,3,17557,Pull,1,11,6.3
user_000061,2026-08-09,50.7,1599,99,213,39,19,1,4244,Rest,,,8.4
user_000061,2026-08-10,50.9,1942,88,276,54,15,5,11215,Rest,,,8.7
user_000061,2026-08-11,51.0,2159,92,288,71,24,3,16527,Upper,0,20,6.1
user_000061,2026-08-12,50.8,2315,85,370,55,60,4,7806,Upper,5,17,7.7
user_000061,2026-08-13,50.8,1779,98,223,55,46,2,10380,Push,4,13,5.6
user_000061,2026-08-14,50.6,1659,107,193,51,11,4,11344,Push,1,7,7.5
user_000061,2026-08-15,50.5,2432,102,362,64,51,3,14065,Legs,3,17,8.8
user_000061,2026-08-16,50.7,1759,88,228,55,10,3,10924,Rest,,,5.6
user_000061,2026-08-17,50.6,2376,95,364,60,57,3,7844,Legs,0,9,8.0
user_000061,2026-08-18,50.8,1865,110,255,45,12,4,3530,Push,3,8,7.6
user_000061,2026-08-19,51.1,2505,90,390,65,36,5,12900,Pull,0,14,7.7
user_000061,2026-08-20,50.9,1833,86,244,57,18,3,11161,Pull,3,20,5.8
user_000061,2026-08-21,51.1,2172,87,303,68,40,5,12004,Upper,4,12,7.9
user_000061,2026-08-22,51.3,1775,89,267,39,33,5,3885,Upper,3,16,8.5
user_000061,2026-08-23,51.1,2109,86,331,49,55,2,8758,Upper,0,16,5.6
user_000061,2026-08-24,50.9,1566,86,211,42,11,1,10159,Rest,,,6.3
user_000061,2026-08-25,50.7,1805,92,249,49,18,2,8766,Rest,,,7.7
user_000061,2026-08-26,50.8,1826,95,231,58,30,4,3350,Rest,,,6.6
user_000061,2026-08-27,51.0,1554,94,182,50,1,2,6162,Pull,2,8,5.6
user_000061,2026-08-28,50.8,2150,81,308,66,42,3,15724,Rest,,,7.8
user_000061,2026-08-29,51.0,1619,83,216,47,4,1,17745,Push,0,13,8.2
user_000061,2026-08-30,50.9,1634,84,230,42,19,3,12214,Pull,4,12,8.5
user_000061,2026-08-31,50.9,1950,87,261,62,51,3,10772,Legs,4,7,7.4
user_000061,2026-09-01,51.2,1700,92,225,48,25,2,13956,Push,0,14,8.0
user_000061,2026-09-02,51.5,1864,106,252,48,53,1,12055,Push,2,8,7.7
user_000061,2026-09-03,51.3,2534,100,358,78,60,5,15611,Rest,,,8.4
user_000061,2026-09-04,51.1,1740,103,224,48,50,1,6294,Push,5,17,6.1
user_000061,2026-09-05,51.4,2510,94,394,62,59,4,16969,Rest,,,8.2
user_000061,2026-09-06,51.2,1917,98,271,49,14,3,15779,Legs,0,17,9.0
user_000061,2026-09-07,51.4,1778,88,235,54,32,1,16522,Upper,5,14,8.6
user_000061,2026-09-08,51.1,1737,91,233,49,13,5,14588,Legs,4,20,7.2
user_000061,2026-09-09,50.9,1840,106,228,56,3,3,7307,Legs,3,13,5.7
user_000061,2026-09-10,51.0,1923,86,298,43,17,3,12898,Push,1,7,7.3
user_000061,2026-09-11,51.0,2035,92,302,51,30,4,10879,Legs,5,20,7.7
user_000061,2026-09-12,51.2,1687,94,240,39,4,2,6442,Upper,4,13,6.2
user_000061,2026-09-13,51.4,1803,105,222,55,26,2,11660,Push,2,13,8.2
user_000061,2026-09-14,51.6,1949,108,251,57,18,3,10579,Push,4,11,7.0
user_000061,2026-09-15,51.4,1520,109,163,48,0,4,4187,Legs,0,10,8.5
user_000061,2026-09-16,51.3,1544,86,210,40,0,3,9872,Push,1,6,6.6
user_000061,2026-09-17,51.3,1600,102,199,44,12,4,7348,Pull,0,6,7.8
user_000061,2026-09-18,51.3,1698,98,205,54,34,2,4039,Upper,5,20,6.2
user_000061,2026-09-19,51.5,1898,107,273,42,40,3,5142,Upper,0,18,7.3
user_000061,2026-09-20,51.2,1912,103,267,48,21,1,14832,Pull,5,12,6.2
user_000061,2026-09-21,51.4,1814,107,252,42,9,4,13705,Pull,0,6,7.6
user_000061,2026-09-22,51.5,1517,90,197,41,4,3,9187,Pull,5,9,6.3
user_000061,2026-09-23,51.5,1676,105,197,52,8,5,6579,Pull,3,11,6.1
user_000061,2026-09-24,51.3,2108,112,307,48,51,2,16282,Push,2,19,7.6
user_000061,2026-09-25,51.2,1825,110,218,57,60,2,3999,Legs,4,7,7.3
user_000061,2026-09-26,51.2,1543,107,191,39,5,2,5783,Legs,3,17,7.3
user_000061,2026-09-27,51.5,2353,99,334,69,56,4,14929,Pull,4,8,6.5
user_000061,2026-09-28,51.3,1564,112,180,44,18,2,9221,Rest,,,7.1
user_000061,2026-09-29,51.5,1683,91,242,39,16,5,14990,Upper,4,15,6.6
user_000061,2026-09-30,51.3,1855,91,267,47,18,4,15959,Rest,,,8.5
user_000061,2026-10-01,51.3,1797,96,225,57,13,2,5256,Legs,3,8,7.6
user_000061,2026-10-02,51.1,2108,89,330,48,15,2,12227,Upper,3,8,6.2
user_000061,2026-10-03,51.2,1855,111,256,43,27,1,17173,Rest,,,7.4
user_000061,2026-10-04,51.4,1768,102,241,44,9,1,6655,Upper,1,7,6.2
user_000061,2026-10-05,51.2,1916,105,239,60,22,3,12653,Push,3,18,7.4
user_000061,2026-10-06,51.2,2102,104,282,62,37,5,8807,Rest,,,8.7
user_000061,2026-10-07,51.5,2236,82,315,72,34,5,8482,Legs,2,15,6.1
user_000061,2026-10-08,51.8,1581,111,192,41,31,1,4229,Push,0,9,7.7
user_000061,2026-10-09,51.6,2050,83,290,62,48,4,6023,Upper,3,10,5.5
user_000061,2026-10-10,51.7,1996,106,258,60,38,4,12751,Upper,1,19,8.4
user_000061,2026-10-11,51.7,1980,87,282,56,50,3,3281,Pull,0,20,6.7
user_000061,2026-10-12,51.5,1869,90,276,45,52,3,3791,Upper,5,19,7.9
user_000061,2026-10-13,51.5,1970,87,266,62,14,1,12603,Legs,4,9,7.5
user_000061,2026-10-14,51.5,1857,92,244,57,9,5,13686,Pull,2,9,7.0
user_000061,2026-10-15,51.5,2060,91,316,48,60,3,4734,Rest,,,5.6
user_000061,2026-10-16,51.3,2005,93,262,65,21,3,13975,Pull,1,17,7.8
user_000061,2026-10-17,51.5,1580,105,173,52,12,2,13429,Push,3,14,6.2
user_000061,2026-10-18,51.5,1911,108,228,63,22,3,15710,Rest,,,9.0
user_000061,2026-10-19,51.8,1900,99,277,44,32,1,12018,Rest,,,8.3
user_000061,2026-10-20,51.7,2133,100,287,65,43,4,17089,Rest,,,8.4
user_000061,2026-10-21,52.0,1969,93,262,61,47,1,8777,Legs,5,15,6.3
user_000061,2026-10-22,51.9,2058,101,310,46,45,1,11782,Push,3,18,7.4
user_000061,2026-10-23,51.9,2035,106,297,47,25,4,13319,Legs,4,11,7.9
user_000061,2026-10-24,51.6,2183,83,321,63,12,4,16502,Upper,0,19,8.5
user_000061,2026-10-25,51.6,2113,95,278,69,58,1,12464,Upper,5,19,7.2
user_000061,2026-10-26,51.8,2118,104,295,58,21,4,14958,Rest,,,5.9
user_000061,2026-10-27,51.8,1569,89,202,45,52,2,9686,Pull,1,19,7.0
user_000061,2026-10-28,51.8,1775,90,257,43,57,1,5275,Push,4,8,7.6
user_000061,2026-10-29,52.0,1935,88,281,51,37,3,11059,Pull,3,18,8.0
user_000061,2026-10-30,51.8,2033,97,283,57,56,1,10920,Pull,5,17,5.6
user_000061,2026-10-31,52.1,1642,107,209,42,1,5,6486,Legs,1,7,6.3
user_000061,2026-11-01,52.2,1791,92,241,51,6,4,5795,Push,1,13,6.2
user_000061,2026-11-02,52.5,1882,110,239,54,18,2,8394,Legs,1,19,5.9
user_000061,2026-11-03,52.6,2370,97,365,58,31,5,13007,Push,4,10,8.0
user_000061,2026-11-04,52.8,1731,110,235,39,24,3,11155,Legs,0,7,7.5
user_000061,2026-11-05,53.0,1754,98,246,42,34,1,7093,Push,2,17,6.2
user_000061,2026-11-06,52.8,1417,104,149,45,16,1,3160,Upper,0,15,7.1
user_000061,2026-11-07,52.9,1957,111,277,45,18,1,15849,Rest,,,8.5
user_000061,2026-11-08,53.2,1845,89,262,49,6,4,7573,Push,5,12,7.8
user_000061,2026-11-09,53.5,2230,110,335,50,43,5,5524,Pull,2,19,6.9
user_000061,2026-11-10,53.7,1853,103,241,53,27,2,6775,Upper,0,15,8.2
user_000061,2026-11-11,53.6,1944,91,251,64,1,4,4769,Legs,4,20,8.0
user_000061,2026-11-12,53.6,1955,92,255,63,31,3,12247,Legs,1,12,7.1
user_000061,2026-11-13,53.8,1968,116,250,56,27,5,10082,Rest,,,6.5
user_000061,2026-11-14,54.1,1874,110,264,42,1,3,15802,Rest,,,6.0
user_000061,2026-11-15,54.2,1870,91,273,46,14,4,15669,Upper,3,16,8.7
user_000061,2026-11-16,54.4,2056,106,264,64,51,5,3331,Pull,1,12,7.2
user_000061,2026-11-17,54.2,1730,100,247,38,1,1,3353,Push,5,17,6.3
user_000061,2026-11-18,54.1,1905,105,243,57,15,1,8890,Push,1,7,7.9
user_000061,2026-11-19,54.1,1886,106,244,54,10,1,17781,Push,2,18,7.1
user_000061,2026-11-20,54.1,2364,107,340,64,45,5,9538,Upper,0,6,8.7
user_000061,2026-11-21,53.9,1846,90,241,58,52,2,8627,Legs,2,7,6.9
user_000061,2026-11-22,54.0,2294,104,321,66,32,4,15247,Push,3,8,8.0
user_000061,2026-11-23,53.9,1475,100,163,47,12,4,7429,Pull,2,13,7.6
user_000061,2026-11-24,54.1,2337,109,311,73,53,4,7604,Upper,1,15,6.4
user_000061,2026-11-25,54.3,2054,100,292,54,40,2,12390,Rest,,,8.6
user_000061,2026-11-26,54.4,1590,103,209,38,1,1,9324,Upper,2,10,8.5
user_000061,2026-11-27,54.3,1431,105,174,35,9,2,4536,Rest,,,5.7
user_000062,2026-07-01,51.1,1524,111,171,44,41,2,14393,Upper,0,19,6.5
user_000062,2026-07-02,51.3,1503,98,199,35,17,5,17298,Push,5,9,8.9
user_000062,2026-07-03,51.2,1654,88,204,54,45,3,15191,Pull,0,13,7.0
user_000062,2026-07-04,50.8,1713,92,244,41,51,5,15182,Push,2,7,8.5
user_000062,2026-07-05,50.9,1457,111,161,41,24,3,13013,Upper,3,14,8.4
user_000062,2026-07-06,51.0,1542,107,202,34,33,4,7358,Push,0,12,5.8
user_000062,2026-07-07,51.1,1231,110,128,31,1,4,12410,Legs,3,8,8.5
user_000062,2026-07-08,51.2,1180,94,129,32,1,5,3220,Push,2,6,8.0
user_000062,2026-07-09,51.4,1520,90,182,48,39,3,5015,Legs,2,17,7.7
user_000062,2026-07-10,51.4,1309,93,169,29,28,2,13108,Push,1,11,5.9
user_000062,2026-07-11,51.5,1588,106,192,44,50,3,10037,Upper,4,20,6.9
user_000062,2026-07-12,51.4,1163,100,121,31,13,5,16285,Legs,0,19,5.8
user_000062,2026-07-13,51.4,1253,106,124,37,52,2,13844,Pull,3,19,7.4
user_000062,2026-07-14,51.1,1682,103,196,54,29,5,13865,Pull,3,9,5.7
user_000062,2026-07-15,51.1,1387,92,158,43,21,4,17052,Push,4,7,6.1
user_000062,2026-07-16,50.8,1088,103,115,24,21,3,6732,Pull,1,20,7.2
user_000062,2026-07-17,51.0,1111,101,116,27,27,1,3523,Pull,3,20,6.3
user_000062,2026-07-18,50.9,1701,88,218,53,36,4,16966,Rest,,,7.6
user_000062,2026-07-19,50.8,1467,87,201,35,11,3,6699,Upper,0,6,5.6
user_000062,2026-07-20,50.5,1630,88,207,50,41,4,3105,Pull,3,17,6.4
user_000062,2026-07-21,50.6,1126,92,113,34,23,2,5764,Push,3,18,7.9
user_000062,2026-07-22,50.4,1243,97,126,39,9,3,14112,Legs,0,12,5.5
user_000062,2026-07-23,50.2,1126,100,105,34,1,5,13775,Upper,4,10,6.8
user_000062,2026-07-24,49.9,1653,84,219,49,27,2,14474,Push,2,13,6.4
user_000062,2026-07-25,49.8,1175,91,133,31,44,3,9758,Legs,2,13,6.4
user_000062,2026-07-26,49.5,1455,101,184,35,59,1,9324,Push,4,9,8.4
user_000062,2026-07-27,49.5,1583,96,212,39,41,3,14419,Pull,0,16,8.9
user_000062,2026-07-28,49.4,1396,82,186,36,9,2,9372,Pull,2,19,8.9
user_000062,2026-07-29,49.5,1252,102,130,36,27,2,13127,Upper,4,10,6.2
user_000062,2026-07-30,49.5,1370,108,158,34,58,1,14126,Rest,,,7.9
user_000062,2026-07-31,49.5,1592,82,199,52,47,2,16015,Pull,5,9,7.1
user_000062,2026-08-01,49.4,2285,93,341,61,48,5,12895,Legs,3,7,8.0
user_000062,2026-08-02,49.2,1499,86,210,35,28,4,13874,Rest,,,7.3
user_000062,2026-08-03,49.1,1664,104,204,48,17,5,16975,Upper,5,6,8.9
user_000062,2026-08-04,48.8,1617,96,216,41,14,4,16240,Rest,,,8.1
user_000062,2026-08-05,48.8,1711,80,233,51,33,3,7416,Push,0,16,6.6
user_000062,2026-08-06,48.7,1866,91,272,46,50,5,10478,Pull,2,7,8.7
user_000062,2026-08-07,48.9,1945,81,268,61,51,5,6872,Push,3,9,8.2
user_000062,2026-08-08,48.9,1085,85,121,29,4,5,10516,Push,3,6,8.9
user_000062,2026-08-09,48.8,1097,99,110,29,27,2,6639,Rest,,,5.9
user_000062,2026-08-10,48.6,1103,102,95,35,7,1,8370,Push,1,11,8.7
user_000062,2026-08-11,48.4,1667,90,221,47,57,4,17180,Pull,3,12,6.5
user_000062,2026-08-12,48.3,1290,84,162,34,16,2,15221,Pull,4,11,8.6
user_000062,2026-08-13,48.5,1114,101,119,26,6,2,14617,Upper,5,17,8.4
user_000062,2026-08-14,48.3,1209,88,131,37,7,2,7594,Pull,5,15,8.1
user_000062,2026-08-15,48.3,1411,93,181,35,32,2,12165,Push,4,11,8.9
user_000062,2026-08-16,48.6,1805,77,246,57,30,5,16468,Pull,1,13,5.8
user_000062,2026-08-17,48.5,1575,88,200,47,44,3,7704,Rest,,,7.4
user_000062,2026-08-18,48.4,1566,97,191,46,42,4,12963,Pull,0,7,8.3
user_000062,2026-08-19,48.6,1733,79,262,41,27,5,16535,Pull,1,19,8.3
user_000062,2026-08-20,48.8,1315,105,136,39,29,3,10453,Push,5,16,8.6
user_000062,2026-08-21,48.4,1546,99,211,34,52,4,10051,Rest,,,7.7
user_000062,2026-08-22,48.1,1414,89,161,46,22,1,13507,Upper,0,8,7.6
user_000062,2026-08-23,48.2,1206,96,120,38,20,2,4349,Rest,,,8.4
user_000062,2026-08-24,47.9,1643,104,192,51,24,5,14843,Legs,2,18,6.7
user_000062,2026-08-25,47.6,1061,90,110,29,34,1,5497,Pull,3,17,8.0
user_000062,2026-08-26,47.3,1306,102,157,30,23,2,5316,Rest,,,7.9
user_000062,2026-08-27,47.1,1422,90,171,42,36,3,10804,Push,3,13,7.3
user_000062,2026-08-28,46.8,1286,99,146,34,2,3,9216,Push,3,8,7.3
user_000062,2026-08-29,46.7,1680,99,213,48,37,5,10739,Rest,,,5.8
user_000062,2026-08-30,47.0,1892,98,276,44,48,2,15261,Legs,2,9,7.8
user_000062,2026-08-31,47.0,2051,99,308,47,51,2,14180,Rest,,,7.6
user_000062,2026-09-01,47.3,2141,102,296,61,32,5,10860,Upper,2,13,6.6
user_000062,2026-09-02,47.5,1693,86,227,49,17,2,8119,Upper,1,7,8.8
user_000062,2026-09-03,47.3,1425,80,193,37,42,1,5966,Pull,3,12,8.3
user_000062,2026-09-04,47.1,1559,87,224,35,8,2,15446,Pull,5,19,7.0
user_000062,2026-09-05,47.1,1789,79,267,45,55,4,10252,Rest,,,7.3
user_000062,2026-09-06,47.1,1888,78,295,44,50,2,11471,Push,4,14,8.7
user_000062,2026-09-07,47.2,1993,78,301,53,24,5,14458,Pull,2,12,7.8
user_000062,2026-09-08,46.9,2282,82,322,74,49,5,6854,Rest,,,7.0
user_000062,2026-09-09,47.1,1624,76,222,48,18,3,10394,Pull,4,16,7.4
user_000062,2026-09-10,47.0,1885,103,240,57,4,1,15193,Pull,0,17,6.0
user_000062,2026-09-11,46.8,1584,90,225,36,33,2,5293,Pull,3,7,7.2
user_000062,2026-09-12,47.0,1938,86,277,54,19,5,16968,Push,5,12,8.1
user_000062,2026-09-13,46.9,1850,75,275,50,13,3,15207,Upper,2,18,7.9
user_000062,2026-09-14,46.7,1773,87,228,57,30,3,11625,Pull,4,18,5.5
user_000062,2026-09-15,46.4,2059,86,287,63,36,5,10773,Upper,0,11,8.9
user_000062,2026-09-16,46.3,1688,90,224,48,22,4,14771,Upper,0,17,7.0
user_000062,2026-09-17,46.3,2228,97,325,60,47,5,4853,Rest,,,5.8
user_000062,2026-09-18,46.1,1985,84,275,61,44,4,3463,Rest,,,6.7
user_000062,2026-09-19,46.2,2320,98,365,52,54,5,16842,Push,2,7,7.9
user_000062,2026-09-20,46.4,1845,76,275,49,4,5,15830,Push,2,14,6.9
user_000062,2026-09-21,46.6,1777,85,267,41,4,5,13018,Legs,4,10,8.7
user_000062,2026-09-22,46.3,1490,93,194,38,9,3,10706,Push,4,7,6.2
user_000062,2026-09-23,46.0,1669,94,231,41,32,3,10689,Rest,,,6.4
user_000062,2026-09-24,46.0,2086,91,309,54,28,3,17942,Pull,3,19,8.5
user_000062,2026-09-25,45.9,1740,100,245,40,30,5,7073,Legs,0,15,8.4
user_000062,2026-09-26,45.5,1407,94,161,43,46,1,11850,Rest,,,6.4
user_000062,2026-09-27,45.4,1822,78,274,46,60,1,12733,Rest,,,7.7
user_000062,2026-09-28,45.6,1514,95,189,42,0,4,14271,Legs,0,9,5.6
user_000062,2026-09-29,45.7,1577,98,204,41,19,5,4907,Rest,,,5.7
user_000062,2026-09-30,45.9,1785,83,262,45,23,1,9959,Pull,5,6,7.7
user_000062,2026-10-01,45.6,1908,86,283,48,57,3,12112,Pull,3,19,6.2
user_000062,2026-10-02,45.9,1820,95,234,56,50,1,12140,Rest,,,8.8
user_000062,2026-10-03,45.7,1451,81,176,47,16,1,4281,Upper,3,18,7.2
user_000062,2026-10-04,45.4,2020,87,274,64,51,3,9585,Legs,1,7,8.5
user_000062,2026-10-05,45.5,1742,84,239,50,28,4,16725,Upper,0,15,7.8
user_000062,2026-10-06,45.7,1605,84,216,45,8,1,10590,Rest,,,7.3
user_000062,2026-10-07,45.4,1777,80,263,45,12,2,16026,Upper,3,8,5.7
user_000062,2026-10-08,45.5,1854,80,262,54,49,5,9215,Legs,1,14,8.3
user_000062,2026-10-09,45.5,1827,80,262,51,39,4,6934,Upper,1,14,7.0
user_000062,2026-10-10,45.3,1801,95,254,45,54,1,10572,Push,4,14,7.4
user_000062,2026-10-11,45.1,1358,85,187,30,2,4,11638,Push,3,19,6.1
user_000062,2026-10-12,45.3,1680,92,211,52,14,1,10971,Legs,5,13,7.1
user_000062,2026-10-13,45.5,1946,86,270,58,51,3,12533,Rest,,,7.9
user_000062,2026-10-14,45.4,1633,74,251,37,7,5,7494,Rest,,,8.3
user_000062,2026-10-15,45.3,1951,80,284,55,57,1,15999,Rest,,,6.6
user_000062,2026-10-16,45.6,1885,80,281,49,45,4,13221,Pull,5,18,7.5
user_000062,2026-10-17,45.6,1848,79,266,52,24,3,14000,Legs,1,16,7.4
user_000062,2026-10-18,45.6,1539,97,182,47,28,1,9019,Pull,4,17,7.2
user_000062,2026-10-19,45.5,2038,95,284,58,29,3,16803,Upper,5,18,6.0
user_000062,2026-10-20,45.4,1798,80,248,54,20,3,10129,Push,4,15,6.6
user_000062,2026-10-21,45.5,1777,92,260,41,6,2,14696,Push,4,17,8.9
user_000062,2026-10-22,45.4,1597,78,238,37,24,4,15508,Pull,4,14,7.6
user_000062,2026-10-23,45.6,1608,84,201,52,42,4,9371,Legs,0,18,7.3
user_000062,2026-10-24,45.7,1254,83,163,30,14,2,3911,Upper,2,15,7.9
user_000062,2026-10-25,45.8,2172,99,327,52,39,5,16017,Pull,1,8,7.4
user_000062,2026-10-26,45.8,1675,83,221,51,27,2,17160,Rest,,,7.3
user_000062,2026-10-27,46.0,1417,80,191,37,9,2,8379,Pull,3,14,6.3
user_000062,2026-10-28,45.8,1964,78,305,48,47,3,9373,Upper,1,13,8.3
user_000062,2026-10-29,45.9,1476,99,162,48,42,2,5265,Pull,4,13,6.4
user_000062,2026-10-30,46.2,1735,90,220,55,41,5,3429,Legs,2,17,7.0
user_000062,2026-10-31,46.2,1542,96,186,46,14,5,9041,Pull,4,13,6.5
user_000062,2026-11-01,46.0,1855,85,246,59,14,3,13326,Rest,,,5.6
user_000062,2026-11-02,46.1,1792,94,246,48,12,1,5835,Push,2,15,6.9
user_000062,2026-11-03,45.9,2095,96,313,51,46,2,16330,Push,1,20,8.0
user_000062,2026-11-04,46.0,1792,78,253,52,0,3,17311,Legs,0,14,8.1
user_000062,2026-11-05,45.8,1776,93,234,52,39,2,9881,Legs,1,10,6.4
user_000062,2026-11-06,45.9,1803,90,237,55,28,3,12310,Rest,,,8.9
user_000062,2026-11-07,45.9,1835,100,244,51,44,5,3227,Push,0,12,7.7
user_000062,2026-11-08,46.0,1547,77,222,39,23,2,11144,Upper,2,11,7.7
user_000062,2026-11-09,45.8,1887,79,296,43,50,4,5535,Pull,1,13,8.7
user_000062,2026-11-10,45.5,1943,92,297,43,57,1,16283,Rest,,,7.1
user_000062,2026-11-11,45.6,1784,86,243,52,51,1,13171,Rest,,,6.3
user_000062,2026-11-12,45.7,1615,82,216,47,60,2,9411,Push,4,14,6.9
user_000062,2026-11-13,45.6,1531,83,221,35,25,1,9514,Pull,1,6,7.3
user_000062,2026-11-14,45.7,1769,99,242,45,57,4,5564,Push,1,17,6.8
user_000062,2026-11-15,45.5,1437,88,197,33,2,3,6625,Pull,3,8,5.9
user_000062,2026-11-16,45.7,1660,99,226,40,16,1,11769,Rest,,,6.0
user_000062,2026-11-17,45.6,2456,74,369,76,50,5,17827,Push,1,13,7.7
user_000062,2026-11-18,45.5,1937,91,283,49,26,5,10036,Legs,2,19,7.9
user_000062,2026-11-19,45.5,1963,90,259,63,44,5,12543,Legs,3,13,8.2
user_000062,2026-11-20,45.7,2173,90,316,61,57,5,10990,Upper,0,6,8.2
user_000062,2026-11-21,45.9,1679,79,217,55,14,3,13802,Push,5,6,7.3
user_000062,2026-11-22,45.7,1388,85,190,32,9,1,10118,Rest,,,7.6
user_000062,2026-11-23,45.6,2358,95,364,58,60,5,15240,Legs,5,12,8.9
user_000062,2026-11-24,45.6,1197,85,140,33,40,2,12185,Upper,2,18,8.8
user_000062,2026-11-25,45.4,1197,88,146,29,49,1,6652,Upper,0,7,8.4
user_000062,2026-11-26,45.1,1037,87,116,25,19,1,4316,Legs,3,17,7.4
user_000062,2026-11-27,44.9,1130,79,145,26,31,2,9307,Pull,1,9,5.8
user_000063,2026-07-01,51.2,1369,89,152,45,50,2,13484,Upper,4,20,6.6
user_000063,2026-07-02,50.9,1479,106,167,43,30,2,8911,Push,2,12,7.4
user_000063,2026-07-03,50.7,1685,102,209,49,53,4,6973,Push,4,6,8.3
user_000063,2026-07-04,50.5,2003,105,263,59,42,2,16461,Rest,,,8.7
user_000063,2026-07-05,50.2,1572,108,168,52,54,5,5374,Legs,5,18,8.7
user_000063,2026-07-06,49.8,1329,80,178,33,15,4,14532,Pull,4,13,6.1
user_000063,2026-07-07,49.8,1365,90,168,37,4,1,11017,Rest,,,6.4
user_000063,2026-07-08,49.9,1075,95,113,27,19,1,3504,Rest,,,6.8
user_000063,2026-07-09,49.6,1477,83,176,49,3,5,15989,Upper,3,18,8.8
user_000063,2026-07-10,49.5,1492,88,204,36,35,4,9775,Upper,1,14,7.5
user_000063,2026-07-11,49.3,1698,88,224,50,19,5,17458,Legs,4,15,6.8
user_000063,2026-07-12,49.1,1684,90,241,40,47,5,4169,Legs,3,20,8.9
user_000063,2026-07-13,48.9,1302,96,153,34,50,1,4624,Rest,,,8.2
user_000063,2026-07-14,48.7,1218,97,140,30,40,3,5502,Legs,5,19,7.0
user_000063,2026-07-15,48.6,1197,100,116,37,30,2,10332,Legs,0,19,6.1
user_000063,2026-07-16,48.5,1163,87,143,27,6,1,10423,Rest,,,7.5
user_000063,2026-07-17,48.4,1441,83,176,45,44,3,7021,Rest,,,8.8
user_000063,2026-07-18,48.6,2068,93,316,48,40,5,13538,Push,4,11,8.4
user_000063,2026-07-19,48.6,1452,92,172,44,42,2,13753,Push,2,7,7.9
user_000063,2026-07-20,48.3,1360,88,171,36,45,2,9512,Push,0,6,8.3
user_000063,2026-07-21,47.9,1281,91,137,41,55,1,9893,Rest,,,7.1
user_000063,2026-07-22,47.9,1231,95,143,31,49,1,15117,Upper,0,17,6.0
user_000063,2026-07-23,47.6,1315,82,177,31,8,3,13971,Rest,,,7.4
user_000063,2026-07-24,47.3,1343,89,150,43,33,1,9672,Upper,1,6,6.8
user_000063,2026-07-25,47.2,1056,91,101,32,2,4,9671,Rest,,,6.5
user_000063,2026-07-26,47.2,1312,98,158,32,24,4,13750,Push,2,14,8.6
user_000063,2026-07-27,47.4,1516,96,175,48,6,3,17497,Rest,,,6.6
user_000063,2026-07-28,47.5,1427,87,173,43,30,4,11614,Push,5,8,7.8
user_000063,2026-07-29,47.2,1604,87,197,52,53,3,11369,Upper,3,7,6.8
user_000063,2026-07-30,46.9,1564,102,199,40,55,5,8821,Push,1,10,6.9
user_000063,2026-07-31,47.0,1977,101,247,65,43,4,14482,Upper,2,10,7.5
user_000063,2026-08-01,46.7,1367,96,167,35,16,1,13438,Legs,3,18,8.4
user_000063,2026-08-02,46.8,1437,86,181,41,40,3,5379,Legs,1,10,6.1
user_000063,2026-08-03,47.0,1203,94,119,39,6,5,4729,Legs,3,14,7.2
user_000063,2026-08-04,47.2,1169,95,114,37,19,5,5462,Rest,,,7.3
user_000063,2026-08-05,47.0,1629,87,201,53,42,5,11531,Legs,5,20,7.4
user_000063,2026-08-06,47.1,1729,87,253,41,47,5,8649,Pull,0,10,6.1
user_000063,2026-08-07,47.0,1571,83,204,47,23,3,13480,Legs,2,13,5.5
user_000063,2026-08-08,47.2,1541,82,193,49,51,2,8410,Rest,,,6.2
user_000063,2026-08-09,47.3,1513,96,172,49,55,3,17764,Push,2,14,8.1
user_000063,2026-08-10,47.4,1294,100,138,38,9,1,17534,Upper,2,7,5.6
user_000063,2026-08-11,47.3,1055,82,121,27,17,2,5825,Pull,4,8,8.0
user_000063,2026-08-12,47.4,1199,82,157,27,25,3,3574,Rest,,,7.3
user_000063,2026-08-13,47.2,1403,90,182,35,31,4,4941,Rest,,,6.7
user_000063,2026-08-14,47.2,1056,82,119,28,14,2,6585,Push,2,18,6.3
user_000063,2026-08-15,47.2,1054,91,96,34,19,5,3435,Pull,3,14,7.3
user_000063,2026-08-16,47.4,1564,79,213,44,27,3,17933,Upper,1,9,6.4
user_000063,2026-08-17,47.5,1699,87,232,47,50,4,17531,Legs,0,11,5.7
user_000063,2026-08-18,47.2,1058,82,124,26,12,2,15998,Upper,0,11,8.9
user_000063,2026-08-19,47.2,1257,99,150,29,14,3,14616,Pull,2,7,8.7
user_000063,2026-08-20,47.1,1472,81,206,36,33,1,12737,Rest,,,8.3
user_000063,2026-08-21,46.9,1832,85,274,44,60,5,6519,Upper,3,16,7.7
user_000063,2026-08-22,47.0,1466,83,207,34,40,1,14021,Rest,,,6.5
user_000063,2026-08-23,46.8,1356,75,192,32,0,3,15844,Upper,1,15,7.6
user_000063,2026-08-24,46.5,1753,90,220,57,18,5,11143,Legs,2,17,7.7
user_000063,2026-08-25,46.7,1257,91,149,33,47,3,11076,Rest,,,7.5
user_000063,2026-08-26,46.8,1596,102,180,52,51,4,5192,Legs,4,6,8.1
user_000063,2026-08-27,46.6,1685,78,233,49,37,5,14550,Legs,1,20,6.8
user_000063,2026-08-28,46.3,1174,97,138,26,29,1,15023,Pull,3,17,8.6
user_000063,2026-08-29,46.2,1116,88,128,28,31,3,3287,Pull,3,9,6.8
user_000063,2026-08-30,46.1,1443,89,175,43,5,2,17421,Push,1,19,5.9
user_000063,2026-08-31,46.1,1906,79,258,62,52,5,11386,Legs,0,18,8.0
user_000063,2026-09-01,46.2,1421,78,185,41,29,4,8166,Legs,0,16,7.2
user_000063,2026-09-02,46.1,1891,84,256,59,54,4,13411,Legs,1,14,8.4
user_000063,2026-09-03,46.2,1600,84,208,48,18,5,13858,Push,4,20,5.8
user_000063,2026-09-04,46.0,1203,79,143,35,22,4,4568,Pull,4,9,7.9
user_000063,2026-09-05,45.8,1483,76,189,47,43,3,5808,Pull,1,14,6.1
user_000063,2026-09-06,45.6,1269,91,152,33,13,3,3689,Upper,5,10,7.3
user_000063,2026-09-07,45.3,1054,73,132,26,12,2,4587,Rest,,,5.7
user_000063,2026-09-08,45.6,1383,75,192,35,17,2,12236,Push,1,8,7.8
user_000063,2026-09-09,45.6,1224,87,138,36,59,1,3051,Push,4,8,8.7
user_000063,2026-09-10,45.7,1477,89,188,41,45,2,13909,Upper,4,10,6.7
user_000063,2026-09-11,45.3,1314,97,164,30,15,2,10940,Legs,2,12,8.7
user_000063,2026-09-12,45.4,1580,97,208,40,51,4,3671,Push,3,20,6.6
user_000063,2026-09-13,45.2,1480,99,181,40,28,3,11477,Upper,1,18,6.4
user_000063,2026-09-14,45.1,1350,99,153,38,46,2,10273,Rest,,,6.3
user_000063,2026-09-15,45.1,1256,94,139,36,40,4,6903,Push,1,10,7.2
user_000063,2026-09-16,45.1,1484,76,205,40,59,3,13217,Upper,1,13,8.4
user_000063,2026-09-17,45.0,1483,88,204,35,55,2,10412,Pull,1,12,7.4
user_000063,2026-09-18,44.6,1198,91,141,30,29,3,15039,Rest,,,8.8
user_000063,2026-09-19,44.6,1543,88,201,43,60,3,11913,Rest,,,7.5
user_000063,2026-09-20,44.6,1204,92,128,36,0,3,11521,Legs,3,20,7.4
user_000063,2026-09-21,44.3,1590,95,217,38,40,5,12778,Rest,,,7.8
user_000063,2026-09-22,44.5,1284,83,157,36,0,5,10511,Pull,5,12,5.9
user_000063,2026-09-23,44.3,1094,89,126,26,24,1,14869,Push,4,18,7.3
user_000063,2026-09-24,44.2,1538,86,195,46,47,2,17150,Push,2,14,8.5
user_000063,2026-09-25,44.2,1344,84,180,32,37,2,14518,Push,2,12,8.9
user_000063,2026-09-26,43.9,1515,83,208,39,48,4,9256,Upper,1,11,7.2
user_000063,2026-09-27,43.9,1241,86,141,37,42,1,11686,Pull,4,18,5.8
user_000063,2026-09-28,44.0,1245,71,175,29,11,2,11246,Rest,,,6.4
user_000063,2026-09-29,44.2,1028,83,102,32,32,1,6849,Push,2,10,7.8
user_000063,2026-09-30,44.3,1141,91,129,29,24,4,3547,Push,2,13,7.7
user_000063,2026-10-01,44.1,1100,73,121,36,46,1,3021,Upper,0,20,7.6
user_000063,2026-10-02,44.0,1211,94,139,31,33,2,7965,Push,5,15,6.2
user_000063,2026-10-03,44.0,1461,86,187,41,17,5,14724,Upper,1,9,8.6
user_000063,2026-10-04,43.9,1463,90,188,39,22,5,5958,Push,0,13,7.2
user_000063,2026-10-05,43.9,1493,88,175,49,10,3,17989,Legs,3,16,7.7
user_000063,2026-10-06,43.6,1650,76,242,42,26,3,16368,Upper,1,13,7.4
user_000063,2026-10-07,43.6,1340,88,157,40,55,1,12673,Rest,,,5.9
user_000063,2026-10-08,43.7,2120,91,304,60,51,5,15004,Push,0,7,5.8
user_000063,2026-10-09,43.6,1392,82,194,32,36,1,16759,Legs,1,13,7.6
user_000063,2026-10-10,43.6,1601,87,203,49,42,3,8890,Legs,3,11,7.4
user_000063,2026-10-11,43.6,1326,89,175,30,49,3,11130,Push,0,18,6.4
user_000063,2026-10-12,43.7,1419,93,165,43,24,2,10925,Upper,2,14,8.6
user_000063,2026-10-13,43.7,1480,95,185,40,41,4,6273,Push,5,9,7.3
user_000063,2026-10-14,43.9,1260,89,145,36,18,2,11373,Rest,,,5.7
user_000063,2026-10-15,43.8,1198,87,136,34,10,5,8374,Pull,4,16,8.3
user_000063,2026-10-16,43.6,1214,80,156,30,27,2,5422,Legs,5,20,6.1
user_000063,2026-10-17,43.6,1286,94,160,30,23,3,3731,Upper,4,10,8.0
user_000063,2026-10-18,43.8,1384,70,195,36,49,1,13086,Push,0,18,7.2
user_000063,2026-10-19,43.9,1108,88,108,36,14,3,11460,Pull,2,8,8.6
user_000063,2026-10-20,43.8,1292,90,143,40,22,2,14312,Pull,3,8,7.9
user_000063,2026-10-21,43.9,1743,72,258,47,54,2,17607,Upper,3,12,6.4
user_000063,2026-10-22,43.7,1344,87,159,40,17,5,4569,Upper,4,11,8.7
user_000063,2026-10-23,43.6,1023,71,133,23,33,5,7823,Upper,5,20,5.7
user_000063,2026-10-24,43.6,1301,88,163,33,58,2,9117,Push,3,6,6.0
user_000063,2026-10-25,43.6,1023,94,101,27,6,5,13668,Push,3,15,6.8
user_000063,2026-10-26,43.6,1223,87,149,31,28,2,3753,Push,1,9,5.7
user_000063,2026-10-27,43.6,1877,91,259,53,55,2,9637,Pull,3,7,5.7
user_000063,2026-10-28,43.6,1462,90,172,46,17,2,8277,Rest,,,8.8
user_000063,2026-10-29,43.6,1696,86,248,40,25,4,8063,Pull,3,11,5.6
user_000063,2026-10-30,43.7,1078,93,100,34,38,1,4359,Rest,,,8.5
user_000063,2026-10-31,44.0,2438,93,377,62,55,5,10766,Legs,1,11,7.0
user_000063,2026-11-01,44.3,1637,92,216,45,8,2,12775,Push,5,10,7.2
user_000063,2026-11-02,44.2,1927,79,261,63,54,3,16057,Pull,2,15,7.1
user_000063,2026-11-03,43.9,1854,90,261,50,38,1,9858,Upper,5,15,6.7
user_000063,2026-11-04,43.7,1510,78,223,34,15,3,3826,Rest,,,7.4
user_000063,2026-11-05,43.8,2131,82,336,51,34,4,15524,Legs,3,9,7.9
user_000063,2026-11-06,44.0,1732,85,249,44,39,3,11072,Pull,2,16,6.0
user_000063,2026-11-07,44.1,2093,89,324,49,58,5,15969,Upper,0,17,8.9
user_000063,2026-11-08,44.2,1986,72,294,58,13,4,16674,Rest,,,6.2
user_000063,2026-11-09,44.0,1587,88,221,39,5,3,13730,Upper,0,15,7.4
user_000063,2026-11-10,44.2,1779,81,249,51,37,2,8604,Push,0,13,6.6
user_000063,2026-11-11,44.4,2228,82,331,64,57,3,17607,Upper,0,14,7.6
user_000063,2026-11-12,44.6,2176,78,313,68,45,4,16865,Legs,3,16,6.3
user_000063,2026-11-13,44.9,1858,71,263,58,29,2,4404,Push,4,7,7.9
user_000063,2026-11-14,45.0,1661,77,228,49,1,1,13164,Upper,1,6,8.6
user_000063,2026-11-15,45.2,2065,77,311,57,9,1,14778,Legs,3,11,6.7
user_000063,2026-11-16,45.0,2103,85,335,47,60,3,17044,Upper,0,6,7.9
user_000063,2026-11-17,44.9,1857,77,268,53,25,4,15416,Upper,3,6,8.6
user_000063,2026-11-18,44.7,2057,84,284,65,24,3,15126,Rest,,,8.3
user_000063,2026-11-19,44.9,1410,91,158,46,26,4,4806,Pull,5,9,8.7
user_000063,2026-11-20,45.0,2264,94,337,60,47,5,13116,Rest,,,6.1
user_000063,2026-11-21,45.0,1302,78,171,34,14,2,4070,Legs,4,20,7.8
user_000063,2026-11-22,45.1,1360,97,171,32,19,2,5569,Push,1,19,8.5
user_000063,2026-11-23,45.0,1380,96,177,32,24,2,7821,Push,4,10,7.3
user_000063,2026-11-24,45.0,1668,83,244,40,38,1,5461,Legs,1,6,6.6
user_000063,2026-11-25,45.0,1532,75,200,48,27,4,3705,Push,4,13,7.2
user_000063,2026-11-26,45.3,1677,77,223,53,34,2,3432,Push,3,16,6.3
user_000063,2026-11-27,45.3,2380,93,349,68,41,5,13033,Pull,0,6,7.7
user_000064,2026-07-01,51.4,1324,93,148,40,17,4,10178,Rest,,,5.9
user_000064,2026-07-02,51.3,1198,84,139,34,50,1,5856,Legs,2,16,7.3
user_000064,2026-07-03,51.5,1439,89,165,47,17,2,3806,Legs,1,12,5.6
user_000064,2026-07-04,51.4,1603,94,201,47,48,1,12107,Push,1,14,6.4
user_000064,2026-07-05,51.5,1482,96,180,42,4,5,3763,Legs,1,13,6.6
user_000064,2026-07-06,51.5,2132,105,302,56,53,5,8669,Push,0,8,9.0
user_000064,2026-07-07,51.5,1338,100,149,38,51,1,3709,Rest,,,7.1
user_000064,2026-07-08,51.2,1519,90,193,43,44,1,13946,Pull,4,8,7.5
user_000064,2026-07-09,51.4,1543,92,197,43,9,2,12288,Pull,0,16,6.5
user_000064,2026-07-10,51.6,1693,85,255,37,20,3,6713,Legs,2,13,7.4
user_000064,2026-07-11,51.4,1628,91,208,48,57,1,3235,Upper,4,15,8.6
user_000064,2026-07-12,51.4,1689,105,207,49,37,2,15828,Upper,0,12,5.6
user_000064,2026-07-13,51.5,1880,108,245,52,41,2,14399,Legs,3,16,7.0
user_000064,2026-07-14,51.4,1513,83,185,49,14,5,4054,Legs,2,10,7.0
user_000064,2026-07-15,51.2,1876,112,240,52,57,1,7730,Push,3,8,6.8
user_000064,2026-07-16,51.1,1132,88,132,28,7,2,3191,Legs,0,18,7.3
user_000064,2026-07-17,51.3,1942,97,276,50,36,4,11345,Legs,0,18,5.9
user_000064,2026-07-18,51.1,1576,101,194,44,50,2,15328,Upper,1,18,7.3
user_000064,2026-07-19,51.2,1647,94,221,43,27,1,14084,Legs,1,13,6.4
user_000064,2026-07-20,51.3,1488,83,199,40,9,4,7555,Rest,,,6.2
user_000064,2026-07-21,51.3,1316,91,157,36,13,2,4105,Push,4,9,7.4
user_000064,2026-07-22,51.3,1595,85,199,51,12,4,17372,Upper,3,8,5.6
user_000064,2026-07-23,51.2,1583,106,211,35,21,4,3139,Upper,3,6,6.7
user_000064,2026-07-24,51.4,1559,112,181,43,32,1,8563,Upper,0,20,6.8
user_000064,2026-07-25,51.6,1459,89,179,43,9,1,6731,Pull,1,9,8.3
user_000064,2026-07-26,51.7,1892,109,247,52,36,5,3740,Rest,,,5.9
user_000064,2026-07-27,51.6,1292,104,138,36,11,4,3771,Rest,,,6.9
user_000064,2026-07-28,51.8,1588,108,208,36,29,2,11801,Rest,,,8.3
user_000064,2026-07-29,51.5,1567,103,174,51,34,4,9142,Pull,0,18,7.2
user_000064,2026-07-30,51.2,1580,93,194,48,28,3,4663,Push,3,6,7.4
user_000064,2026-07-31,50.9,1693,101,212,49,26,5,7494,Push,0,14,7.1
user_000064,2026-08-01,50.6,1839,106,230,55,34,3,6760,Rest,,,9.0
user_000064,2026-08-02,50.6,1462,92,197,34,58,1,6934,Legs,4,17,6.9
user_000064,2026-08-03,50.3,1600,98,203,44,4,5,13779,Rest,,,7.2
user_000064,2026-08-04,50.2,1082,94,118,26,9,5,3659,Upper,2,9,7.5
user_000064,2026-08-05,50.0,1714,101,215,50,10,4,7712,Legs,2,12,6.7
user_000064,2026-08-06,50.1,1609,107,176,53,28,5,4266,Upper,1,13,7.7
user_000064,2026-08-07,50.3,1821,92,262,45,34,2,13588,Upper,5,8,7.3
user_000064,2026-08-08,50.4,1571,107,180,47,41,3,5178,Upper,4,8,6.4
user_000064,2026-08-09,50.4,2301,97,332,65,60,4,17412,Push,2,18,7.1
user_000064,2026-08-10,50.4,1763,103,214,55,14,1,16359,Rest,,,6.7
user_000064,2026-08-11,50.6,1175,85,148,27,6,3,3032,Pull,5,17,5.7
user_000064,2026-08-12,50.2,1698,85,236,46,32,3,16960,Legs,0,8,7.9
user_000064,2026-08-13,50.1,1653,101,193,53,21,3,10228,Rest,,,7.4
user_000064,2026-08-14,50.2,1605,81,201,53,22,2,11837,Upper,1,7,7.7
user_000064,2026-08-15,49.9,1955,109,256,55,38,5,13320,Pull,3,11,5.9
user_000064,2026-08-16,49.9,1646,102,224,38,16,4,12003,Push,2,19,7.5
user_000064,2026-08-17,50.1,1462,91,171,46,25,1,5326,Upper,1,16,7.5
user_000064,2026-08-18,49.9,1549,87,199,45,18,4,8123,Rest,,,5.8
user_000064,2026-08-19,50.0,2335,91,369,55,52,5,12935,Pull,1,10,7.0
user_000064,2026-08-20,49.8,1433,83,183,41,22,2,3102,Legs,2,14,5.7
user_000064,2026-08-21,49.9,1509,91,194,41,25,4,5548,Rest,,,5.8
user_000064,2026-08-22,50.0,2042,99,263,66,42,5,13553,Legs,1,12,7.3
user_000064,2026-08-23,50.0,1619,93,197,51,5,5,7592,Rest,,,6.1
user_000064,2026-08-24,49.9,1826,99,245,50,21,1,15431,Upper,3,16,8.4
user_000064,2026-08-25,49.9,1442,86,189,38,56,1,11616,Pull,2,19,7.0
user_000064,2026-08-26,49.7,1469,90,194,37,10,1,8420,Push,4,11,8.2
user_000064,2026-08-27,49.8,1345,90,172,33,32,2,9153,Legs,3,12,7.9
user_000064,2026-08-28,49.6,1919,87,287,47,35,2,12111,Legs,0,14,8.1
user_000064,2026-08-29,49.6,1655,104,222,39,29,2,13090,Upper,2,20,8.9
user_000064,2026-08-30,49.7,1512,87,201,40,4,2,12449,Rest,,,7.9
user_000064,2026-08-31,49.8,2308,89,353,60,47,5,14172,Pull,2,10,6.5
user_000064,2026-09-01,49.5,1350,87,165,38,2,3,16004,Legs,0,10,6.4
user_000064,2026-09-02,49.4,1483,84,181,47,13,5,8195,Push,5,13,7.9
user_000064,2026-09-03,49.5,1720,96,235,44,39,3,5830,Legs,5,18,6.5
user_000064,2026-09-04,49.4,2093,107,306,49,58,5,11519,Upper,5,6,7.4
user_000064,2026-09-05,49.5,1246,106,138,30,26,1,5351,Upper,1,6,8.6
user_000064,2026-09-06,49.1,1586,103,208,38,16,1,16753,Legs,1,17,6.2
user_000064,2026-09-07,49.4,1945,106,270,49,27,5,12065,Legs,5,12,6.2
user_000064,2026-09-08,49.5,1474,88,204,34,0,4,6409,Upper,4,20,6.9
user_000064,2026-09-09,49.3,1789,104,233,49,57,2,11844,Legs,3,14,7.5
user_000064,2026-09-10,49.1,1936,90,295,44,39,5,13374,Legs,5,18,8.0
user_000064,2026-09-11,48.9,1866,99,273,42,37,3,17251,Legs,5,7,7.8
user_000064,2026-09-12,48.9,1348,98,140,44,4,1,3213,Upper,0,6,7.1
user_000064,2026-09-13,49.0,1611,107,190,47,17,4,11712,Push,2,16,8.9
user_000064,2026-09-14,48.7,1241,96,140,33,7,1,3340,Pull,5,20,7.3
user_000064,2026-09-15,48.5,1758,92,253,42,41,4,8831,Upper,5,10,5.9
user_000064,2026-09-16,48.5,1838,88,250,54,29,4,12257,Upper,0,10,7.2
user_000064,2026-09-17,48.3,1995,89,304,47,45,3,13512,Rest,,,7.7
user_000064,2026-09-18,48.4,1376,84,161,44,20,1,9729,Legs,2,13,8.2
user_000064,2026-09-19,48.3,1452,90,201,32,20,1,8499,Push,5,16,5.8
user_000064,2026-09-20,48.3,1495,87,181,47,59,1,10587,Pull,5,16,6.4
user_000064,2026-09-21,48.5,1936,90,295,44,55,1,17625,Upper,0,14,6.3
user_000064,2026-09-22,48.8,1850,89,243,58,50,2,8968,Legs,3,14,6.9
user_000064,2026-09-23,48.7,1927,89,278,51,49,4,8084,Pull,5,14,8.8
user_000064,2026-09-24,48.4,1599,96,189,51,39,4,11643,Rest,,,8.3
user_000064,2026-09-25,48.0,1922,94,256,58,43,3,17433,Legs,5,11,8.7
user_000064,2026-09-26,48.2,1422,102,177,34,25,3,12725,Rest,,,8.5
user_000064,2026-09-27,48.4,1461,85,206,33,16,4,7117,Rest,,,8.2
user_000064,2026-09-28,48.3,1962,90,270,58,50,4,9165,Push,2,20,6.9
user_000064,2026-09-29,48.4,1495,102,193,35,47,2,13110,Upper,5,15,5.8
user_000064,2026-09-30,48.5,1658,83,228,46,57,5,9019,Upper,3,10,7.0
user_000064,2026-10-01,48.3,1596,105,186,48,44,3,11514,Legs,1,10,6.6
user_000064,2026-10-02,48.2,1064,103,109,24,0,1,9807,Legs,0,7,6.9
user_000064,2026-10-03,47.9,1397,100,166,37,27,3,16407,Pull,0,8,7.2
user_000064,2026-10-04,48.0,1379,79,187,35,13,4,16224,Legs,4,17,6.7
user_000064,2026-10-05,47.9,1341,94,149,41,57,3,5715,Legs,3,16,8.3
user_000064,2026-10-06,47.9,1446,94,191,34,22,5,7781,Legs,2,9,8.0
user_000064,2026-10-07,48.0,1503,95,193,39,34,5,8105,Pull,5,13,5.8
user_000064,2026-10-08,48.2,1147,99,118,31,10,2,6609,Pull,0,20,8.8
user_000064,2026-10-09,48.0,1337,87,155,41,25,3,9500,Push,4,15,5.9
user_000064,2026-10-10,47.8,1890,91,260,54,57,5,16322,Legs,4,7,8.0
user_000064,2026-10-11,47.5,1545,92,211,37,38,4,13680,Pull,5,16,8.2
user_000064,2026-10-12,47.1,1480,94,177,44,42,5,7506,Legs,4,14,8.3
user_000064,2026-10-13,46.9,1409,90,188,33,43,3,8519,Upper,4,13,5.8
user_000064,2026-10-14,46.9,1654,99,193,54,45,4,7368,Push,2,9,6.3
user_000064,2026-10-15,46.9,1960,80,293,52,30,5,9681,Legs,4,7,8.6
user_000064,2026-10-16,46.8,1427,83,195,35,42,1,13745,Pull,2,7,7.9
user_000064,2026-10-17,46.5,1679,88,217,51,41,3,15103,Legs,5,9,7.6
user_000064,2026-10-18,46.4,1263,87,159,31,48,4,5181,Upper,5,14,9.0
user_000064,2026-10-19,46.2,1182,75,144,34,21,4,6818,Push,3,10,8.2
user_000064,2026-10-20,46.3,1123,81,130,31,15,2,10226,Upper,4,8,7.3
user_000064,2026-10-21,46.4,1609,99,193,49,27,3,15558,Push,2,11,8.3
user_000064,2026-10-22,46.5,1364,92,150,44,46,3,16959,Rest,,,8.1
user_000064,2026-10-23,46.7,1534,81,217,38,57,3,11105,Pull,4,18,6.5
user_000064,2026-10-24,46.6,1580,90,197,48,46,5,10912,Pull,0,10,7.5
user_000064,2026-10-25,46.3,1115,92,117,31,12,5,7432,Push,1,18,5.6
user_000064,2026-10-26,46.0,1123,92,128,27,23,2,10989,Legs,5,11,8.0
user_000064,2026-10-27,45.8,1737,77,247,49,48,5,14334,Push,2,7,6.3
user_000064,2026-10-28,45.5,1365,82,185,33,32,5,8556,Upper,1,10,6.0
user_000064,2026-10-29,45.7,1061,95,114,25,4,1,14999,Rest,,,6.0
user_000064,2026-10-30,45.7,1268,93,161,28,53,3,9586,Rest,,,8.4
user_000064,2026-10-31,45.7,1226,97,124,38,52,3,11798,Legs,0,12,7.4
user_000064,2026-11-01,45.8,1162,88,144,26,24,4,5013,Push,1,15,5.6
user_000064,2026-11-02,45.6,1408,94,177,36,42,1,16113,Upper,2,7,7.9
user_000064,2026-11-03,45.3,1590,77,208,50,34,2,14530,Upper,5,9,8.8
user_000064,2026-11-04,45.2,1039,83,107,31,0,4,3778,Pull,4,17,8.7
user_000064,2026-11-05,45.3,1430,95,168,42,46,1,14597,Upper,4,9,8.0
user_000064,2026-11-06,45.3,1038,91,92,34,15,4,4811,Legs,1,14,6.3
user_000064,2026-11-07,45.3,1614,93,225,38,21,4,14950,Upper,0,13,7.1
user_000064,2026-11-08,45.2,1405,83,194,33,26,4,11772,Rest,,,8.9
user_000064,2026-11-09,45.0,1477,74,194,45,22,5,13986,Rest,,,8.9
user_000064,2026-11-10,44.9,1318,98,146,38,18,1,15124,Legs,1,8,5.9
user_000064,2026-11-11,45.0,1033,92,101,29,35,1,4060,Pull,5,8,6.1
user_000064,2026-11-12,44.6,1041,92,103,29,13,5,9162,Upper,1,12,9.0
user_000064,2026-11-13,44.4,1449,94,194,33,9,5,16907,Push,1,16,6.2
user_000064,2026-11-14,44.6,1058,80,126,26,6,3,9687,Upper,4,6,8.8
user_000064,2026-11-15,44.5,1397,96,152,45,34,2,16580,Push,3,18,8.2
user_000064,2026-11-16,44.3,1244,93,155,28,10,5,17420,Legs,3,13,5.7
user_000064,2026-11-17,44.2,1133,79,148,25,22,2,7257,Rest,,,6.3
user_000064,2026-11-18,44.4,1691,72,245,47,49,5,6844,Rest,,,8.3
user_000064,2026-11-19,44.3,1373,76,184,37,21,5,9532,Legs,1,9,6.8
user_000064,2026-11-20,44.4,1125,75,132,33,7,5,12300,Rest,,,7.1
user_000064,2026-11-21,44.5,1285,95,152,33,18,1,14830,Legs,3,14,5.7
user_000064,2026-11-22,44.2,1158,73,158,26,5,3,17053,Legs,0,13,6.8
user_000064,2026-11-23,44.2,1190,74,156,30,5,5,13697,Pull,3,12,7.7
user_000064,2026-11-24,44.3,1710,87,237,46,54,4,17223,Pull,3,20,6.3
user_000064,2026-11-25,43.9,1761,74,238,57,55,5,12128,Rest,,,8.1
user_000064,2026-11-26,43.8,1661,81,224,49,38,5,12599,Push,2,10,6.1
user_000064,2026-11-27,43.6,1130,77,138,30,45,3,14642,Rest,,,6.9
user_000065,2026-07-01,51.2,1310,87,146,42,5,4,3780,Rest,,,7.1
user_000065,2026-07-02,51.1,1697,98,234,41,45,3,12378,Rest,,,6.5
user_000065,2026-07-03,51.2,1273,89,146,37,21,1,3974,Legs,4,19,8.7
user_000065,2026-07-04,51.1,1595,105,215,35,20,1,3000,Push,1,20,7.3
user_000065,2026-07-05,51.1,1454,100,178,38,26,2,13740,Pull,5,8,8.6
user_000065,2026-07-06,51.3,1856,96,269,44,16,2,16047,Push,4,13,6.9
user_000065,2026-07-07,51.1,1824,89,259,48,46,3,10352,Legs,3,14,8.1
user_000065,2026-07-08,51.2,1506,106,176,42,24,2,11664,Pull,2,18,8.4
user_000065,2026-07-09,51.2,1405,100,159,41,29,2,7828,Push,3,20,5.7
user_000065,2026-07-10,51.2,1722,105,213,50,18,4,16821,Pull,4,19,6.7
user_000065,2026-07-11,51.3,1362,90,165,38,59,2,5082,Pull,4,10,6.4
user_000065,2026-07-12,51.3,1607,107,198,43,19,5,8465,Pull,0,17,8.5
user_000065,2026-07-13,51.3,1286,96,149,34,15,5,4825,Rest,,,7.5
user_000065,2026-07-14,51.5,1887,88,251,59,58,4,9501,Pull,0,17,7.8
user_000065,2026-07-15,51.5,1973,82,310,45,40,2,17426,Upper,0,6,7.9
user_000065,2026-07-16,51.7,2164,111,304,56,24,5,14710,Upper,5,18,7.6
user_000065,2026-07-17,51.9,1835,88,247,55,22,5,8982,Legs,3,19,6.9
user_000065,2026-07-18,51.8,1556,101,180,48,44,1,8606,Legs,0,9,6.0
user_000065,2026-07-19,51.9,1456,101,191,32,18,2,9480,Pull,2,9,7.9
user_000065,2026-07-20,52.0,1706,106,235,38,38,4,8008,Push,4,12,6.2
user_000065,2026-07-21,51.8,1837,98,233,57,34,5,8304,Legs,0,9,7.5
user_000065,2026-07-22,52.0,1240,105,115,40,43,1,5013,Push,2,7,6.3
user_000065,2026-07-23,51.9,1459,85,174,47,10,3,13623,Push,4,19,5.9
user_000065,2026-07-24,51.8,1396,100,150,44,18,1,4397,Push,1,13,6.0
user_000065,2026-07-25,51.7,1348,109,138,40,40,1,5491,Push,5,17,7.1
user_000065,2026-07-26,51.7,1526,94,211,34,52,2,3744,Legs,2,18,6.1
user_000065,2026-07-27,51.5,1448,95,177,40,14,2,3142,Upper,1,18,8.0
user_000065,2026-07-28,51.8,1545,92,202,41,31,5,7662,Upper,3,9,8.7
user_000065,2026-07-29,51.7,1449,112,158,41,5,1,9790,Push,4,15,6.1
user_000065,2026-07-30,51.5,1606,109,198,42,47,2,10722,Legs,2,6,8.5
user_000065,2026-07-31,51.7,1898,84,296,42,55,2,14094,Legs,0,6,6.6
user_000065,2026-08-01,51.6,1669,99,217,45,38,5,5742,Legs,0,14,5.8
user_000065,2026-08-02,51.5,1500,90,177,48,47,1,11792,Legs,3,6,8.5
user_000065,2026-08-03,51.6,1513,107,179,41,28,5,6295,Upper,3,6,6.3
user_000065,2026-08-04,51.8,1819,98,242,51,52,2,13549,Legs,4,6,8.0
user_000065,2026-08-05,52.0,2040,110,283,52,49,3,7866,Pull,4,11,5.7
user_000065,2026-08-06,51.7,2022,108,258,62,41,5,17337,Upper,4,6,7.0
user_000065,2026-08-07,51.8,1971,96,264,59,56,5,9612,Rest,,,8.2
user_000065,2026-08-08,52.1,1515,104,178,43,41,1,8555,Push,0,7,6.6
user_000065,2026-08-09,52.2,1693,114,199,49,30,3,16329,Legs,1,7,8.2
user_000065,2026-08-10,52.1,1735,106,213,51,21,5,16956,Rest,,,8.5
user_000065,2026-08-11,51.9,1630,99,205,46,57,2,3699,Pull,0,18,8.4
user_000065,2026-08-12,51.9,1580,88,199,48,2,1,17353,Rest,,,6.3
user_000065,2026-08-13,51.7,2067,106,278,59,42,4,11514,Rest,,,6.6
user_000065,2026-08-14,51.7,1563,94,191,47,32,3,8379,Push,3,12,9.0
user_000065,2026-08-15,51.5,1512,95,193,40,37,1,9731,Upper,5,15,8.4
user_000065,2026-08-16,51.7,1138,105,112,30,10,1,10783,Legs,5,10,6.7
user_000065,2026-08-17,51.5,1501,86,197,41,29,2,6295,Pull,1,19,5.9
user_000065,2026-08-18,51.6,1520,104,168,48,54,4,5702,Rest,,,8.4
user_000065,2026-08-19,51.5,1545,103,200,37,9,5,8860,Push,1,16,7.1
user_000065,2026-08-20,51.2,1397,82,184,37,12,2,14121,Push,5,18,5.5
user_000065,2026-08-21,51.2,1653,103,200,49,53,1,12330,Pull,4,12,6.1
user_000065,2026-08-22,51.2,1718,85,259,38,25,2,16920,Upper,4,12,7.5
user_000065,2026-08-23,51.1,1678,89,209,54,21,5,16403,Push,1,15,8.1
user_000065,2026-08-24,51.0,1634,97,226,38,41,5,10716,Pull,1,9,5.7
user_000065,2026-08-25,51.1,2168,82,334,56,45,5,14721,Upper,1,16,6.3
user_000065,2026-08-26,50.8,1479,103,170,43,52,3,4290,Pull,3,20,8.5
user_000065,2026-08-27,50.6,1492,85,207,36,35,3,12732,Push,4,20,6.5
user_000065,2026-08-28,50.6,1740,88,248,44,12,3,17612,Upper,4,14,8.1
user_000065,2026-08-29,50.7,1706,95,210,54,42,2,16731,Push,1,18,6.8
user_000065,2026-08-30,50.7,1792,102,256,40,51,5,4322,Pull,4,16,6.9
user_000065,2026-08-31,50.9,2110,104,293,58,55,4,8703,Push,0,10,8.4
user_000065,2026-09-01,50.6,2061,106,263,65,50,3,14258,Upper,0,14,7.3
user_000065,2026-09-02,50.5,1520,97,193,40,6,2,16919,Legs,4,12,6.6
user_000065,2026-09-03,50.7,1475,103,187,35,0,5,14316,Push,5,15,7.3
user_000065,2026-09-04,50.8,1893,84,288,45,36,3,13885,Legs,3,9,8.4
user_000065,2026-09-05,50.7,1579,86,194,51,17,1,17613,Rest,,,6.2
user_000065,2026-09-06,50.5,1543,96,211,35,34,2,14010,Push,5,12,5.6
user_000065,2026-09-07,50.3,1660,98,227,40,53,3,5828,Legs,1,6,9.0
user_000065,2026-09-08,50.3,1520,93,197,40,30,2,6754,Legs,3,16,5.8
user_000065,2026-09-09,50.5,1438,83,200,34,9,1,11148,Legs,3,11,6.2
user_000065,2026-09-10,50.4,1677,95,232,41,25,5,14576,Rest,,,8.4
user_000065,2026-09-11,50.3,1767,86,259,43,13,1,17686,Legs,0,7,9.0
user_000065,2026-09-12,50.0,1790,97,247,46,52,3,7398,Upper,5,18,8.3
user_000065,2026-09-13,50.1,1932,107,259,52,31,2,16440,Upper,5,16,7.1
user_000065,2026-09-14,49.8,1321,102,136,41,10,5,14756,Rest,,,6.6
user_000065,2026-09-15,49.5,1121,94,121,29,32,2,6621,Pull,1,14,6.6
user_000065,2026-09-16,49.4,1198,106,117,34,46,3,5064,Legs,0,8,6.7
user_000065,2026-09-17,49.2,1231,95,152,27,49,2,4782,Push,5,8,6.7
user_000065,2026-09-18,49.1,1633,95,221,41,15,4,16965,Rest,,,8.3
user_000065,2026-09-19,49.0,1320,103,155,32,50,1,16444,Pull,3,15,5.7
user_000065,2026-09-20,48.9,1067,101,105,27,4,2,10085,Rest,,,8.8
user_000065,2026-09-21,48.7,1070,97,94,34,19,4,5890,Push,1,13,8.5
user_000065,2026-09-22,48.9,1182,105,114,34,13,4,8522,Legs,0,18,7.5
user_000065,2026-09-23,48.6,1342,93,175,30,7,2,10089,Push,3,6,8.5
user_000065,2026-09-24,48.7,1332,87,165,36,20,4,7784,Legs,1,15,8.5
user_000065,2026-09-25,48.4,1246,102,124,38,11,2,4838,Rest,,,7.6
user_000065,2026-09-26,48.4,1064,88,115,28,48,1,6802,Rest,,,7.5
user_000065,2026-09-27,48.1,1315,82,168,35,5,3,16381,Legs,4,8,6.9
user_000065,2026-09-28,48.2,1434,99,165,42,47,2,10198,Upper,4,19,6.5
user_000065,2026-09-29,48.3,1575,103,176,51,9,5,17749,Pull,0,8,6.3
user_000065,2026-09-30,48.1,1557,99,180,49,48,3,10318,Upper,4,16,5.7
user_000065,2026-10-01,47.9,1282,96,130,42,17,1,11215,Push,1,7,6.8
user_000065,2026-10-02,47.9,1595,93,200,47,0,3,17651,Upper,1,8,7.4
user_000065,2026-10-03,47.6,1397,91,184,33,36,2,9691,Push,4,19,6.5
user_000065,2026-10-04,47.4,1092,92,118,28,14,2,6139,Pull,0,8,7.8
user_000065,2026-10-05,47.2,1703,96,215,51,48,5,17115,Rest,,,7.6
user_000065,2026-10-06,46.9,1313,89,165,33,15,1,14921,Push,3,6,6.7
user_000065,2026-10-07,47.0,1390,92,161,42,59,2,8268,Legs,0,16,5.9
user_000065,2026-10-08,47.0,1410,94,155,46,26,2,16481,Legs,4,6,6.8
user_000065,2026-10-09,46.7,1110,95,106,34,24,2,4319,Legs,3,16,7.4
user_000065,2026-10-10,46.4,1124,93,125,28,33,2,7744,Legs,2,11,5.5
user_000065,2026-10-11,46.6,1376,94,178,32,7,2,17429,Rest,,,8.9
user_000065,2026-10-12,46.6,1677,81,246,41,17,1,16657,Legs,4,13,8.8
user_000065,2026-10-13,46.7,1532,82,211,40,54,2,17050,Upper,5,18,7.6
user_000065,2026-10-14,46.7,1407,99,165,39,10,2,4202,Rest,,,7.0
user_000065,2026-10-15,46.6,1194,88,134,34,35,1,5274,Legs,3,20,6.9
user_000065,2026-10-16,46.7,1371,89,184,31,19,2,8049,Upper,1,11,5.6
user_000065,2026-10-17,46.9,1789,93,235,53,53,5,8225,Pull,4,12,6.4
user_000065,2026-10-18,46.9,1871,75,287,47,43,5,17044,Legs,4,7,8.6
user_000065,2026-10-19,46.6,1526,77,192,50,52,2,17396,Upper,2,9,7.5
user_000065,2026-10-20,46.6,1444,98,182,36,28,5,8842,Pull,1,7,8.3
user_000065,2026-10-21,46.4,1456,88,204,32,59,2,14764,Legs,1,16,6.6
user_000065,2026-10-22,46.6,1375,94,162,39,38,2,7783,Push,1,11,6.1
user_000065,2026-10-23,46.7,1504,87,181,48,29,2,14701,Push,2,13,8.1
user_000065,2026-10-24,46.6,1530,89,199,42,47,3,14556,Pull,1,9,8.2
user_000065,2026-10-25,46.3,1058,97,100,30,21,5,9437,Pull,3,11,5.9
user_000065,2026-10-26,46.4,1200,86,151,28,50,2,5692,Rest,,,7.8
user_000065,2026-10-27,46.5,1129,77,140,29,46,1,14968,Legs,2,15,6.2
user_000065,2026-10-28,46.5,1570,76,231,38,35,5,8946,Legs,1,13,6.8
user_000065,2026-10-29,46.4,1155,93,117,35,18,1,12718,Rest,,,5.9
user_000065,2026-10-30,46.6,1588,77,239,36,56,2,16116,Rest,,,9.0
user_000065,2026-10-31,46.6,1188,81,144,32,31,1,3779,Pull,5,20,6.3
user_000065,2026-11-01,46.6,1674,91,206,54,39,4,7063,Legs,5,11,7.5
user_000065,2026-11-02,46.7,1357,78,169,41,21,3,3454,Upper,0,9,6.3
user_000065,2026-11-03,46.9,1395,84,195,31,54,3,7613,Upper,2,9,7.8
user_000065,2026-11-04,47.1,1059,81,132,23,21,2,5216,Rest,,,6.4
user_000065,2026-11-05,47.2,1503,103,167,47,38,3,14227,Legs,3,10,6.6
user_000065,2026-11-06,47.1,1302,76,173,34,38,5,8916,Upper,2,8,5.6
user_000065,2026-11-07,47.0,1862,87,266,50,51,4,12899,Rest,,,5.8
user_000065,2026-11-08,46.8,1089,89,118,29,10,2,6373,Push,1,12,5.7
user_000065,2026-11-09,46.5,1346,81,179,34,37,1,12413,Pull,0,14,7.3
user_000065,2026-11-10,46.7,1806,76,281,42,47,5,13678,Pull,0,15,6.9
user_000065,2026-11-11,46.5,1344,80,184,32,32,1,10567,Pull,1,11,6.3
user_000065,2026-11-12,46.6,1312,92,164,32,36,1,14045,Push,2,13,7.9
user_000065,2026-11-13,46.3,1050,75,129,26,4,4,4047,Push,2,18,8.0
user_000065,2026-11-14,46.1,1158,90,123,34,10,5,8068,Legs,5,9,7.1
user_000065,2026-11-15,46.1,1408,95,176,36,48,2,6981,Upper,1,12,7.1
user_000065,2026-11-16,45.8,1248,89,160,28,21,3,4576,Pull,2,13,7.2
user_000065,2026-11-17,45.5,1522,86,200,42,22,5,9509,Legs,2,19,8.6
user_000065,2026-11-18,45.7,1566,89,190,50,47,3,9989,Upper,5,15,8.6
user_000065,2026-11-19,45.4,1385,76,196,33,42,4,9379,Rest,,,5.8
user_000065,2026-11-20,45.4,1540,88,198,44,56,3,13134,Upper,5,15,7.9
user_000065,2026-11-21,45.3,1425,84,171,45,50,2,12863,Rest,,,6.6
user_000065,2026-11-22,45.0,1037,87,107,29,3,2,4618,Upper,0,7,6.8
user_000065,2026-11-23,45.0,1269,74,178,29,2,4,16321,Rest,,,6.5
user_000065,2026-11-24,44.8,1431,86,193,35,26,5,4638,Legs,0,12,6.8
user_000065,2026-11-25,44.6,1584,80,226,40,37,3,16537,Pull,4,13,7.6
user_000065,2026-11-26,44.3,1338,75,165,42,55,4,5413,Rest,,,6.8
user_000065,2026-11-27,44.3,1432,81,205,32,59,1,17952,Push,2,7,8.1
user_000066,2026-07-01,51.3,1881,89,253,57,31,2,15480,Pull,2,16,6.8
user_000066,2026-07-02,51.5,2078,104,267,66,27,4,11701,Rest,,,5.8
user_000066,2026-07-03,51.4,2120,111,266,68,32,3,14670,Push,0,13,5.7
user_000066,2026-07-04,51.7,1967,102,266,55,54,3,8960,Upper,3,11,7.1
user_000066,2026-07-05,51.5,2314,103,345,58,45,5,10781,Upper,0,10,7.9
user_000066,2026-07-06,51.6,2226,99,318,62,48,4,8282,Push,5,7,7.4
user_000066,2026-07-07,51.8,1859,95,273,43,24,3,8114,Upper,1,15,8.6
user_000066,2026-07-08,52.0,1833,83,283,41,46,3,11016,Upper,0,15,8.7
user_000066,2026-07-09,51.9,1876,87,274,48,36,1,17053,Legs,1,10,7.0
user_000066,2026-07-10,51.9,1638,92,223,42,9,5,12493,Pull,4,6,7.0
user_000066,2026-07-11,51.8,2349,112,347,57,55,3,12094,Pull,2,10,8.6
user_000066,2026-07-12,51.9,1785,102,243,45,8,4,10161,Rest,,,7.1
user_000066,2026-07-13,52.1,1738,85,255,42,36,3,6942,Upper,2,8,8.6
user_000066,2026-07-14,52.0,1931,98,279,47,17,1,16817,Push,3,15,6.8
user_000066,2026-07-15,51.8,2154,97,320,54,26,4,10065,Rest,,,7.9
user_000066,2026-07-16,51.8,1904,88,253,60,14,5,15192,Push,2,15,6.0
user_000066,2026-07-17,51.6,1841,99,242,53,48,3,5276,Pull,5,18,5.7
user_000066,2026-07-18,51.4,1992,105,285,48,35,5,4381,Legs,0,15,9.0
user_000066,2026-07-19,51.6,1520,108,191,36,19,2,7918,Pull,1,7,8.5
user_000066,2026-07-20,51.6,1657,106,216,41,30,1,5519,Pull,0,17,7.2
user_000066,2026-07-21,51.7,1920,85,260,60,48,4,4412,Pull,5,16,7.6
user_000066,2026-07-22,51.5,1812,91,254,48,54,1,9279,Pull,1,14,8.0
user_000066,2026-07-23,51.4,1726,87,232,50,19,1,11872,Push,5,15,7.2
user_000066,2026-07-24,51.1,2293,86,368,53,57,5,10906,Legs,1,12,7.2
user_000066,2026-07-25,51.4,2148,95,316,56,58,3,13174,Upper,0,16,5.7
user_000066,2026-07-26,51.3,1682,99,209,50,21,2,12667,Upper,0,11,5.9
user_000066,2026-07-27,51.2,2061,94,293,57,26,2,17108,Upper,5,11,6.5
user_000066,2026-07-28,50.9,1571,108,206,35,2,5,15688,Legs,5,18,7.8
user_000066,2026-07-29,51.1,1819,97,225,59,7,5,12794,Pull,5,9,5.7
user_000066,2026-07-30,51.0,2001,97,275,57,49,2,16734,Pull,0,20,5.9
user_000066,2026-07-31,50.7,1836,93,249,52,13,5,9694,Upper,0,10,8.2
user_000066,2026-08-01,50.7,1852,99,247,52,59,3,13139,Rest,,,5.5
user_000066,2026-08-02,50.6,1761,107,232,45,23,2,12867,Upper,5,19,8.9
user_000066,2026-08-03,50.3,1597,110,179,49,40,1,9212,Legs,3,20,8.6
user_000066,2026-08-04,50.1,1608,87,207,48,15,4,7563,Push,2,10,8.2
user_000066,2026-08-05,50.2,1686,93,207,54,4,2,5979,Rest,,,8.3
user_000066,2026-08-06,50.0,2221,109,291,69,51,5,10499,Push,5,13,6.8
user_000066,2026-08-07,50.2,1591,97,186,51,27,2,8111,Push,1,11,8.6
user_000066,2026-08-08,50.1,1890,93,267,50,30,4,4879,Rest,,,6.3
user_000066,2026-08-09,50.0,2012,105,281,52,39,5,6261,Rest,,,5.6
user_000066,2026-08-10,50.0,1811,82,238,59,40,1,14396,Push,2,7,7.6
user_000066,2026-08-11,49.9,1533,92,190,45,15,3,5914,Upper,3,6,7.1
user_000066,2026-08-12,50.1,1772,104,231,48,30,1,13966,Upper,1,11,7.4
user_000066,2026-08-13,50.0,1457,103,169,41,30,2,7643,Push,2,11,7.0
user_000066,2026-08-14,49.8,1861,95,260,49,34,2,5891,Pull,4,17,8.3
user_000066,2026-08-15,49.8,1780,98,221,56,15,1,7759,Legs,3,8,8.0
user_000066,2026-08-16,49.8,2152,90,340,48,37,4,9845,Upper,3,12,7.6
user_000066,2026-08-17,49.7,1816,84,280,40,44,3,11275,Rest,,,5.6
user_000066,2026-08-18,49.4,1952,103,241,64,48,2,8329,Upper,4,19,8.0
user_000066,2026-08-19,49.5,1777,103,249,41,14,4,11925,Upper,1,14,6.8
user_000066,2026-08-20,49.4,1433,91,166,45,7,2,9847,Push,5,12,6.4
user_000066,2026-08-21,49.7,1628,96,212,44,23,1,7196,Legs,2,12,8.3
user_000066,2026-08-22,49.8,1823,86,264,47,0,5,12670,Push,0,15,6.5
user_000066,2026-08-23,49.7,1782,106,227,50,45,1,17400,Rest,,,8.7
user_000066,2026-08-24,49.8,2463,90,402,55,58,5,15773,Push,2,17,7.9
user_000066,2026-08-25,50.0,1921,95,284,45,48,2,11170,Legs,3,19,5.5
user_000066,2026-08-26,50.1,1861,106,267,41,49,4,6184,Pull,5,6,6.9
user_000066,2026-08-27,50.0,1736,96,248,40,28,5,8803,Upper,4,17,8.9
user_000066,2026-08-28,49.8,1916,90,272,52,26,4,13696,Upper,1,17,5.6
user_000066,2026-08-29,49.7,1835,83,243,59,35,1,17945,Push,1,10,7.5
user_000066,2026-08-30,49.6,1632,87,204,52,21,5,3518,Push,0,8,6.4
user_000066,2026-08-31,49.5,1978,93,289,50,43,4,12585,Pull,0,19,8.0
user_000066,2026-09-01,49.4,1726,98,212,54,11,1,8212,Legs,3,19,9.0
user_000066,2026-09-02,49.5,1501,85,216,33,11,4,6240,Rest,,,6.7
user_000066,2026-09-03,49.5,1572,90,213,40,22,3,10914,Push,0,14,8.4
user_000066,2026-09-04,49.5,1903,102,241,59,28,5,8701,Push,3,20,6.2
user_000066,2026-09-05,49.4,1792,89,260,44,16,4,10404,Legs,5,10,6.2
user_000066,2026-09-06,49.2,1904,100,268,48,14,3,7131,Legs,0,20,6.0
user_000066,2026-09-07,49.1,1564,88,213,40,7,5,4696,Legs,1,18,7.8
user_000066,2026-09-08,48.9,2140,98,329,48,30,4,17702,Upper,2,10,7.6
user_000066,2026-09-09,49.1,1895,83,249,63,28,1,16969,Pull,2,9,5.7
user_000066,2026-09-10,49.1,1753,102,244,41,25,2,4367,Pull,2,16,6.0
user_000066,2026-09-11,49.1,2017,104,290,49,28,1,11461,Pull,1,18,8.5
user_000066,2026-09-12,49.1,1923,95,280,47,1,2,10132,Upper,3,16,6.2
user_000066,2026-09-13,49.0,1623,105,186,51,54,1,12847,Upper,0,12,7.3
user_000066,2026-09-14,49.0,1893,103,251,53,20,3,9529,Pull,1,11,8.1
user_000066,2026-09-15,49.0,1844,84,278,44,36,2,14327,Push,5,7,8.2
user_000066,2026-09-16,49.2,1850,79,289,42,41,3,6773,Legs,3,19,6.0
user_000066,2026-09-17,49.4,2047,91,297,55,31,5,8688,Push,3,16,5.8
user_000066,2026-09-18,49.1,2112,79,314,60,46,2,14805,Pull,5,11,5.6
user_000066,2026-09-19,49.2,1625,107,189,49,48,1,12522,Upper,3,16,6.6
user_000066,2026-09-20,49.0,1713,103,224,45,21,1,15957,Legs,0,14,8.7
user_000066,2026-09-21,49.1,1575,107,199,39,30,1,8366,Rest,,,8.5
user_000066,2026-09-22,49.1,1777,100,216,57,52,1,12985,Pull,1,20,6.9
user_000066,2026-09-23,48.8,1725,99,204,57,34,2,10650,Rest,,,7.0
user_000066,2026-09-24,48.8,1786,103,222,54,26,1,17661,Push,1,11,7.3
user_000066,2026-09-25,48.9,1509,101,175,45,8,1,5457,Rest,,,8.7
user_000066,2026-09-26,48.7,1895,103,229,63,24,1,9857,Push,5,7,6.6
user_000066,2026-09-27,48.8,1641,84,216,49,24,2,13618,Upper,4,15,6.6
user_000066,2026-09-28,48.8,1947,99,246,63,4,4,14035,Pull,2,10,7.7
user_000066,2026-09-29,48.8,1710,80,262,38,30,4,6153,Push,5,10,5.8
user_000066,2026-09-30,48.9,1983,105,267,55,60,3,7256,Pull,0,12,8.8
user_000066,2026-10-01,49.0,1747,88,252,43,51,2,4657,Legs,3,7,8.8
user_000066,2026-10-02,49.1,1544,87,218,36,10,1,3166,Push,1,12,8.0
user_000066,2026-10-03,49.4,1685,98,204,53,54,2,13011,Pull,3,15,8.0
user_000066,2026-10-04,49.5,1995,100,293,47,26,3,12129,Legs,5,12,8.2
user_000066,2026-10-05,49.5,1893,94,242,61,59,2,16168,Rest,,,7.8
user_000066,2026-10-06,49.8,1947,99,255,59,26,2,11748,Upper,1,14,8.8
user_000066,2026-10-07,49.7,1743,93,237,47,22,2,8431,Upper,1,19,7.0
user_000066,2026-10-08,49.6,1492,87,196,40,6,2,7086,Rest,,,8.8
user_000066,2026-10-09,49.6,2357,107,318,73,49,4,14276,Push,2,7,5.6
user_000066,2026-10-10,49.6,1617,92,220,41,5,4,7821,Rest,,,5.6
user_000066,2026-10-11,49.8,1589,106,208,37,39,3,5740,Push,3,13,6.6
user_000066,2026-10-12,50.0,1665,95,220,45,7,1,4847,Legs,1,9,8.7
user_000066,2026-10-13,50.0,1852,97,267,44,40,3,8771,Legs,2,10,6.8
user_000066,2026-10-14,50.2,2131,96,304,59,35,5,11789,Rest,,,6.3
user_000066,2026-10-15,50.3,1897,85,261,57,49,3,9495,Pull,1,12,7.0
user_000066,2026-10-16,50.3,1917,97,263,53,55,2,17385,Upper,5,14,8.9
user_000066,2026-10-17,50.3,2113,105,286,61,14,5,12496,Pull,5,11,8.4
user_000066,2026-10-18,50.6,1900,105,253,52,15,3,8062,Upper,2,17,8.4
user_000066,2026-10-19,50.8,2404,81,394,56,49,5,17920,Upper,5,17,5.6
user_000066,2026-10-20,50.9,1954,107,260,54,41,4,9914,Push,4,7,7.4
user_000066,2026-10-21,51.0,1828,105,226,56,20,2,15158,Pull,4,15,8.6
user_000066,2026-10-22,51.1,1574,109,190,42,7,2,6108,Rest,,,7.3
user_000066,2026-10-23,50.8,1783,89,269,39,23,2,11559,Upper,3,15,8.2
user_000066,2026-10-24,50.7,1730,83,246,46,39,1,17308,Legs,3,14,6.3
user_000066,2026-10-25,50.9,1578,110,172,50,10,5,11909,Upper,2,16,6.6
user_000066,2026-10-26,50.6,1701,108,225,41,22,1,9178,Rest,,,6.9
user_000066,2026-10-27,50.4,1572,86,190,52,11,1,7028,Upper,2,9,5.8
user_000066,2026-10-28,50.4,2454,98,367,66,48,5,10105,Push,2,6,8.7
user_000066,2026-10-29,50.7,2112,92,283,68,58,5,4079,Legs,3,8,5.7
user_000066,2026-10-30,50.6,2286,96,354,54,52,5,7090,Pull,0,13,8.2
user_000066,2026-10-31,50.4,1607,81,215,47,25,1,6180,Pull,4,18,8.2
user_000066,2026-11-01,50.6,1797,96,243,49,7,5,5089,Upper,4,16,6.9
user_000066,2026-11-02,50.7,1575,84,213,43,14,2,6882,Push,4,6,8.7
user_000066,2026-11-03,50.5,1586,87,224,38,58,2,4546,Rest,,,6.4
user_000066,2026-11-04,50.7,1819,107,242,47,29,1,10289,Push,4,20,5.6
user_000066,2026-11-05,50.7,1940,85,283,52,32,4,9448,Rest,,,7.1
user_000066,2026-11-06,50.5,1803,94,251,47,31,1,14929,Push,5,10,6.9
user_000066,2026-11-07,50.8,2509,98,383,65,47,4,14498,Pull,0,8,6.0
user_000066,2026-11-08,51.0,1925,95,285,45,12,4,16002,Push,1,11,8.1
user_000066,2026-11-09,50.6,1972,101,293,44,45,5,11147,Push,3,8,6.9
user_000066,2026-11-10,50.9,1704,104,232,40,1,1,12476,Upper,2,11,5.6
user_000066,2026-11-11,50.8,1587,87,195,51,54,2,3505,Upper,3,8,6.2
user_000066,2026-11-12,51.0,1751,95,246,43,51,4,5712,Pull,0,18,7.1
user_000066,2026-11-13,51.3,1582,103,198,42,33,2,4488,Legs,4,15,7.8
user_000066,2026-11-14,51.4,1638,87,219,46,2,1,6153,Pull,5,9,7.3
user_000066,2026-11-15,51.3,1779,102,246,43,0,3,10068,Pull,1,16,6.3
user_000066,2026-11-16,51.0,1776,106,248,40,24,2,10058,Legs,4,19,6.7
user_000066,2026-11-17,51.3,2248,110,290,72,38,4,15365,Upper,2,14,5.5
user_000066,2026-11-18,51.2,1798,109,237,46,55,3,10775,Rest,,,7.0
user_000066,2026-11-19,51.1,1848,92,253,52,53,4,3825,Legs,0,14,7.3
user_000066,2026-11-20,51.1,2161,85,336,53,11,2,17553,Rest,,,5.9
user_000066,2026-11-21,50.9,1776,99,255,40,44,2,13457,Pull,3,13,9.0
user_000066,2026-11-22,51.1,1829,95,270,41,14,2,13694,Legs,5,20,7.8
user_000066,2026-11-23,51.1,1773,89,253,45,12,4,11650,Upper,0,12,6.2
user_000066,2026-11-24,51.2,1639,94,228,39,8,1,12372,Rest,,,8.6
user_000066,2026-11-25,51.5,1362,96,159,38,8,1,11995,Pull,2,9,8.7
user_000066,2026-11-26,51.1,1475,90,200,35,56,2,4516,Legs,0,7,8.9
user_000066,2026-11-27,51.2,2095,107,293,55,27,5,5275,Upper,2,11,6.6
user_000067,2026-07-01,51.6,1959,106,242,63,48,4,5985,Pull,4,19,6.8
user_000067,2026-07-02,51.4,1813,109,225,53,52,2,13374,Legs,4,15,5.6
user_000067,2026-07-03,51.3,1371,106,158,35,10,4,14843,Pull,4,14,7.6
user_000067,2026-07-04,51.3,1885,110,224,61,34,1,8550,Rest,,,8.2
user_000067,2026-07-05,51.3,1887,86,289,43,18,5,8374,Pull,4,10,5.5
user_000067,2026-07-06,51.5,2046,91,308,50,35,5,10366,Pull,1,7,7.3
user_000067,2026-07-07,51.3,1902,106,239,58,46,3,12355,Legs,4,6,7.6
user_000067,2026-07-08,51.1,1711,91,231,47,6,1,11621,Rest,,,6.3
user_000067,2026-07-09,50.8,1616,90,224,40,2,1,12172,Upper,5,13,5.9
user_000067,2026-07-10,50.6,1975,82,288,55,43,4,5227,Rest,,,6.9
user_000067,2026-07-11,50.6,2033,106,292,49,45,3,15251,Upper,3,20,8.8
user_000067,2026-07-12,50.4,2303,89,363,55,53,4,12101,Pull,2,12,6.1
user_000067,2026-07-13,50.3,1707,86,244,43,20,5,5824,Rest,,,7.7
user_000067,2026-07-14,50.5,1337,84,158,41,16,1,11347,Upper,3,20,6.8
user_000067,2026-07-15,50.1,1465,108,166,41,11,3,11383,Rest,,,7.9
user_000067,2026-07-16,49.9,1604,87,224,40,9,5,6469,Upper,0,18,8.6
user_000067,2026-07-17,50.1,2302,101,335,62,59,5,4202,Pull,3,13,7.4
user_000067,2026-07-18,50.1,1668,80,238,44,14,1,6639,Legs,3,12,8.3
user_000067,2026-07-19,49.8,1690,103,216,46,25,3,12535,Pull,1,10,5.8
user_000067,2026-07-20,49.7,2103,99,294,59,45,4,13252,Pull,2,20,6.2
user_000067,2026-07-21,49.9,1694,100,229,42,40,1,3020,Push,4,8,7.2
user_000067,2026-07-22,50.1,1983,90,291,51,28,2,16512,Upper,1,15,8.8
user_000067,2026-07-23,50.3,2366,109,334,66,51,4,16825,Legs,2,7,6.2
user_000067,2026-07-24,50.1,1505,106,196,33,10,2,7772,Upper,0,16,6.5
user_000067,2026-07-25,50.2,1713,90,237,45,16,2,4010,Push,3,16,7.9
user_000067,2026-07-26,50.0,1572,95,190,48,13,3,5162,Rest,,,7.8
user_000067,2026-07-27,49.9,1671,88,233,43,35,1,3402,Push,1,17,5.7
user_000067,2026-07-28,49.6,1772,99,245,44,36,3,5092,Push,3,8,5.9
user_000067,2026-07-29,49.4,1960,97,267,56,36,2,16112,Pull,2,14,7.3
user_000067,2026-07-30,49.2,1602,89,208,46,19,3,4801,Upper,5,9,6.9
user_000067,2026-07-31,49.5,1916,95,258,56,14,2,12930,Upper,4,13,8.4
user_000067,2026-08-01,49.7,1995,83,274,63,50,4,15022,Pull,1,16,7.9
user_000067,2026-08-02,49.6,1527,96,207,35,36,1,9403,Pull,3,19,6.7
user_000067,2026-08-03,49.6,1662,96,225,42,27,2,6267,Push,4,13,7.5
user_000067,2026-08-04,49.5,1938,84,261,62,47,1,11667,Upper,2,14,8.7
user_000067,2026-08-05,49.7,1820,94,262,44,26,5,5415,Push,3,7,8.9
user_000067,2026-08-06,49.8,1946,82,301,46,29,5,14419,Pull,5,6,7.4
user_000067,2026-08-07,49.8,2030,95,273,62,38,5,5696,Legs,0,7,8.2
user_000067,2026-08-08,50.0,1639,88,207,51,1,2,6572,Upper,2,8,8.9
user_000067,2026-08-09,50.1,1573,107,194,41,8,4,5222,Upper,5,13,7.8
user_000067,2026-08-10,49.9,1764,88,263,40,35,2,15616,Push,4,9,6.1
user_000067,2026-08-11,49.8,1863,90,243,59,41,3,10007,Legs,2,8,6.9
user_000067,2026-08-12,49.7,1713,108,219,45,3,5,11573,Push,2,8,8.8
user_000067,2026-08-13,49.7,1414,107,152,42,35,2,3568,Rest,,,5.8
user_000067,2026-08-14,49.6,2681,83,432,69,56,4,17670,Rest,,,5.7
user_000067,2026-08-15,49.7,1693,91,213,53,48,2,12418,Pull,3,17,5.9
user_000067,2026-08-16,49.9,1857,99,255,49,37,2,14645,Upper,0,7,7.7
user_000067,2026-08-17,49.8,1548,107,181,44,20,4,5067,Push,1,13,5.9
user_000067,2026-08-18,49.5,1778,96,227,54,35,3,17734,Upper,0,13,8.6
user_000067,2026-08-19,49.4,1629,103,203,45,16,4,3276,Upper,3,13,6.7
user_000067,2026-08-20,49.6,1637,94,232,37,34,1,13571,Pull,5,9,6.6
user_000067,2026-08-21,49.6,1544,93,212,36,47,2,4947,Pull,3,13,7.8
user_000067,2026-08-22,49.6,1912,106,255,52,55,4,9250,Push,4,6,5.7
user_000067,2026-08-23,49.4,1702,100,240,38,18,5,3022,Rest,,,8.1
user_000067,2026-08-24,49.1,1775,79,241,55,55,2,9253,Push,3,18,5.8
user_000067,2026-08-25,49.3,2242,107,305,66,30,5,14007,Legs,1,17,8.1
user_000067,2026-08-26,49.4,1622,90,203,50,43,2,11194,Legs,1,7,7.0
user_000067,2026-08-27,49.5,1938,91,281,50,1,2,15239,Push,4,20,6.9
user_000067,2026-08-28,49.6,1868,85,256,56,16,3,11382,Upper,1,7,6.3
user_000067,2026-08-29,49.4,2249,80,327,69,56,5,16469,Upper,2,6,7.2
user_000067,2026-08-30,49.1,1523,94,208,35,40,2,5307,Pull,4,6,5.7
user_000067,2026-08-31,49.0,1638,82,242,38,46,3,4824,Upper,4,8,8.5
user_000067,2026-09-01,49.0,2172,78,357,48,25,3,9081,Upper,5,10,7.9
user_000067,2026-09-02,49.0,2055,83,289,63,36,2,9530,Pull,4,11,8.7
user_000067,2026-09-03,49.0,2034,80,298,58,58,3,5437,Upper,5,17,8.8
user_000067,2026-09-04,48.9,2237,93,311,69,47,3,12835,Rest,,,5.7
user_000067,2026-09-05,48.8,2223,100,296,71,30,1,15873,Upper,0,7,5.8
user_000067,2026-09-06,48.9,2046,80,319,50,9,1,5103,Legs,4,16,6.2
user_000067,2026-09-07,49.0,2128,92,287,68,32,2,12266,Legs,0,18,5.8
user_000067,2026-09-08,49.0,2710,90,403,82,51,5,10973,Push,4,6,7.7
user_000067,2026-09-09,49.1,2249,79,319,73,37,2,11586,Upper,2,9,6.1
user_000067,2026-09-10,48.8,2046,78,294,62,53,2,6404,Rest,,,6.6
user_000067,2026-09-11,48.9,2068,102,262,68,27,2,10448,Rest,,,7.7
user_000067,2026-09-12,49.2,2060,92,315,48,0,3,14685,Pull,2,16,6.4
user_000067,2026-09-13,49.4,2775,82,407,91,60,5,5550,Upper,5,15,7.4
user_000067,2026-09-14,49.5,2514,83,388,70,56,3,10955,Upper,5,19,6.2
user_000067,2026-09-15,49.5,2613,87,402,73,31,3,16512,Legs,5,6,8.0
user_000067,2026-09-16,49.4,2555,95,393,67,45,5,10721,Rest,,,5.7
user_000067,2026-09-17,49.6,2525,89,378,73,38,5,4496,Legs,3,19,5.9
user_000067,2026-09-18,49.4,2031,89,295,55,4,1,8234,Rest,,,8.5
user_000067,2026-09-19,49.7,2230,94,324,62,38,2,12490,Pull,5,12,7.3
user_000067,2026-09-20,49.5,2496,90,372,72,45,1,12976,Upper,5,12,7.2
user_000067,2026-09-21,49.9,2147,81,332,55,9,5,3773,Rest,,,8.9
user_000067,2026-09-22,49.7,2129,86,309,61,60,1,7399,Pull,0,9,7.1
user_000067,2026-09-23,49.9,2435,103,346,71,58,3,13648,Push,1,12,5.9
user_000067,2026-09-24,49.6,2579,89,369,83,52,4,9693,Pull,4,17,5.6
user_000067,2026-09-25,49.9,2062,82,312,54,7,1,13990,Push,0,8,7.3
user_000067,2026-09-26,50.2,2352,87,330,76,29,4,15953,Push,2,19,8.5
user_000067,2026-09-27,50.5,2704,94,393,84,23,4,16197,Pull,2,15,5.8
user_000067,2026-09-28,50.3,2076,98,313,48,14,2,6590,Pull,4,16,7.7
user_000067,2026-09-29,50.6,3001,104,473,77,57,5,14366,Pull,3,6,6.5
user_000067,2026-09-30,50.6,2129,106,280,65,2,5,15090,Rest,,,8.9
user_000067,2026-10-01,50.9,2122,90,310,58,5,3,6585,Legs,2,9,7.8
user_000067,2026-10-02,51.2,2204,85,304,72,15,2,6067,Legs,0,16,6.8
user_000067,2026-10-03,51.3,1784,95,243,48,10,4,9647,Rest,,,8.5
user_000067,2026-10-04,51.6,1961,97,256,61,54,1,11977,Legs,5,12,6.6
user_000067,2026-10-05,51.4,2205,113,310,57,30,3,13179,Rest,,,6.5
user_000067,2026-10-06,51.5,2209,102,304,65,13,5,10404,Pull,4,8,5.7
user_000067,2026-10-07,51.8,2844,93,438,80,42,5,15000,Push,1,16,6.8
user_000067,2026-10-08,52.0,1878,113,226,58,6,4,6401,Upper,2,10,8.4
user_000067,2026-10-09,52.0,2256,84,345,60,46,2,5615,Pull,1,10,5.6
user_000067,2026-10-10,52.1,1985,110,249,61,8,5,4993,Upper,2,16,7.2
user_000067,2026-10-11,52.2,2223,113,301,63,31,1,11568,Rest,,,7.3
user_000067,2026-10-12,52.1,1705,96,220,49,6,3,4261,Pull,0,11,7.0
user_000067,2026-10-13,52.3,1985,112,247,61,30,1,5583,Legs,2,7,8.2
user_000067,2026-10-14,52.7,2399,110,366,55,29,3,10089,Push,3,20,7.8
user_000067,2026-10-15,53.0,2225,85,352,53,8,5,11904,Rest,,,7.8
user_000067,2026-10-16,52.7,2252,110,300,68,0,4,16185,Legs,2,6,8.7
user_000067,2026-10-17,52.7,2340,113,355,52,57,2,3768,Push,5,14,6.8
user_000067,2026-10-18,52.6,2208,94,341,52,1,4,14477,Push,3,15,7.8
user_000067,2026-10-19,52.7,2052,113,265,60,47,1,7113,Legs,2,16,6.5
user_000067,2026-10-20,52.7,2691,86,436,67,57,3,17966,Legs,5,12,8.3
user_000067,2026-10-21,52.7,2310,86,370,54,11,3,13063,Rest,,,9.0
user_000067,2026-10-22,52.7,2345,106,316,73,18,5,12819,Rest,,,5.5
user_000067,2026-10-23,52.7,2434,93,385,58,48,4,6654,Rest,,,7.8
user_000067,2026-10-24,52.6,2204,92,333,56,14,4,7752,Push,5,11,6.6
user_000067,2026-10-25,52.6,2252,106,331,56,54,2,5460,Upper,5,7,8.1
user_000067,2026-10-26,53.0,2401,89,374,61,38,4,8192,Pull,1,7,8.6
user_000067,2026-10-27,53.1,1949,85,265,61,44,1,3706,Legs,0,16,6.7
user_000067,2026-10-28,53.1,2129,112,283,61,42,1,8275,Upper,4,11,8.3
user_000067,2026-10-29,53.2,2454,91,365,70,27,3,17825,Legs,1,19,7.3
user_000067,2026-10-30,53.3,1925,105,239,61,20,5,3253,Rest,,,8.7
user_000067,2026-10-31,53.3,2717,96,383,89,16,2,17731,Pull,2,12,6.7
user_000067,2026-11-01,53.4,2601,100,404,65,34,4,16317,Rest,,,7.9
user_000067,2026-11-02,53.2,1545,102,183,45,44,1,5365,Push,1,12,8.6
user_000067,2026-11-03,52.9,1793,98,258,41,17,4,13354,Pull,0,16,6.6
user_000067,2026-11-04,52.6,2364,95,361,60,58,5,14190,Pull,2,19,8.6
user_000067,2026-11-05,52.4,1817,89,255,49,26,1,15812,Rest,,,5.9
user_000067,2026-11-06,52.6,1989,95,283,53,36,3,6347,Legs,4,6,8.2
user_000067,2026-11-07,52.5,2157,96,288,69,34,4,15410,Push,0,8,8.9
user_000067,2026-11-08,52.5,1851,90,258,51,11,3,12930,Push,4,20,6.9
user_000067,2026-11-09,52.7,1603,114,190,43,22,4,11379,Legs,1,16,8.1
user_000067,2026-11-10,52.8,1517,95,174,49,59,2,14561,Legs,2,20,7.1
user_000067,2026-11-11,52.6,2091,91,308,55,15,5,17448,Push,1,9,7.8
user_000067,2026-11-12,52.3,2042,100,271,62,32,5,10949,Upper,4,18,8.8
user_000067,2026-11-13,52.6,1671,85,227,47,12,5,4218,Push,2,7,6.2
user_000067,2026-11-14,52.6,1962,90,279,54,35,3,15820,Legs,5,20,8.3
user_000067,2026-11-15,52.9,1938,87,258,62,2,5,15768,Legs,5,6,7.4
user_000067,2026-11-16,52.8,1811,104,225,55,35,2,6085,Push,0,15,7.4
user_000067,2026-11-17,52.8,2000,106,286,48,15,1,12502,Push,0,11,7.7
user_000067,2026-11-18,52.8,1648,115,180,52,0,1,15411,Rest,,,7.2
user_000067,2026-11-19,52.6,1854,89,271,46,37,1,16426,Push,3,15,7.8
user_000067,2026-11-20,52.3,2150,86,339,50,45,5,12324,Rest,,,7.6
user_000067,2026-11-21,52.2,2145,113,286,61,35,5,7161,Upper,0,19,7.3
user_000067,2026-11-22,51.9,2083,87,319,51,32,3,7639,Legs,2,7,7.1
user_000067,2026-11-23,51.7,1571,103,211,35,7,4,11944,Legs,0,16,7.9
user_000067,2026-11-24,51.6,2116,84,310,60,31,2,13974,Upper,5,14,6.9
user_000067,2026-11-25,51.7,1659,92,208,51,27,1,17465,Rest,,,7.3
user_000067,2026-11-26,51.9,2043,93,312,47,57,3,3733,Legs,2,11,8.4
user_000067,2026-11-27,52.2,1715,92,240,43,49,2,14034,Rest,,,7.5
user_000068,2026-07-01,51.6,1405,93,175,37,46,1,3691,Upper,1,13,6.1
user_000068,2026-07-02,51.7,1392,98,169,36,16,2,16038,Push,1,7,6.1
user_000068,2026-07-03,51.4,1817,99,227,57,58,3,13546,Legs,1,13,8.4
user_000068,2026-07-04,51.2,1098,101,106,30,13,1,4968,Upper,1,8,8.1
user_000068,2026-07-05,50.9,1326,99,165,30,11,5,9988,Upper,2,8,9.0
user_000068,2026-07-06,50.7,1237,84,142,37,21,4,12158,Rest,,,8.8
user_000068,2026-07-07,50.5,1398,94,179,34,26,5,7066,Upper,0,17,7.5
user_000068,2026-07-08,50.2,1917,105,246,57,53,5,9089,Push,3,18,7.6
user_000068,2026-07-09,50.2,1482,86,190,42,11,3,13721,Rest,,,6.7
user_000068,2026-07-10,50.1,1080,101,97,32,2,2,4061,Rest,,,6.4
user_000068,2026-07-11,50.2,1151,82,136,31,39,3,4792,Push,3,12,6.6
user_000068,2026-07-12,50.1,1944,110,250,56,41,4,13171,Rest,,,7.8
user_000068,2026-07-13,50.1,1078,100,102,30,26,1,10595,Legs,0,20,6.6
user_000068,2026-07-14,49.9,1274,92,132,42,4,1,15910,Legs,1,17,8.5
user_000068,2026-07-15,49.6,1251,106,128,35,31,4,4192,Rest,,,8.2
user_000068,2026-07-16,49.7,1613,104,216,37,48,5,6972,Push,1,6,6.0
user_000068,2026-07-17,49.6,1309,89,146,41,12,2,17266,Rest,,,7.2
user_000068,2026-07-18,49.5,1076,92,105,32,45,2,6294,Pull,0,12,7.3
user_000068,2026-07-19,49.7,1132,106,96,36,22,1,10203,Rest,,,6.0
user_000068,2026-07-20,49.8,1349,102,161,33,19,2,14170,Rest,,,5.7
user_000068,2026-07-21,50.1,1582,85,198,50,11,1,16011,Rest,,,6.2
user_000068,2026-07-22,49.9,1815,108,213,59,59,5,4930,Legs,4,18,9.0
user_000068,2026-07-23,49.5,1450,89,188,38,16,5,6042,Legs,2,12,8.0
user_000068,2026-07-24,49.4,1642,98,227,38,43,5,6790,Upper,0,9,6.7
user_000068,2026-07-25,49.5,1578,88,212,42,39,2,14738,Pull,4,12,6.4
user_000068,2026-07-26,49.5,1218,84,144,34,37,2,6814,Rest,,,5.7
user_000068,2026-07-27,49.2,1074,100,110,26,19,1,4494,Pull,1,12,7.4
user_000068,2026-07-28,49.3,1818,99,243,50,49,4,13693,Push,1,10,8.9
user_000068,2026-07-29,49.1,1222,80,140,38,2,4,7914,Rest,,,5.9
user_000068,2026-07-30,49.4,1219,80,155,31,15,2,7617,Rest,,,7.3
user_000068,2026-07-31,49.2,1417,80,173,45,26,5,13054,Upper,3,10,6.8
user_000068,2026-08-01,49.3,1334,99,140,42,16,1,11676,Pull,1,16,6.3
user_000068,2026-08-02,49.3,1197,88,146,29,9,3,7845,Pull,5,13,7.4
user_000068,2026-08-03,49.2,1193,93,122,37,41,3,4022,Pull,4,6,8.3
user_000068,2026-08-04,48.9,1073,107,96,29,5,1,6360,Rest,,,9.0
user_000068,2026-08-05,48.5,1082,102,110,26,16,1,5896,Legs,0,17,7.3
user_000068,2026-08-06,48.8,1528,82,210,40,3,4,7794,Rest,,,5.8
user_000068,2026-08-07,48.8,1066,98,101,30,11,4,4813,Upper,5,7,5.6
user_000068,2026-08-08,48.5,1430,88,175,42,28,2,14378,Legs,3,16,8.4
user_000068,2026-08-09,48.4,1136,105,107,32,28,2,12078,Rest,,,8.6
user_000068,2026-08-10,48.2,1541,91,202,41,30,1,8331,Pull,4,20,5.8
user_000068,2026-08-11,48.2,1063,91,105,31,3,2,3180,Upper,4,16,7.9
user_000068,2026-08-12,48.1,1653,82,212,53,38,1,17229,Upper,0,10,6.4
user_000068,2026-08-13,47.7,1409,95,165,41,42,4,11875,Push,1,9,8.8
user_000068,2026-08-14,47.4,1758,79,266,42,43,4,7468,Legs,0,18,6.1
user_000068,2026-08-15,47.7,1484,82,208,36,9,4,17235,Upper,2,15,5.8
user_000068,2026-08-16,47.7,1273,104,131,37,24,2,13557,Legs,4,13,8.1
user_000068,2026-08-17,47.4,1114,101,119,26,17,2,7570,Pull,1,12,8.5
user_000068,2026-08-18,47.1,1589,100,187,49,43,3,15800,Rest,,,7.1
user_000068,2026-08-19,46.9,1491,78,189,47,13,4,12261,Push,5,10,8.1
user_000068,2026-08-20,47.0,1331,84,170,35,20,4,11411,Push,2,18,8.5
user_000068,2026-08-21,47.1,1513,78,190,49,48,3,8292,Upper,5,13,7.4
user_000068,2026-08-22,46.9,1285,80,167,33,34,1,8099,Push,2,7,6.8
user_000068,2026-08-23,47.0,1816,87,232,60,38,1,14384,Pull,4,19,5.9
user_000068,2026-08-24,46.9,1452,98,166,44,29,1,11368,Pull,1,16,7.0
user_000068,2026-08-25,47.0,1100,98,96,36,15,1,8680,Rest,,,8.6
user_000068,2026-08-26,46.9,1222,93,127,38,4,2,13359,Upper,2,12,7.9
user_000068,2026-08-27,46.9,1248,77,145,40,59,1,8099,Rest,,,7.2
user_000068,2026-08-28,46.8,1284,87,153,36,20,2,12814,Rest,,,6.1
user_000068,2026-08-29,46.4,1343,79,169,39,10,3,17661,Upper,3,9,8.1
user_000068,2026-08-30,46.7,1702,91,240,42,32,2,15160,Legs,3,7,6.5
user_000068,2026-08-31,46.7,1281,87,168,29,31,3,5330,Push,1,18,5.6
user_000068,2026-09-01,46.4,1049,74,132,25,1,3,9459,Rest,,,5.6
user_000068,2026-09-02,46.6,1755,82,233,55,29,5,16813,Upper,0,8,6.2
user_000068,2026-09-03,46.7,1370,101,147,42,12,1,6843,Rest,,,6.4
user_000068,2026-09-04,46.9,1150,95,107,38,6,1,8157,Upper,5,14,6.3
user_000068,2026-09-05,47.0,1355,85,166,39,49,1,9535,Rest,,,6.0
user_000068,2026-09-06,46.7,1578,87,195,50,60,3,14170,Push,1,8,5.9
user_000068,2026-09-07,46.5,1410,87,180,38,29,3,7833,Legs,2,14,6.5
user_000068,2026-09-08,46.5,1333,81,169,37,1,2,12520,Legs,0,9,5.9
user_000068,2026-09-09,46.2,1117,77,128,33,6,3,10589,Pull,2,10,7.0
user_000068,2026-09-10,46.1,1246,78,166,30,40,1,8310,Rest,,,8.7
user_000068,2026-09-11,46.2,1684,89,242,40,27,5,6054,Upper,3,7,5.6
user_000068,2026-09-12,46.0,1153,83,140,29,11,4,13999,Upper,2,20,7.6
user_000068,2026-09-13,45.9,1917,94,284,45,57,4,10596,Legs,2,16,5.7
user_000068,2026-09-14,46.1,1596,96,204,44,36,5,11894,Rest,,,7.3
user_000068,2026-09-15,46.2,1428,85,173,44,42,1,17637,Legs,4,15,5.8
user_000068,2026-09-16,46.3,1443,100,164,43,55,3,5923,Pull,4,18,7.3
user_000068,2026-09-17,46.5,1119,87,132,27,12,2,13724,Push,3,9,5.6
user_000068,2026-09-18,46.8,1666,83,221,50,56,2,15829,Push,5,7,7.9
user_000068,2026-09-19,46.7,1207,102,139,27,7,5,6824,Push,4,15,5.9
user_000068,2026-09-20,46.9,1144,87,118,36,16,3,5995,Upper,1,6,6.7
user_000068,2026-09-21,46.9,1885,86,257,57,45,5,13754,Pull,0,12,8.4
user_000068,2026-09-22,46.9,1801,90,268,41,51,5,7715,Push,1,11,7.3
user_000068,2026-09-23,47.1,1351,100,159,35,33,4,7794,Push,2,12,9.0
user_000068,2026-09-24,46.8,1967,95,264,59,17,4,14848,Upper,1,12,8.6
user_000068,2026-09-25,46.7,2200,97,327,56,39,5,17722,Pull,5,11,5.7
user_000068,2026-09-26,46.9,2147,102,284,67,27,5,16541,Upper,5,14,8.3
user_000068,2026-09-27,47.2,1908,94,257,56,20,4,7312,Rest,,,6.1
user_000068,2026-09-28,47.0,2047,81,325,47,27,4,15681,Upper,4,20,7.6
user_000068,2026-09-29,47.1,1994,84,311,46,8,1,13169,Push,5,11,7.4
user_000068,2026-09-30,47.3,2004,90,267,64,23,2,17395,Legs,0,9,6.0
user_000068,2026-10-01,47.5,1985,97,280,53,20,2,16139,Upper,0,14,8.0
user_000068,2026-10-02,47.7,2504,78,377,76,59,4,17894,Legs,0,8,6.5
user_000068,2026-10-03,47.8,1521,86,193,45,19,3,10366,Rest,,,7.4
user_000068,2026-10-04,47.6,2169,83,340,53,56,2,14479,Rest,,,5.5
user_000068,2026-10-05,47.6,2103,77,307,63,20,4,6888,Upper,0,12,6.3
user_000068,2026-10-06,47.5,2351,77,351,71,15,4,13911,Rest,,,6.3
user_000068,2026-10-07,47.2,1438,76,198,38,36,1,3777,Rest,,,7.0
user_000068,2026-10-08,47.1,2384,102,341,68,59,5,8353,Rest,,,5.6
user_000068,2026-10-09,47.2,1501,87,214,33,28,3,5359,Legs,1,9,7.8
user_000068,2026-10-10,47.1,1766,85,244,50,51,1,8171,Legs,5,18,6.4
user_000068,2026-10-11,47.0,1968,78,288,56,18,2,9037,Pull,5,20,8.6
user_000068,2026-10-12,46.9,1799,82,235,59,12,4,5671,Legs,5,13,6.0
user_000068,2026-10-13,47.2,1577,77,225,41,0,1,3935,Upper,1,9,8.8
user_000068,2026-10-14,47.4,1733,98,225,49,21,3,7344,Pull,3,7,7.6
user_000068,2026-10-15,47.3,2109,101,271,69,35,5,8534,Legs,2,15,5.6
user_000068,2026-10-16,47.0,2102,90,296,62,28,3,16656,Push,0,14,6.3
user_000068,2026-10-17,46.9,1852,91,237,60,26,2,14275,Upper,2,14,7.7
user_000068,2026-10-18,46.7,2174,100,313,58,59,2,10592,Legs,0,14,8.3
user_000068,2026-10-19,47.0,1421,78,194,37,28,1,4734,Upper,5,11,6.4
user_000068,2026-10-20,46.9,1576,95,209,40,12,4,3341,Upper,2,10,7.5
user_000068,2026-10-21,46.7,1780,100,237,48,21,2,13226,Upper,4,12,7.3
user_000068,2026-10-22,46.5,2113,76,297,69,38,3,11496,Legs,0,16,7.2
user_000068,2026-10-23,46.6,1452,76,206,36,13,5,6590,Pull,0,12,5.9
user_000068,2026-10-24,46.8,1904,90,269,52,36,2,11873,Rest,,,7.4
user_000068,2026-10-25,46.9,2204,90,335,56,18,5,16851,Upper,4,19,6.8
user_000068,2026-10-26,46.8,2218,81,352,54,37,5,9464,Push,3,16,5.6
user_000068,2026-10-27,47.1,2431,88,396,55,59,5,5652,Upper,1,16,5.9
user_000068,2026-10-28,46.9,1822,79,246,58,36,2,9663,Upper,2,16,7.0
user_000068,2026-10-29,47.0,1512,96,192,40,37,2,5490,Legs,0,16,8.4
user_000068,2026-10-30,47.3,1970,75,296,54,33,2,6096,Rest,,,6.9
user_000068,2026-10-31,47.2,1504,78,217,36,9,1,4239,Upper,0,16,6.9
user_000068,2026-11-01,47.2,1939,98,245,63,29,3,11510,Upper,5,6,7.3
user_000068,2026-11-02,47.3,2168,93,332,52,11,5,12393,Push,4,11,8.1
user_000068,2026-11-03,47.3,2207,95,297,71,42,2,17496,Upper,4,6,5.8
user_000068,2026-11-04,47.5,1660,101,215,44,52,2,9746,Pull,4,13,7.4
user_000068,2026-11-05,47.4,2029,86,293,57,40,3,10452,Pull,2,6,8.4
user_000068,2026-11-06,47.1,2065,103,267,65,14,3,11561,Push,4,11,7.1
user_000068,2026-11-07,47.4,2066,80,324,50,38,5,10851,Push,2,8,8.0
user_000068,2026-11-08,47.7,1779,77,244,55,32,4,7776,Rest,,,7.4
user_000068,2026-11-09,47.7,1698,99,240,38,29,1,12459,Upper,4,14,5.8
user_000068,2026-11-10,47.9,1885,79,264,57,0,1,12414,Upper,3,12,8.3
user_000068,2026-11-11,47.7,1540,98,206,36,5,1,5571,Rest,,,8.7
user_000068,2026-11-12,47.4,2176,81,355,48,38,5,13139,Pull,0,11,8.6
user_000068,2026-11-13,47.2,1957,93,277,53,34,4,14416,Legs,0,16,5.6
user_000068,2026-11-14,47.3,2207,94,307,67,56,4,13057,Rest,,,8.2
user_000068,2026-11-15,47.0,2192,77,354,52,56,4,14991,Upper,4,18,8.5
user_000068,2026-11-16,46.9,1768,99,226,52,21,2,12036,Push,3,14,7.5
user_000068,2026-11-17,46.7,2394,84,375,62,59,5,8707,Upper,4,14,7.8
user_000068,2026-11-18,46.9,1742,85,247,46,38,2,3637,Push,2,15,6.2
user_000068,2026-11-19,46.9,1910,97,277,46,43,3,8999,Rest,,,7.3
user_000068,2026-11-20,46.6,1855,96,262,47,10,2,15869,Upper,1,9,7.8
user_000068,2026-11-21,46.3,1611,94,203,47,39,2,5703,Rest,,,6.6
user_000068,2026-11-22,46.3,1753,98,230,49,29,2,12819,Pull,5,16,7.7
user_000068,2026-11-23,46.0,1932,78,270,60,24,4,8895,Legs,5,12,7.5
user_000068,2026-11-24,46.2,1757,90,221,57,2,2,15850,Upper,4,12,7.5
user_000068,2026-11-25,46.0,1546,96,178,50,14,3,5161,Legs,1,13,7.9
user_000068,2026-11-26,45.9,1691,75,224,55,45,2,16984,Rest,,,6.0
user_000068,2026-11-27,46.0,2170,93,292,70,52,2,17581,Push,0,14,5.8
user_000069,2026-07-01,51.4,1089,103,95,33,1,1,8812,Upper,2,16,6.0
user_000069,2026-07-02,51.5,1444,101,188,32,4,5,10389,Rest,,,6.9
user_000069,2026-07-03,51.6,1773,94,239,49,35,5,7805,Push,2,9,6.5
user_000069,2026-07-04,51.3,1954,93,292,46,57,4,5375,Push,5,12,7.8
user_000069,2026-07-05,51.2,1540,110,167,48,42,5,4136,Push,0,13,7.7
user_000069,2026-07-06,51.0,1088,92,117,28,0,4,4800,Legs,1,14,8.7
user_000069,2026-07-07,50.6,1290,105,132,38,35,3,7985,Upper,3,20,6.0
user_000069,2026-07-08,50.6,1611,105,183,51,11,5,13412,Rest,,,8.8
user_000069,2026-07-09,50.6,1319,96,137,43,33,1,9214,Rest,,,7.6
user_000069,2026-07-10,50.6,1794,105,249,42,56,2,13180,Pull,5,11,8.8
user_000069,2026-07-11,50.7,1463,86,183,43,26,1,14838,Legs,3,7,8.4
user_000069,2026-07-12,50.4,1443,88,185,39,23,3,12348,Rest,,,8.7
user_000069,2026-07-13,50.4,1886,93,275,46,59,4,10127,Pull,4,20,7.2
user_000069,2026-07-14,50.5,1282,82,171,30,15,3,13520,Upper,5,20,8.4
user_000069,2026-07-15,50.5,1608,102,183,52,38,4,6663,Push,0,7,7.8
user_000069,2026-07-16,50.6,1205,103,124,33,19,2,6666,Legs,1,11,8.1
user_000069,2026-07-17,50.6,1772,81,236,56,32,5,11277,Pull,3,15,5.8
user_000069,2026-07-18,50.5,1670,87,245,38,30,1,16974,Upper,5,10,6.2
user_000069,2026-07-19,50.5,1168,90,139,28,24,1,4495,Pull,0,16,7.3
user_000069,2026-07-20,50.2,1439,101,153,47,12,1,10408,Rest,,,8.8
user_000069,2026-07-21,50.3,1967,81,296,51,49,3,15420,Rest,,,6.8
user_000069,2026-07-22,50.2,1352,84,173,36,48,1,16470,Upper,5,6,6.0
user_000069,2026-07-23,49.9,1486,107,170,42,29,5,7498,Rest,,,7.8
user_000069,2026-07-24,49.5,1075,106,102,27,5,3,5287,Legs,5,12,5.9
user_000069,2026-07-25,49.4,1399,99,163,39,56,1,5228,Push,4,19,6.0
user_000069,2026-07-26,49.4,1275,99,150,31,21,5,3279,Legs,3,18,8.8
user_000069,2026-07-27,49.3,1539,93,177,51,26,4,16038,Legs,3,10,6.7
user_000069,2026-07-28,49.4,2101,99,307,53,55,4,17927,Pull,0,9,7.2
user_000069,2026-07-29,49.5,1693,99,214,49,51,4,7695,Rest,,,6.5
user_000069,2026-07-30,49.6,1878,92,283,42,52,3,14522,Legs,0,14,7.5
user_000069,2026-07-31,49.6,1273,87,166,29,45,2,7699,Push,5,10,6.6
user_000069,2026-08-01,49.6,1396,79,189,36,18,1,16517,Legs,4,16,6.7
user_000069,2026-08-02,49.8,1416,95,187,32,39,2,11136,Rest,,,5.8
user_000069,2026-08-03,49.7,1268,93,143,36,11,3,7745,Push,4,8,7.8
user_000069,2026-08-04,49.6,2135,102,326,47,59,5,17237,Rest,,,6.1
user_000069,2026-08-05,49.3,1705,106,219,45,46,3,15985,Legs,4,19,7.2
user_000069,2026-08-06,49.3,1331,84,170,35,15,4,10168,Legs,4,13,7.6
user_000069,2026-08-07,49.5,1445,88,181,41,29,1,17189,Rest,,,5.7
user_000069,2026-08-08,49.8,1682,85,241,42,13,2,11797,Rest,,,6.1
user_000069,2026-08-09,49.5,1075,97,111,27,11,1,10464,Push,2,8,7.8
user_000069,2026-08-10,49.5,1487,90,176,47,51,2,5502,Push,0,16,8.4
user_000069,2026-08-11,49.7,1869,88,260,53,44,4,15655,Pull,0,16,8.7
user_000069,2026-08-12,49.7,1112,81,134,28,14,1,5846,Legs,3,9,8.8
user_000069,2026-08-13,49.9,1883,96,251,55,38,4,14059,Upper,3,14,8.7
user_000069,2026-08-14,50.0,2112,106,305,52,56,5,12468,Upper,4,8,5.6
user_000069,2026-08-15,50.3,1573,104,179,49,56,3,7430,Legs,4,18,7.0
user_000069,2026-08-16,50.0,1364,98,144,44,41,2,6183,Pull,0,17,6.7
user_000069,2026-08-17,49.9,1174,105,130,26,24,2,6809,Upper,2,17,8.5
user_000069,2026-08-18,50.1,1302,95,145,38,0,4,6431,Rest,,,8.7
user_000069,2026-08-19,50.0,1375,96,178,31,2,1,14447,Legs,3,14,6.0
user_000069,2026-08-20,49.9,1096,87,115,32,11,1,5492,Pull,4,11,5.7
user_000069,2026-08-21,49.8,1249,89,140,37,2,5,6718,Legs,0,17,7.7
user_000069,2026-08-22,50.0,1847,107,231,55,54,4,5888,Legs,3,6,5.5
user_000069,2026-08-23,50.1,1501,103,171,45,25,3,5925,Legs,1,8,6.2
user_000069,2026-08-24,49.9,1279,95,137,39,11,2,11725,Rest,,,8.5
user_000069,2026-08-25,49.7,1077,102,102,29,12,4,7151,Push,5,15,8.6
user_000069,2026-08-26,49.7,1618,89,203,50,19,4,10079,Legs,4,20,5.6
user_000069,2026-08-27,49.6,1390,100,153,42,25,4,15164,Upper,4,9,7.3
user_000069,2026-08-28,49.7,1245,98,148,29,41,3,6380,Legs,0,9,7.7
user_000069,2026-08-29,49.6,1162,105,100,38,19,4,5746,Legs,2,19,7.8
user_000069,2026-08-30,49.5,1243,89,152,31,16,4,12598,Rest,,,8.3
user_000069,2026-08-31,49.2,1453,84,205,33,32,5,15827,Pull,5,14,8.4
user_000069,2026-09-01,48.9,1072,85,129,24,33,2,3513,Push,4,14,8.4
user_000069,2026-09-02,48.8,1168,88,132,32,1,1,8764,Rest,,,8.3
user_000069,2026-09-03,49.0,1329,94,164,33,10,2,15765,Push,5,14,6.5
user_000069,2026-09-04,48.9,1068,79,116,32,9,4,7213,Pull,2,9,6.2
user_000069,2026-09-05,48.9,1363,96,175,31,46,1,10343,Legs,5,8,6.7
user_000069,2026-09-06,49.2,1070,92,117,26,15,1,5404,Legs,1,19,7.4
user_000069,2026-09-07,49.3,1188,107,118,32,9,4,17080,Pull,2,7,6.5
user_000069,2026-09-08,49.5,1089,98,100,33,22,3,9184,Push,0,7,6.0
user_000069,2026-09-09,49.3,1113,101,94,37,14,2,16170,Upper,0,7,7.7
user_000069,2026-09-10,49.4,1137,107,103,33,10,3,16612,Upper,2,15,6.6
user_000069,2026-09-11,49.3,1274,84,149,38,21,4,17502,Pull,0,11,6.7
user_000069,2026-09-12,49.3,1107,96,120,27,56,1,7358,Push,0,20,6.4
user_000069,2026-09-13,49.5,1085,81,125,29,16,1,4938,Legs,3,8,6.0
user_000069,2026-09-14,49.3,1838,79,286,42,48,5,8076,Rest,,,7.7
user_000069,2026-09-15,49.4,1071,83,115,31,40,1,3734,Rest,,,6.1
user_000069,2026-09-16,49.5,1551,86,223,35,5,5,17349,Rest,,,7.0
user_000069,2026-09-17,49.7,1295,87,167,31,39,3,11370,Legs,0,18,8.2
user_000069,2026-09-18,49.7,1077,95,118,25,50,1,8780,Rest,,,5.6
user_000069,2026-09-19,49.8,1429,87,187,37,10,4,13201,Legs,3,20,8.5
user_000069,2026-09-20,49.6,1078,82,129,26,41,1,11737,Rest,,,8.9
user_000069,2026-09-21,49.4,1517,92,177,49,51,3,17247,Pull,4,6,8.2
user_000069,2026-09-22,49.3,1072,91,114,28,36,1,6357,Legs,3,17,7.1
user_000069,2026-09-23,49.1,1260,100,134,36,50,2,10589,Push,4,14,6.6
user_000069,2026-09-24,49.2,1197,104,121,33,22,3,8867,Upper,0,17,8.7
user_000069,2026-09-25,48.9,1665,87,246,37,40,2,16823,Push,1,13,6.4
user_000069,2026-09-26,48.6,1759,92,251,43,52,5,17708,Pull,4,15,8.9
user_000069,2026-09-27,48.2,1346,88,181,30,53,4,7005,Legs,2,11,5.7
user_000069,2026-09-28,48.1,1141,92,128,29,9,5,12398,Pull,4,19,8.7
user_000069,2026-09-29,48.3,1111,96,103,35,24,1,12081,Rest,,,6.7
user_000069,2026-09-30,48.2,1112,102,113,28,21,3,13676,Rest,,,8.6
user_000069,2026-10-01,47.9,1407,83,172,43,50,3,7112,Rest,,,7.8
user_000069,2026-10-02,47.6,1318,88,147,42,0,4,17101,Pull,5,16,7.5
user_000069,2026-10-03,47.5,1056,81,129,24,8,5,8298,Push,3,13,8.2
user_000069,2026-10-04,47.5,1426,83,188,38,52,2,16911,Upper,0,15,6.8
user_000069,2026-10-05,47.7,1655,92,234,39,57,3,11491,Push,1,12,5.8
user_000069,2026-10-06,47.6,1234,79,162,30,4,1,16862,Pull,4,12,6.6
user_000069,2026-10-07,47.4,1057,93,106,29,0,1,10959,Push,2,18,7.1
user_000069,2026-10-08,47.2,1327,94,159,35,17,4,13532,Upper,1,7,7.5
user_000069,2026-10-09,47.3,1073,95,108,29,24,3,6765,Upper,3,11,6.2
user_000069,2026-10-10,47.3,1476,95,175,44,52,5,10584,Rest,,,6.7
user_000069,2026-10-11,47.1,1532,101,174,48,32,3,13765,Legs,3,7,8.0
user_000069,2026-10-12,46.8,1063,79,117,31,30,1,10271,Pull,3,10,8.5
user_000069,2026-10-13,46.4,1116,78,129,32,10,4,15256,Pull,2,8,6.0
user_000069,2026-10-14,46.2,1049,87,101,33,32,3,4293,Legs,0,18,5.9
user_000069,2026-10-15,46.1,1285,101,155,29,54,5,7710,Push,1,8,7.8
user_000069,2026-10-16,46.1,1138,99,127,26,25,4,7725,Upper,5,10,6.4
user_000069,2026-10-17,46.0,1308,77,160,40,11,4,11078,Rest,,,5.6
user_000069,2026-10-18,46.0,1410,79,197,34,24,5,15923,Rest,,,6.2
user_000069,2026-10-19,45.8,1043,82,109,31,12,3,8461,Rest,,,8.0
user_000069,2026-10-20,45.9,1259,77,168,31,1,2,17688,Push,4,9,8.5
user_000069,2026-10-21,45.6,1501,91,174,49,56,5,11831,Pull,4,17,8.0
user_000069,2026-10-22,45.8,1042,91,111,26,9,5,4457,Rest,,,8.8
user_000069,2026-10-23,45.5,1485,88,182,45,51,3,12949,Rest,,,7.2
user_000069,2026-10-24,45.3,1039,89,101,31,8,4,4263,Legs,2,13,8.6
user_000069,2026-10-25,45.2,1239,77,172,27,33,5,8604,Rest,,,6.8
user_000069,2026-10-26,45.3,1142,81,137,30,30,3,10164,Push,1,18,7.4
user_000069,2026-10-27,45.0,1037,73,130,25,13,4,4211,Upper,5,13,6.7
user_000069,2026-10-28,45.0,1374,82,176,38,46,4,4399,Rest,,,7.7
user_000069,2026-10-29,45.2,1506,84,189,46,35,3,14339,Push,0,15,5.7
user_000069,2026-10-30,44.9,1613,76,217,49,55,4,17829,Push,4,13,5.8
user_000069,2026-10-31,44.7,1268,72,164,36,10,5,3573,Legs,0,7,8.8
user_000069,2026-11-01,44.6,1448,97,175,40,60,2,9786,Pull,0,9,6.2
user_000069,2026-11-02,44.7,1931,85,292,47,56,5,8273,Rest,,,6.6
user_000069,2026-11-03,44.8,1257,97,143,33,44,3,4395,Pull,2,6,7.5
user_000069,2026-11-04,44.7,1270,90,151,34,24,4,6987,Legs,4,10,7.3
user_000069,2026-11-05,44.9,1212,93,129,36,9,4,17451,Legs,5,19,7.2
user_000069,2026-11-06,44.9,1478,91,193,38,40,3,16462,Pull,2,14,5.6
user_000069,2026-11-07,45.2,2183,92,330,55,37,3,7992,Push,1,19,6.7
user_000069,2026-11-08,45.1,1437,92,184,37,0,4,4615,Pull,1,6,6.8
user_000069,2026-11-09,44.9,2172,83,316,64,34,4,17526,Push,1,19,6.9
user_000069,2026-11-10,44.9,1966,75,286,58,49,2,13033,Legs,1,20,7.0
user_000069,2026-11-11,45.1,1977,91,302,45,20,4,16259,Rest,,,6.5
user_000069,2026-11-12,45.4,2500,77,422,56,44,5,17553,Rest,,,5.6
user_000069,2026-11-13,45.5,1670,74,258,38,0,2,4799,Legs,2,8,8.1
user_000069,2026-11-14,45.3,1819,78,253,55,16,3,11995,Push,1,19,6.6
user_000069,2026-11-15,45.4,1580,77,237,36,13,1,4990,Push,0,7,5.8
user_000069,2026-11-16,45.2,2414,99,329,78,36,5,16935,Rest,,,8.4
user_000069,2026-11-17,45.3,1537,81,202,45,4,2,3736,Rest,,,8.5
user_000069,2026-11-18,45.3,1950,95,262,58,33,3,10211,Rest,,,7.2
user_000069,2026-11-19,45.5,1985,83,267,65,19,4,16805,Pull,4,17,8.1
user_000069,2026-11-20,45.6,1830,97,266,42,8,1,13041,Legs,1,8,8.4
user_000069,2026-11-21,45.8,1311,74,175,35,0,1,7782,Upper,5,11,6.6
user_000069,2026-11-22,45.8,1895,76,292,47,23,2,13983,Upper,4,16,7.0
user_000069,2026-11-23,45.7,1882,98,242,58,27,4,7443,Legs,3,10,7.2
user_000069,2026-11-24,45.6,2011,82,315,47,19,1,16887,Pull,3,18,6.3
user_000069,2026-11-25,45.6,1535,98,198,39,0,4,6299,Legs,5,12,8.3
user_000069,2026-11-26,45.8,1927,95,263,55,24,4,7695,Pull,1,6,6.6
user_000069,2026-11-27,45.9,1968,86,280,56,52,2,7173,Upper,0,12,8.7
user_000070,2026-07-01,51.7,1313,109,145,33,60,2,11827,Upper,0,9,7.1
user_000070,2026-07-02,51.8,1493,83,216,33,46,5,8094,Pull,5,19,7.2
user_000070,2026-07-03,51.5,1153,89,125,33,11,5,14947,Legs,4,12,7.5
user_000070,2026-07-04,51.7,1420,101,164,40,30,5,7237,Pull,2,20,6.6
user_000070,2026-07-05,51.6,1328,109,133,40,28,4,7030,Upper,2,11,9.0
user_000070,2026-07-06,51.6,1091,111,101,27,42,3,7190,Pull,0,6,5.7
user_000070,2026-07-07,51.6,1727,107,228,43,33,5,16684,Push,1,19,6.0
user_000070,2026-07-08,51.2,1163,95,117,35,14,3,8246,Legs,4,15,6.9
user_000070,2026-07-09,51.1,1090,110,104,26,21,4,6167,Push,3,9,5.6
user_000070,2026-07-10,51.0,1286,89,165,30,17,4,7642,Push,1,9,6.9
user_000070,2026-07-11,51.1,1143,96,111,35,24,2,9734,Rest,,,9.0
user_000070,2026-07-12,51.1,1181,108,113,33,35,5,7115,Legs,2,11,6.0
user_000070,2026-07-13,51.2,1191,95,124,35,13,2,9985,Upper,5,6,7.8
user_000070,2026-07-14,50.9,1087,99,94,35,7,3,7302,Pull,5,11,7.4
user_000070,2026-07-15,50.6,1351,107,143,39,51,4,8109,Rest,,,6.1
user_000070,2026-07-16,50.5,1083,90,111,31,3,4,16612,Legs,1,7,5.7
user_000070,2026-07-17,50.1,1273,93,160,29,41,5,3342,Push,0,7,5.5
user_000070,2026-07-18,50.2,1141,100,102,37,7,4,12593,Pull,5,17,6.5
user_000070,2026-07-19,50.4,1192,108,109,36,11,1,9374,Push,0,14,7.7
user_000070,2026-07-20,50.6,1599,107,196,43,40,4,15204,Pull,5,14,6.1
user_000070,2026-07-21,50.6,1160,95,132,28,6,1,3420,Rest,,,6.4
user_000070,2026-07-22,50.6,1303,110,128,39,10,3,6045,Pull,4,13,7.7
user_000070,2026-07-23,50.4,1272,85,143,40,13,1,15366,Rest,,,6.5
user_000070,2026-07-24,50.2,1309,107,137,37,15,4,5830,Pull,0,18,7.1
user_000070,2026-07-25,50.4,1165,80,137,33,7,1,17647,Upper,4,20,6.1
user_000070,2026-07-26,50.5,1361,109,157,33,37,3,8799,Rest,,,6.6
user_000070,2026-07-27,50.3,1082,110,93,30,22,3,7150,Pull,5,7,8.8
user_000070,2026-07-28,50.3,1082,91,103,34,11,2,4369,Rest,,,6.2
user_000070,2026-07-29,50.3,1080,81,117,32,45,2,11774,Legs,4,16,6.1
user_000070,2026-07-30,50.2,1350,92,160,38,39,1,13521,Push,4,13,6.4
user_000070,2026-07-31,50.0,1313,90,155,37,57,1,4080,Rest,,,7.5
user_000070,2026-08-01,50.0,1076,99,116,24,3,5,8802,Rest,,,7.5
user_000070,2026-08-02,49.7,1841,89,279,41,51,5,14864,Rest,,,6.7
user_000070,2026-08-03,49.5,1146,100,119,30,30,4,7073,Legs,1,11,7.8
user_000070,2026-08-04,49.2,1072,91,123,24,46,1,9284,Legs,3,20,8.3
user_000070,2026-08-05,49.0,1279,92,140,39,12,3,7738,Rest,,,5.9
user_000070,2026-08-06,48.9,1682,104,195,54,48,5,12836,Pull,0,9,8.6
user_000070,2026-08-07,49.0,1238,83,141,38,18,3,8911,Rest,,,6.1
user_000070,2026-08-08,49.0,1831,100,243,51,47,5,17835,Push,0,11,7.8
user_000070,2026-08-09,49.1,1070,97,94,34,18,3,6961,Pull,1,10,6.1
user_000070,2026-08-10,49.4,1585,79,234,37,16,1,17974,Pull,1,8,8.1
user_000070,2026-08-11,49.1,1720,83,230,52,24,5,12985,Pull,3,8,6.9
user_000070,2026-08-12,49.1,1117,88,135,25,8,2,8342,Pull,2,14,6.9
user_000070,2026-08-13,49.4,1322,107,156,30,18,4,8671,Push,4,14,6.9
user_000070,2026-08-14,49.1,1204,108,112,36,6,1,12710,Upper,4,14,5.9
user_000070,2026-08-15,48.8,1168,101,110,36,45,1,12277,Upper,2,19,6.3
user_000070,2026-08-16,49.0,1350,88,182,30,21,4,17774,Legs,0,7,6.1
user_000070,2026-08-17,49.2,1365,80,178,37,11,2,14993,Upper,2,11,6.6
user_000070,2026-08-18,49.0,1070,108,83,34,14,5,5715,Pull,2,19,8.3
user_000070,2026-08-19,49.0,1121,99,107,33,24,2,13469,Legs,1,8,5.7
user_000070,2026-08-20,48.8,1458,85,176,46,39,2,14707,Rest,,,5.8
user_000070,2026-08-21,48.9,2039,91,295,55,40,5,17204,Upper,3,20,8.0
user_000070,2026-08-22,48.8,1637,90,200,53,32,5,16543,Legs,4,10,7.2
user_000070,2026-08-23,48.5,1733,78,227,57,46,3,13424,Pull,4,7,7.2
user_000070,2026-08-24,48.2,1065,96,105,29,2,1,7078,Legs,3,16,7.0
user_000070,2026-08-25,48.2,1064,90,104,32,41,1,12733,Push,3,7,6.7
user_000070,2026-08-26,48.2,1310,98,153,34,27,4,12356,Upper,3,15,8.2
user_000070,2026-08-27,48.3,1294,92,137,42,19,5,7413,Rest,,,8.0
user_000070,2026-08-28,48.0,1152,86,121,36,50,2,11501,Legs,4,12,8.4
user_000070,2026-08-29,48.1,1063,94,93,35,6,2,9865,Pull,1,17,8.0
user_000070,2026-08-30,48.1,1253,79,151,37,39,1,6731,Rest,,,7.8
user_000070,2026-08-31,48.3,1575,80,235,35,37,3,3780,Push,2,10,6.6
user_000070,2026-09-01,48.2,1696,80,254,40,53,1,11251,Legs,2,14,8.8
user_000070,2026-09-02,48.0,1876,80,272,52,28,4,11662,Rest,,,7.6
user_000070,2026-09-03,47.8,1946,87,296,46,24,4,15160,Legs,4,20,6.1
user_000070,2026-09-04,47.8,2193,89,331,57,36,5,5331,Pull,0,7,6.7
user_000070,2026-09-05,47.7,1924,90,274,52,28,5,13658,Rest,,,8.6
user_000070,2026-09-06,47.9,1654,93,208,50,19,4,8359,Pull,5,14,8.3
user_000070,2026-09-07,48.0,1885,79,291,45,47,4,3076,Upper,4,19,8.4
user_000070,2026-09-08,48.1,1861,93,280,41,17,2,11519,Legs,3,18,7.8
user_000070,2026-09-09,48.3,2118,82,317,58,34,4,13809,Push,0,19,6.9
user_000070,2026-09-10,48.5,1710,105,237,38,58,2,9737,Legs,5,20,6.1
user_000070,2026-09-11,48.3,1586,88,223,38,22,1,4940,Legs,2,9,8.6
user_000070,2026-09-12,48.4,1331,94,142,43,5,3,5726,Pull,2,20,6.3
user_000070,2026-09-13,48.6,1525,90,190,45,19,5,3414,Pull,5,20,7.8
user_000070,2026-09-14,48.7,1724,105,200,56,42,2,7051,Rest,,,7.7
user_000070,2026-09-15,48.9,1696,106,210,48,57,3,4754,Push,2,19,7.8
user_000070,2026-09-16,48.8,1888,98,266,48,24,5,17528,Pull,4,17,6.7
user_000070,2026-09-17,48.6,1499,78,191,47,21,4,4460,Upper,0,10,5.6
user_000070,2026-09-18,48.3,1928,94,280,48,53,3,11107,Pull,5,7,9.0
user_000070,2026-09-19,48.2,1510,84,208,38,5,2,11122,Legs,0,16,7.6
user_000070,2026-09-20,48.2,1519,91,210,35,0,1,13243,Push,0,11,7.1
user_000070,2026-09-21,48.3,1846,92,248,54,2,1,16673,Pull,5,13,8.4
user_000070,2026-09-22,48.2,2032,102,280,56,31,4,7332,Upper,0,10,5.6
user_000070,2026-09-23,48.1,2468,92,372,68,54,5,15418,Pull,5,17,8.4
user_000070,2026-09-24,48.0,1505,103,163,49,27,1,10773,Push,4,18,6.1
user_000070,2026-09-25,47.9,1624,104,194,48,29,1,4036,Push,2,9,7.5
user_000070,2026-09-26,47.6,1699,103,225,43,30,5,5718,Legs,5,16,7.8
user_000070,2026-09-27,47.4,1869,102,246,53,21,4,17068,Rest,,,6.9
user_000070,2026-09-28,47.6,1953,95,292,45,60,3,4522,Push,1,11,6.5
user_000070,2026-09-29,47.7,2203,97,330,55,37,5,12470,Push,3,14,6.4
user_000070,2026-09-30,47.9,1693,79,252,41,60,2,4971,Legs,1,18,7.2
user_000070,2026-10-01,48.1,2441,82,400,57,55,5,13664,Legs,2,7,5.7
user_000070,2026-10-02,48.2,2060,79,328,48,50,4,15313,Pull,4,20,6.5
user_000070,2026-10-03,48.3,1669,96,202,53,26,2,5102,Pull,5,16,8.3
user_000070,2026-10-04,48.2,2151,105,291,63,40,5,13165,Upper,1,11,6.6
user_000070,2026-10-05,48.4,1881,104,229,61,31,4,3809,Upper,0,12,7.8
user_000070,2026-10-06,48.3,1515,87,213,35,16,2,7497,Legs,4,14,5.5
user_000070,2026-10-07,48.1,2049,101,301,49,58,3,14072,Upper,0,11,8.5
user_000070,2026-10-08,48.3,2033,87,311,49,56,5,4315,Rest,,,6.0
user_000070,2026-10-09,48.6,1735,80,239,51,29,5,5104,Rest,,,6.3
user_000070,2026-10-10,48.3,1632,88,212,48,26,5,10745,Pull,2,12,6.2
user_000070,2026-10-11,48.2,1829,98,258,45,53,2,7998,Rest,,,5.9
user_000070,2026-10-12,47.9,1923,88,251,63,47,3,13436,Rest,,,6.7
user_000070,2026-10-13,48.0,1802,78,278,42,8,3,13903,Pull,2,19,6.7
user_000070,2026-10-14,48.0,1777,91,225,57,23,5,6690,Push,0,7,7.2
user_000070,2026-10-15,47.7,1445,85,175,45,14,3,4953,Upper,5,8,8.8
user_000070,2026-10-16,47.9,1605,96,195,49,46,3,5666,Upper,3,12,6.8
user_000070,2026-10-17,47.8,1203,82,131,39,10,2,7562,Legs,0,20,6.0
user_000070,2026-10-18,47.8,1687,82,216,55,20,2,10548,Pull,1,20,9.0
user_000070,2026-10-19,47.9,1745,89,246,45,17,2,5568,Push,0,13,6.1
user_000070,2026-10-20,47.7,1556,79,220,40,57,2,5293,Push,2,12,7.5
user_000070,2026-10-21,47.9,1952,100,271,52,37,2,10373,Rest,,,8.1
user_000070,2026-10-22,47.9,1824,89,241,56,18,2,5073,Rest,,,6.3
user_000070,2026-10-23,48.1,1873,91,240,61,8,3,7826,Upper,4,6,6.3
user_000070,2026-10-24,48.4,2028,79,320,48,24,3,12627,Push,3,13,6.8
user_000070,2026-10-25,48.3,1548,104,193,40,26,3,9402,Pull,4,16,6.0
user_000070,2026-10-26,48.1,2325,85,368,57,59,4,8595,Rest,,,8.4
user_000070,2026-10-27,48.0,2147,91,322,55,53,5,4860,Legs,1,14,8.8
user_000070,2026-10-28,48.2,2267,82,370,51,50,5,4511,Rest,,,8.5
user_000070,2026-10-29,48.2,1811,81,257,51,1,1,16569,Push,5,15,9.0
user_000070,2026-10-30,48.1,1661,91,223,45,7,5,8283,Pull,0,16,8.0
user_000070,2026-10-31,48.2,1999,81,313,47,6,3,13256,Pull,2,18,6.1
user_000070,2026-11-01,48.3,1832,97,226,60,53,3,4310,Upper,4,17,7.1
user_000070,2026-11-02,48.6,2335,82,333,75,48,4,14260,Rest,,,7.7
user_000070,2026-11-03,48.7,1966,80,299,50,46,3,7187,Pull,2,16,7.9
user_000070,2026-11-04,48.8,1956,105,267,52,3,5,16347,Legs,2,12,6.6
user_000070,2026-11-05,48.7,1793,100,238,49,54,1,4522,Rest,,,6.1
user_000070,2026-11-06,48.4,1550,90,185,50,0,1,10781,Push,3,13,8.7
user_000070,2026-11-07,48.3,1938,104,259,54,6,1,16580,Legs,1,18,6.3
user_000070,2026-11-08,48.1,2096,105,284,60,25,5,17261,Legs,5,14,5.6
user_000070,2026-11-09,48.1,2006,84,278,62,11,1,12951,Push,5,16,7.7
user_000070,2026-11-10,48.0,2186,101,324,54,34,5,8051,Pull,4,9,8.7
user_000070,2026-11-11,48.1,2367,103,320,75,60,4,15856,Upper,4,15,8.4
user_000070,2026-11-12,48.4,1687,91,234,43,36,1,10701,Upper,5,20,8.5
user_000070,2026-11-13,48.2,1903,85,258,59,15,1,6186,Rest,,,8.4
user_000070,2026-11-14,48.1,2121,94,317,53,24,3,14811,Rest,,,7.4
user_000070,2026-11-15,47.9,1789,85,261,45,17,4,8826,Upper,0,17,8.9
user_000070,2026-11-16,47.8,1702,82,231,50,22,3,6727,Push,0,9,8.0
user_000070,2026-11-17,47.9,1480,84,196,40,59,1,11385,Rest,,,7.7
user_000070,2026-11-18,48.1,2180,89,348,48,49,1,15103,Legs,3,15,6.9
user_000070,2026-11-19,48.0,2117,103,271,69,50,2,15445,Pull,1,11,8.4
user_000070,2026-11-20,48.0,2065,83,323,49,45,2,9235,Pull,0,13,7.7
user_000070,2026-11-21,47.8,1788,102,246,44,25,3,7741,Rest,,,7.2
user_000070,2026-11-22,47.7,2003,84,293,55,31,5,6246,Push,5,6,7.6
user_000070,2026-11-23,47.8,1637,77,213,53,7,3,3685,Upper,2,19,7.4
user_000070,2026-11-24,47.8,2005,92,272,61,25,2,10725,Push,1,11,6.5
user_000070,2026-11-25,47.8,1745,87,248,45,18,3,6884,Pull,2,19,6.0
user_000070,2026-11-26,47.9,1949,92,276,53,16,2,16148,Legs,5,13,6.0
user_000070,2026-11-27,48.1,1443,95,178,39,18,3,5063,Legs,2,18,7.9
user_000071,2026-07-01,51.3,2067,109,302,47,10,2,14342,Pull,2,7,8.2
user_000071,2026-07-02,51.3,1719,91,242,43,59,1,8231,Legs,1,11,7.2
user_000071,2026-07-03,51.5,1852,99,265,44,32,4,6631,Push,1,12,8.1
user_000071,2026-07-04,51.7,1502,104,177,42,27,1,12899,Upper,3,7,7.7
user_000071,2026-07-05,51.6,1609,97,222,37,14,3,3743,Pull,2,17,8.3
user_000071,2026-07-06,51.3,2013,82,311,49,24,5,13823,Rest,,,7.5
user_000071,2026-07-07,51.2,2000,107,249,64,36,4,11194,Pull,2,8,7.2
user_000071,2026-07-08,51.0,1916,97,283,44,17,5,12987,Upper,3,18,7.0
user_000071,2026-07-09,50.7,1695,108,201,51,58,3,3259,Legs,0,13,7.7
user_000071,2026-07-10,50.6,1934,97,283,46,41,4,3780,Upper,2,6,8.7
user_000071,2026-07-11,50.4,1914,110,247,54,40,4,8910,Upper,2,13,8.8
user_000071,2026-07-12,50.6,1534,102,169,50,8,4,10206,Pull,3,7,7.3
user_000071,2026-07-13,50.7,1811,109,247,43,25,2,16567,Upper,5,8,6.2
user_000071,2026-07-14,50.6,1675,99,196,55,5,3,12145,Push,1,10,7.0
user_000071,2026-07-15,50.5,1611,99,216,39,23,3,4718,Legs,1,6,7.0
user_000071,2026-07-16,50.3,1406,102,164,38,12,2,7008,Rest,,,8.5
user_000071,2026-07-17,50.1,1635,105,189,51,31,3,7422,Push,1,7,5.7
user_000071,2026-07-18,50.0,2372,89,378,56,28,5,13384,Pull,4,15,7.8
user_000071,2026-07-19,50.1,1782,104,220,54,18,1,15398,Push,0,11,8.3
user_000071,2026-07-20,49.9,1858,86,275,46,24,3,17351,Rest,,,5.9
user_000071,2026-07-21,50.2,1486,107,170,42,42,1,13277,Push,0,20,7.9
user_000071,2026-07-22,50.3,1640,82,238,40,10,3,15459,Push,5,12,7.6
user_000071,2026-07-23,50.4,1622,89,231,38,58,2,9945,Push,4,19,6.4
user_000071,2026-07-24,50.3,1579,91,216,39,4,2,12127,Legs,4,11,5.6
user_000071,2026-07-25,50.5,2216,105,296,68,48,5,10394,Push,2,6,8.8
user_000071,2026-07-26,50.2,1146,104,106,34,0,3,4360,Legs,4,19,5.9
user_000071,2026-07-27,50.0,1408,84,187,36,11,4,5062,Legs,3,10,8.8
user_000071,2026-07-28,50.1,1780,81,247,52,25,1,16673,Upper,1,17,5.9
user_000071,2026-07-29,49.9,1965,99,282,49,56,4,4358,Legs,0,7,7.8
user_000071,2026-07-30,49.9,2122,83,335,50,36,5,15686,Upper,5,17,7.2
user_000071,2026-07-31,50.1,1758,86,232,54,39,4,12249,Legs,0,13,5.7
user_000071,2026-08-01,50.0,1554,97,206,38,13,5,9274,Upper,1,15,8.0
user_000071,2026-08-02,49.9,1955,83,282,55,1,1,17943,Push,1,7,8.8
user_000071,2026-08-03,49.9,1602,104,184,50,37,3,4106,Legs,4,8,7.6
user_000071,2026-08-04,49.7,2541,102,378,69,57,5,16676,Rest,,,8.7
user_000071,2026-08-05,49.4,1673,96,221,45,7,4,11848,Rest,,,8.7
user_000071,2026-08-06,49.5,1987,92,272,59,22,5,5149,Upper,1,14,6.3
user_000071,2026-08-07,49.3,2321,106,310,73,35,5,16791,Legs,0,9,6.9
user_000071,2026-08-08,49.4,1394,91,181,34,10,3,13206,Rest,,,6.2
user_000071,2026-08-09,49.3,1592,97,184,52,49,3,5097,Push,2,14,6.1
user_000071,2026-08-10,49.4,1918,99,250,58,36,3,9903,Pull,3,11,6.3
user_000071,2026-08-11,49.3,2152,81,304,68,19,5,10996,Pull,0,6,8.0
user_000071,2026-08-12,49.4,1472,79,181,48,41,2,3928,Push,4,16,6.2
user_000071,2026-08-13,49.5,2537,81,380,77,59,5,13753,Upper,2,11,7.4
user_000071,2026-08-14,49.4,1530,80,217,38,28,1,10379,Upper,1,15,7.3
user_000071,2026-08-15,49.3,2237,94,301,73,50,5,12696,Push,3,12,8.0
user_000071,2026-08-16,49.5,2030,81,287,62,34,4,8770,Rest,,,7.6
user_000071,2026-08-17,49.7,1630,79,234,42,21,3,10150,Upper,2,17,8.1
user_000071,2026-08-18,49.9,1703,85,253,39,15,3,6671,Upper,0,6,7.9
user_000071,2026-08-19,49.6,1748,88,259,40,20,2,16611,Pull,5,11,6.7
user_000071,2026-08-20,49.9,1636,98,194,52,28,2,4403,Rest,,,8.4
user_000071,2026-08-21,50.1,2334,97,347,62,51,5,17503,Upper,4,14,6.9
user_000071,2026-08-22,50.3,1593,104,184,49,2,5,9448,Upper,5,16,8.3
user_000071,2026-08-23,50.3,1842,108,249,46,16,4,12093,Rest,,,9.0
user_000071,2026-08-24,50.2,2117,108,266,69,49,3,16099,Legs,4,15,8.9
user_000071,2026-08-25,50.0,1835,83,252,55,25,3,5804,Rest,,,6.8
user_000071,2026-08-26,49.9,1570,92,197,46,6,3,13348,Rest,,,7.3
user_000071,2026-08-27,49.8,1756,102,247,40,42,3,7475,Push,5,12,8.7
user_000071,2026-08-28,49.8,1408,94,168,40,13,2,6120,Pull,3,7,6.9
user_000071,2026-08-29,49.9,1736,107,210,52,9,1,13609,Pull,4,16,7.7
user_000071,2026-08-30,50.0,1939,99,289,43,58,4,13341,Rest,,,6.7
user_000071,2026-08-31,50.1,1458,97,164,46,15,1,6247,Rest,,,7.2
user_000071,2026-09-01,50.2,1882,89,269,50,54,3,7831,Rest,,,6.8
user_000071,2026-09-02,49.8,1739,88,223,55,43,4,3577,Legs,4,16,8.8
user_000071,2026-09-03,49.8,1240,103,126,36,26,1,4135,Upper,4,16,8.7
user_000071,2026-09-04,49.9,1627,92,227,39,2,1,12625,Push,2,14,9.0
user_000071,2026-09-05,49.7,2309,91,367,53,43,5,17122,Push,5,14,6.0
user_000071,2026-09-06,49.6,2107,86,317,55,35,5,13247,Upper,3,7,8.7
user_000071,2026-09-07,49.6,1600,105,205,40,46,2,4064,Push,2,12,6.2
user_000071,2026-09-08,49.5,2060,82,307,56,21,5,14915,Upper,3,8,6.1
user_000071,2026-09-09,49.6,2064,87,312,52,13,3,16760,Pull,1,13,8.4
user_000071,2026-09-10,49.4,1770,90,231,54,20,5,12655,Push,3,7,8.7
user_000071,2026-09-11,49.4,1803,104,223,55,5,2,13756,Push,0,17,6.8
user_000071,2026-09-12,49.5,1554,100,176,50,57,2,3443,Upper,3,19,6.2
user_000071,2026-09-13,49.4,1730,84,245,46,4,5,5781,Legs,5,11,6.9
user_000071,2026-09-14,49.4,2496,84,414,56,54,3,17861,Pull,5,16,7.8
user_000071,2026-09-15,49.2,2191,107,281,71,1,2,15628,Rest,,,6.5
user_000071,2026-09-16,49.3,1965,96,276,53,5,5,13179,Upper,5,12,7.6
user_000071,2026-09-17,49.1,2201,90,323,61,29,4,6748,Rest,,,6.7
user_000071,2026-09-18,48.9,2449,95,371,65,13,2,16747,Upper,3,16,7.0
user_000071,2026-09-19,49.0,2398,98,353,66,23,3,17745,Push,5,10,8.7
user_000071,2026-09-20,48.7,1836,79,254,56,1,3,8963,Push,1,14,5.9
user_000071,2026-09-21,49.0,2409,106,332,73,56,3,11902,Rest,,,8.9
user_000071,2026-09-22,49.3,2085,92,292,61,22,2,4030,Upper,2,10,8.8
user_000071,2026-09-23,49.3,1872,92,241,60,22,4,7433,Push,3,20,6.3
user_000071,2026-09-24,49.5,2215,90,340,55,46,4,4794,Legs,1,15,7.9
user_000071,2026-09-25,49.4,1507,107,182,39,39,2,9760,Pull,5,8,7.3
user_000071,2026-09-26,49.5,2381,88,343,73,54,3,6113,Rest,,,6.5
user_000071,2026-09-27,49.8,2048,94,310,48,39,3,10820,Push,1,9,5.7
user_000071,2026-09-28,50.1,1942,89,293,46,36,2,5377,Legs,5,10,6.5
user_000071,2026-09-29,50.2,2286,107,316,66,35,3,16241,Legs,5,20,5.6
user_000071,2026-09-30,50.4,2020,97,300,48,40,1,10400,Legs,4,17,7.1
user_000071,2026-10-01,50.3,2442,92,397,54,9,5,14086,Pull,3,14,7.3
user_000071,2026-10-02,50.4,2211,82,347,55,8,3,15771,Push,2,8,7.6
user_000071,2026-10-03,50.5,2153,100,319,53,53,1,3021,Push,3,15,7.5
user_000071,2026-10-04,50.3,2700,103,383,84,58,3,17685,Push,2,16,6.1
user_000071,2026-10-05,50.6,2099,100,292,59,41,1,14552,Pull,3,19,6.2
user_000071,2026-10-06,50.6,1920,96,258,56,37,1,5587,Pull,4,9,7.5
user_000071,2026-10-07,50.5,1984,82,288,56,27,2,7306,Push,1,17,6.6
user_000071,2026-10-08,50.5,1607,88,199,51,4,3,4165,Rest,,,8.4
user_000071,2026-10-09,50.5,1867,110,233,55,13,1,3089,Push,2,10,7.8
user_000071,2026-10-10,50.8,1977,86,289,53,16,5,4953,Rest,,,6.9
user_000071,2026-10-11,50.6,2839,106,453,67,39,4,16778,Pull,2,9,5.7
user_000071,2026-10-12,50.9,2107,110,266,67,11,2,11697,Push,1,10,8.1
user_000071,2026-10-13,50.8,2099,95,315,51,38,4,4217,Legs,2,19,5.7
user_000071,2026-10-14,50.6,2307,99,363,51,56,4,11661,Pull,1,16,8.2
user_000071,2026-10-15,50.3,1971,89,289,51,16,3,3519,Push,4,16,6.0
user_000071,2026-10-16,50.5,2056,94,285,60,48,2,3504,Upper,4,7,8.5
user_000071,2026-10-17,50.4,2307,83,325,75,20,3,14976,Push,0,12,7.9
user_000071,2026-10-18,50.4,2061,108,270,61,30,4,7385,Rest,,,6.6
user_000071,2026-10-19,50.7,2025,94,266,65,30,3,7291,Upper,4,19,7.3
user_000071,2026-10-20,51.0,2192,99,314,60,0,1,11788,Push,3,6,6.0
user_000071,2026-10-21,51.2,2060,84,323,48,51,1,11847,Push,3,8,7.7
user_000071,2026-10-22,51.1,2132,93,287,68,43,2,16145,Upper,3,19,8.0
user_000071,2026-10-23,50.9,2282,82,331,70,29,2,17784,Pull,2,12,7.4
user_000071,2026-10-24,51.0,2026,90,268,66,17,2,9251,Pull,0,13,8.0
user_000071,2026-10-25,51.1,1886,101,249,54,45,1,7422,Rest,,,8.9
user_000071,2026-10-26,51.0,2530,105,343,82,38,4,7246,Legs,3,13,8.3
user_000071,2026-10-27,50.8,2333,89,330,73,59,1,17952,Rest,,,5.7
user_000071,2026-10-28,50.5,1961,99,254,61,18,2,9421,Legs,3,7,6.0
user_000071,2026-10-29,50.6,2556,98,397,64,51,5,3593,Upper,1,15,5.7
user_000071,2026-10-30,50.6,2036,100,274,60,31,3,5855,Legs,3,8,8.4
user_000071,2026-10-31,50.8,2525,106,379,65,59,3,5331,Push,5,6,8.8
user_000071,2026-11-01,50.6,1938,111,252,54,13,2,7373,Legs,3,17,8.6
user_000071,2026-11-02,50.9,2415,83,343,79,53,4,13319,Rest,,,8.8
user_000071,2026-11-03,50.8,1850,93,239,58,0,5,8920,Pull,1,9,7.2
user_000071,2026-11-04,51.1,2178,110,295,62,13,1,11519,Upper,0,14,6.0
user_000071,2026-11-05,51.2,2324,88,358,60,28,3,14958,Rest,,,7.9
user_000071,2026-11-06,51.5,1984,100,252,64,5,5,6565,Push,1,10,8.9
user_000071,2026-11-07,51.4,2368,82,339,76,8,1,17055,Push,5,6,6.5
user_000071,2026-11-08,51.7,2775,97,437,71,52,5,14233,Upper,3,15,6.1
user_000071,2026-11-09,51.9,2265,85,353,57,6,2,15350,Pull,5,8,8.8
user_000071,2026-11-10,52.0,2059,85,279,67,21,5,16183,Push,1,9,6.9
user_000071,2026-11-11,51.9,2306,105,341,58,28,3,16245,Upper,0,15,6.0
user_000071,2026-11-12,51.9,2315,96,332,67,47,3,8693,Pull,5,13,8.4
user_000071,2026-11-13,52.2,2127,95,295,63,15,1,8949,Push,0,9,6.3
user_000071,2026-11-14,52.5,2642,111,410,62,51,4,10238,Upper,5,16,7.8
user_000071,2026-11-15,52.4,1931,86,255,63,42,1,12427,Push,1,8,6.5
user_000071,2026-11-16,52.4,1635,114,189,47,17,2,3084,Rest,,,5.8
user_000071,2026-11-17,52.5,2629,105,397,69,36,5,15312,Pull,2,20,5.7
user_000071,2026-11-18,52.5,2465,98,381,61,54,5,15130,Legs,5,9,7.7
user_000071,2026-11-19,52.4,2415,90,390,55,46,3,7128,Rest,,,8.0
user_000071,2026-11-20,52.5,1837,108,214,61,2,1,5475,Pull,2,11,7.2
user_000071,2026-11-21,52.7,1921,99,262,53,19,4,4148,Pull,1,16,8.2
user_000071,2026-11-22,52.8,2220,86,316,68,23,2,4314,Push,0,18,7.8
user_000071,2026-11-23,52.8,2463,94,362,71,40,4,15654,Rest,,,6.8
user_000071,2026-11-24,52.8,2798,104,402,86,59,4,16163,Rest,,,7.0
user_000071,2026-11-25,52.7,2393,100,361,61,27,4,13982,Pull,3,6,7.2
user_000071,2026-11-26,52.7,1991,110,264,55,17,2,12446,Push,4,17,8.9
user_000071,2026-11-27,52.7,2176,86,341,52,4,5,17371,Legs,3,20,6.4
user_000072,2026-07-01,51.7,1847,111,227,55,5,2,17850,Rest,,,6.4
user_000072,2026-07-02,51.6,1396,111,166,32,16,1,8138,Legs,3,15,7.3
user_000072,2026-07-03,51.5,1721,86,225,53,39,1,7857,Rest,,,7.7
user_000072,2026-07-04,51.3,2507,98,396,59,49,4,16136,Pull,4,11,8.3
user_000072,2026-07-05,51.4,2053,106,297,49,35,3,14905,Legs,3,7,9.0
user_000072,2026-07-06,51.5,1708,87,241,44,57,2,3760,Pull,1,7,6.1
user_000072,2026-07-07,51.7,2217,87,312,69,49,4,8890,Upper,3,9,8.5
user_000072,2026-07-08,51.6,1546,95,179,50,5,4,4977,Upper,4,12,6.4
user_000072,2026-07-09,51.9,1976,97,289,48,31,1,17601,Legs,1,14,7.9
user_000072,2026-07-10,51.7,1893,84,270,53,48,1,6811,Push,4,15,5.6
user_000072,2026-07-11,51.6,1595,92,219,39,11,1,8575,Push,0,10,6.5
user_000072,2026-07-12,51.8,1667,82,238,43,41,3,4304,Rest,,,7.1
user_000072,2026-07-13,51.9,1441,101,158,45,13,2,4428,Upper,0,13,6.0
user_000072,2026-07-14,51.8,2170,92,338,50,51,5,7822,Upper,0,18,8.2
user_000072,2026-07-15,52.0,1680,101,220,44,32,2,4101,Rest,,,6.8
user_000072,2026-07-16,52.2,1932,111,228,64,7,3,16330,Rest,,,8.9
user_000072,2026-07-17,52.3,2046,90,309,50,48,4,6662,Legs,2,20,8.9
user_000072,2026-07-18,52.5,1664,99,200,52,34,2,3865,Legs,4,15,6.2
user_000072,2026-07-19,52.7,2122,84,307,62,47,3,4192,Rest,,,5.6
user_000072,2026-07-20,52.5,1799,115,211,55,22,1,11600,Legs,1,6,7.8
user_000072,2026-07-21,52.6,2033,95,276,61,48,1,17920,Pull,0,14,7.4
user_000072,2026-07-22,52.8,1845,100,269,41,42,1,12076,Legs,1,15,6.6
user_000072,2026-07-23,52.9,1572,95,199,44,60,1,4153,Rest,,,8.0
user_000072,2026-07-24,53.1,2435,105,335,75,44,5,16902,Pull,0,14,7.0
user_000072,2026-07-25,53.2,2160,104,292,64,34,3,13915,Rest,,,8.0
user_000072,2026-07-26,53.1,2202,96,342,50,13,3,14225,Pull,2,18,6.6
user_000072,2026-07-27,53.0,1527,93,183,47,1,3,4757,Pull,1,18,6.4
user_000072,2026-07-28,52.9,2846,106,412,86,52,5,15337,Rest,,,7.8
user_000072,2026-07-29,52.6,1839,114,222,55,37,3,5308,Upper,5,15,7.3
user_000072,2026-07-30,52.8,1384,95,170,36,6,1,4629,Push,1,16,7.0
user_000072,2026-07-31,52.9,2329,94,360,57,57,4,13706,Legs,2,9,8.2
user_000072,2026-08-01,53.0,2205,113,310,57,57,4,3799,Pull,2,15,7.9
user_000072,2026-08-02,52.9,2154,100,299,62,56,3,15707,Upper,3,11,6.2
user_000072,2026-08-03,52.8,2275,95,350,55,38,1,16864,Upper,2,9,7.9
user_000072,2026-08-04,53.1,1755,85,248,47,4,2,7155,Push,2,7,8.8
user_000072,2026-08-05,52.9,1867,110,224,59,43,2,7304,Pull,2,20,5.6
user_000072,2026-08-06,52.8,1541,116,159,49,27,1,5136,Legs,4,12,8.6
user_000072,2026-08-07,52.6,2070,108,270,62,51,3,9966,Legs,0,19,6.5
user_000072,2026-08-08,52.9,2268,106,326,60,45,3,17215,Upper,5,16,6.1
user_000072,2026-08-09,52.8,2192,93,320,60,6,4,17269,Push,3,19,8.8
user_000072,2026-08-10,52.9,2045,112,253,65,43,3,15458,Rest,,,7.7
user_000072,2026-08-11,53.0,1819,86,245,55,32,4,3082,Push,2,20,5.6
user_000072,2026-08-12,53.1,1591,101,218,35,9,3,3938,Push,3,10,6.9
user_000072,2026-08-13,53.0,1937,87,287,49,31,4,13226,Push,3,17,6.1
user_000072,2026-08-14,53.2,1946,115,232,62,14,3,17556,Legs,1,14,6.9
user_000072,2026-08-15,53.0,1956,99,291,44,43,1,14082,Pull,3,17,5.5
user_000072,2026-08-16,52.8,1991,114,242,63,30,2,16463,Push,3,16,6.3
user_000072,2026-08-17,52.6,1837,91,249,53,28,3,7151,Rest,,,5.6
user_000072,2026-08-18,52.8,1408,94,168,40,0,4,5496,Push,0,14,8.3
user_000072,2026-08-19,52.9,1842,88,251,54,13,2,14321,Rest,,,6.8
user_000072,2026-08-20,53.1,2148,104,316,52,16,4,12189,Upper,0,17,8.0
user_000072,2026-08-21,53.0,2038,108,298,46,15,5,11961,Rest,,,6.0
user_000072,2026-08-22,53.1,1897,93,271,49,7,1,15191,Rest,,,5.7
user_000072,2026-08-23,53.1,1876,97,237,60,12,5,6078,Pull,1,14,6.2
user_000072,2026-08-24,53.2,2262,99,300,74,54,4,15093,Rest,,,6.2
user_000072,2026-08-25,53.2,1776,97,221,56,50,1,8025,Upper,0,14,6.5
user_000072,2026-08-26,53.4,2549,101,390,65,49,5,9546,Legs,1,7,6.5
user_000072,2026-08-27,53.2,1963,116,269,47,20,2,5253,Push,2,13,8.5
user_000072,2026-08-28,53.1,1810,100,258,42,24,5,3078,Push,1,13,6.9
user_000072,2026-08-29,53.0,2061,103,284,57,17,5,9334,Pull,5,18,8.2
user_000072,2026-08-30,53.0,1753,106,222,49,5,5,14687,Legs,0,17,8.5
user_000072,2026-08-31,52.9,1746,98,235,46,29,1,8642,Pull,0,11,7.6
user_000072,2026-09-01,52.7,2106,86,319,54,53,2,11970,Legs,0,17,8.7
user_000072,2026-09-02,52.9,2051,97,292,55,24,5,6971,Upper,4,6,6.8
user_000072,2026-09-03,52.9,1969,101,281,49,25,4,7517,Upper,4,19,8.1
user_000072,2026-09-04,53.0,1736,90,218,56,0,2,11487,Push,5,17,8.5
user_000072,2026-09-05,53.0,2390,112,355,58,59,1,16208,Push,2,9,8.9
user_000072,2026-09-06,53.2,1756,86,245,48,44,4,3132,Pull,0,9,5.6
user_000072,2026-09-07,53.1,1904,92,276,48,28,3,9110,Rest,,,8.4
user_000072,2026-09-08,52.9,1983,105,258,59,6,2,8813,Rest,,,8.7
user_000072,2026-09-09,53.0,2187,88,308,67,28,4,15780,Upper,5,6,8.2
user_000072,2026-09-10,52.9,2020,114,247,64,16,2,7081,Upper,0,20,7.9
user_000072,2026-09-11,53.2,2206,102,337,50,31,3,17310,Legs,5,6,7.9
user_000072,2026-09-12,53.5,2595,100,371,79,49,5,11777,Pull,4,8,8.8
user_000072,2026-09-13,53.5,1743,107,223,47,13,5,7360,Legs,0,13,6.7
user_000072,2026-09-14,53.4,1832,91,250,52,26,1,14110,Rest,,,7.5
user_000072,2026-09-15,53.0,1744,98,230,48,60,1,11445,Rest,,,5.8
user_000072,2026-09-16,53.3,1862,108,263,42,2,1,11585,Upper,2,14,5.8
user_000072,2026-09-17,53.2,1709,92,216,53,11,5,6426,Upper,1,13,8.8
user_000072,2026-09-18,53.1,1671,96,216,47,37,1,4204,Rest,,,8.6
user_000072,2026-09-19,53.1,2182,106,291,66,55,3,8603,Rest,,,6.3
user_000072,2026-09-20,52.9,1575,102,204,39,14,3,6466,Push,2,9,6.2
user_000072,2026-09-21,53.0,2178,91,314,62,29,3,14388,Upper,1,18,6.1
user_000072,2026-09-22,53.2,1930,113,257,50,47,4,3753,Pull,2,13,8.3
user_000072,2026-09-23,53.5,1890,113,265,42,20,5,4010,Push,3,19,6.3
user_000072,2026-09-24,53.6,1848,107,256,44,36,2,5305,Rest,,,6.1
user_000072,2026-09-25,53.6,2594,90,374,82,54,5,12437,Pull,4,19,7.0
user_000072,2026-09-26,53.7,2117,89,312,57,38,3,11560,Push,1,18,6.9
user_000072,2026-09-27,53.6,1974,97,284,50,32,1,15924,Push,4,17,6.9
user_000072,2026-09-28,53.8,1587,87,231,35,47,2,5030,Legs,0,11,6.6
user_000072,2026-09-29,53.6,2194,109,282,70,25,5,14716,Rest,,,5.9
user_000072,2026-09-30,53.8,1730,115,214,46,45,1,16011,Upper,1,15,6.7
user_000072,2026-10-01,54.0,1856,87,251,56,52,1,3260,Legs,5,16,8.9
user_000072,2026-10-02,54.0,2410,117,328,70,41,4,17139,Rest,,,6.6
user_000072,2026-10-03,54.3,1733,99,215,53,21,1,5602,Legs,3,18,7.3
user_000072,2026-10-04,54.2,1466,100,163,46,42,1,5008,Push,0,7,6.2
user_000072,2026-10-05,54.2,2120,116,297,52,12,5,7782,Push,2,16,6.1
user_000072,2026-10-06,54.2,1983,108,273,51,28,5,5059,Push,2,12,7.9
user_000072,2026-10-07,54.5,2111,93,320,51,28,5,9734,Legs,5,11,8.9
user_000072,2026-10-08,54.4,1736,89,219,56,19,3,10265,Push,1,11,6.8
user_000072,2026-10-09,54.3,2091,94,323,47,19,3,14323,Push,3,15,8.8
user_000072,2026-10-10,54.5,1888,116,239,52,14,3,12361,Push,5,18,6.8
user_000072,2026-10-11,54.4,2019,104,286,51,51,3,14286,Upper,0,18,8.4
user_000072,2026-10-12,54.7,1956,93,288,48,0,2,15692,Upper,3,11,8.5
user_000072,2026-10-13,54.4,1806,94,245,50,28,3,10783,Upper,0,16,5.7
user_000072,2026-10-14,54.5,1908,89,289,44,51,1,16299,Push,2,9,8.2
user_000072,2026-10-15,54.4,1703,113,189,55,22,3,4132,Legs,5,19,8.5
user_000072,2026-10-16,54.1,1652,102,212,44,7,1,5343,Upper,1,11,5.7
user_000072,2026-10-17,54.0,2117,114,278,61,33,5,3750,Push,3,6,7.4
user_000072,2026-10-18,54.2,2379,87,348,71,39,4,8059,Push,4,7,6.3
user_000072,2026-10-19,54.2,1778,102,239,46,38,4,7655,Legs,3,6,6.1
user_000072,2026-10-20,54.0,1854,114,228,54,42,1,10703,Rest,,,6.1
user_000072,2026-10-21,53.8,2442,112,323,78,36,5,15386,Pull,3,20,6.8
user_000072,2026-10-22,53.9,1880,87,257,56,36,5,9713,Upper,4,13,7.5
user_000072,2026-10-23,53.9,1584,114,165,52,4,1,10708,Upper,0,10,6.3
user_000072,2026-10-24,54.2,1951,99,265,55,16,5,9824,Legs,1,20,7.4
user_000072,2026-10-25,54.2,1643,114,200,43,2,1,14336,Push,4,19,7.2
user_000072,2026-10-26,54.2,1354,94,177,30,4,1,5137,Legs,3,16,7.8
user_000072,2026-10-27,54.3,2154,111,315,50,37,4,16814,Legs,3,16,6.9
user_000072,2026-10-28,54.6,1657,101,194,53,13,3,6293,Rest,,,7.8
user_000072,2026-10-29,54.7,1550,96,206,38,14,3,4945,Legs,2,19,6.5
user_000072,2026-10-30,54.7,2032,114,268,56,58,4,9241,Legs,2,8,5.6
user_000072,2026-10-31,54.6,1788,103,254,40,1,2,4690,Upper,4,7,5.8
user_000072,2026-11-01,54.4,1825,88,240,57,41,4,4315,Pull,5,8,8.6
user_000072,2026-11-02,54.4,2259,100,332,59,58,5,4447,Pull,3,8,8.9
user_000072,2026-11-03,54.7,1875,114,258,43,14,2,12634,Pull,1,11,8.0
user_000072,2026-11-04,54.5,2113,120,298,49,28,2,17580,Rest,,,8.0
user_000072,2026-11-05,54.7,1362,100,155,38,16,1,5122,Pull,4,6,7.3
user_000072,2026-11-06,54.7,1708,94,243,40,39,3,3960,Pull,4,16,8.1
user_000072,2026-11-07,55.0,1822,110,242,46,9,2,12236,Legs,1,10,7.3
user_000072,2026-11-08,55.2,2362,89,335,74,56,4,17546,Pull,0,19,6.8
user_000072,2026-11-09,55.4,1917,119,223,61,43,3,8930,Rest,,,6.9
user_000072,2026-11-10,55.4,2142,89,325,54,46,1,15711,Push,4,12,8.1
user_000072,2026-11-11,55.3,1720,101,203,56,42,3,8908,Legs,0,13,7.6
user_000072,2026-11-12,55.4,1710,116,190,54,54,1,5691,Push,4,12,8.7
user_000072,2026-11-13,55.7,1855,90,277,43,52,1,3760,Rest,,,5.8
user_000072,2026-11-14,55.4,2745,95,445,65,57,5,17633,Upper,0,11,7.8
user_000072,2026-11-15,55.6,1828,113,227,52,19,5,13475,Legs,5,9,7.6
user_000072,2026-11-16,55.6,1663,108,220,39,34,1,10653,Legs,5,20,7.0
user_000072,2026-11-17,55.3,1637,90,236,37,0,1,8567,Legs,0,15,8.2
user_000072,2026-11-18,55.2,1944,97,263,56,47,3,5492,Legs,3,20,7.5
user_000072,2026-11-19,54.9,2357,99,353,61,56,5,3671,Rest,,,6.8
user_000072,2026-11-20,55.0,2110,91,324,50,28,5,6686,Rest,,,7.5
user_000072,2026-11-21,55.1,1714,103,231,42,22,1,15367,Legs,1,8,7.5
user_000072,2026-11-22,54.9,1605,118,182,45,11,2,10083,Upper,2,6,6.1
user_000072,2026-11-23,54.6,1804,105,238,48,26,3,10623,Rest,,,8.4
user_000072,2026-11-24,54.3,2275,111,307,67,46,4,13255,Push,2,6,7.2
user_000072,2026-11-25,54.1,1538,117,155,50,2,2,5373,Pull,0,7,5.6
user_000072,2026-11-26,53.8,1525,102,169,49,46,3,8096,Upper,1,16,7.4
user_000072,2026-11-27,53.9,2179,99,313,59,58,2,12236,Push,1,18,7.2
user_000073,2026-07-01,51.4,1413,109,143,45,28,1,17010,Rest,,,6.9
user_000073,2026-07-02,51.6,1343,104,162,31,10,4,12263,Upper,0,14,7.8
user_000073,2026-07-03,51.7,1092,95,106,32,32,2,3038,Upper,3,12,7.7
user_000073,2026-07-04,51.6,1512,109,170,44,27,4,11744,Legs,1,12,7.9
user_000073,2026-07-05,51.7,1588,108,208,36,58,2,17166,Legs,4,14,7.2
user_000073,2026-07-06,51.4,1645,89,239,37,39,4,9194,Push,4,7,5.7
user_000073,2026-07-07,51.2,1570,86,194,50,16,5,16279,Upper,1,7,7.5
user_000073,2026-07-08,51.1,1641,89,238,37,50,3,16894,Legs,3,12,5.9
user_000073,2026-07-09,51.0,1086,107,97,30,10,1,9197,Legs,2,19,8.0
user_000073,2026-07-10,51.2,1703,83,228,51,58,5,4139,Legs,4,19,5.9
user_000073,2026-07-11,51.0,1551,88,221,35,57,3,8259,Legs,1,8,8.7
user_000073,2026-07-12,51.1,1084,82,126,28,0,5,4314,Legs,0,16,6.4
user_000073,2026-07-13,50.9,1274,83,141,42,38,2,5104,Upper,5,8,7.0
user_000073,2026-07-14,51.1,1660,105,220,40,24,3,11794,Upper,5,9,5.6
user_000073,2026-07-15,51.2,1149,87,126,33,31,1,3288,Rest,,,7.0
user_000073,2026-07-16,51.0,1349,102,152,37,7,3,17752,Upper,1,17,6.8
user_000073,2026-07-17,50.9,1431,97,173,39,15,2,10496,Push,0,14,7.1
user_000073,2026-07-18,50.9,1212,93,147,28,56,1,13601,Push,2,17,7.6
user_000073,2026-07-19,50.9,1608,101,220,36,29,4,14749,Legs,4,9,5.8
user_000073,2026-07-20,51.0,1310,104,156,30,19,1,8143,Upper,5,18,6.6
user_000073,2026-07-21,50.9,1526,83,186,50,41,3,15800,Upper,2,6,6.3
user_000073,2026-07-22,50.7,1498,98,191,38,47,4,13133,Upper,3,8,8.9
user_000073,2026-07-23,50.6,1521,107,172,45,30,4,7102,Pull,4,19,7.4
user_000073,2026-07-24,50.6,1249,104,125,37,10,4,9642,Pull,1,12,5.8
user_000073,2026-07-25,50.7,1391,81,197,31,39,2,14855,Push,0,9,8.0
user_000073,2026-07-26,50.7,1183,95,122,35,27,1,5542,Push,0,11,6.3
user_000073,2026-07-27,50.7,1711,94,237,43,51,3,13957,Legs,2,8,7.0
user_000073,2026-07-28,50.4,1730,90,239,46,46,5,7260,Rest,,,7.8
user_000073,2026-07-29,50.3,1283,102,131,39,35,3,7706,Legs,5,9,8.2
user_000073,2026-07-30,50.3,1406,88,178,38,33,5,6309,Push,1,12,6.5
user_000073,2026-07-31,50.1,1080,101,106,28,13,1,3055,Legs,0,11,7.8
user_000073,2026-08-01,50.1,1354,109,135,42,12,5,16259,Push,3,19,6.5
user_000073,2026-08-02,50.2,1140,98,106,36,14,2,7215,Push,5,19,7.9
user_000073,2026-08-03,50.4,1786,92,233,54,48,4,17729,Pull,0,16,7.5
user_000073,2026-08-04,50.6,1523,83,210,39,54,4,9403,Legs,0,18,5.6
user_000073,2026-08-05,50.4,1531,108,178,43,47,3,9279,Push,0,16,6.7
user_000073,2026-08-06,50.2,1090,89,116,30,2,2,4402,Pull,5,17,7.3
user_000073,2026-08-07,50.5,1471,93,196,35,53,2,17695,Legs,1,15,6.5
user_000073,2026-08-08,50.6,1215,82,143,35,41,1,5883,Push,1,6,7.7
user_000073,2026-08-09,50.8,1699,99,238,39,34,4,15050,Legs,3,13,7.4
user_000073,2026-08-10,50.5,1434,102,153,46,13,1,13487,Rest,,,7.9
user_000073,2026-08-11,50.3,1082,100,103,30,5,5,3441,Pull,0,19,7.4
user_000073,2026-08-12,50.4,1403,88,184,35,32,2,9601,Push,5,11,6.8
user_000073,2026-08-13,50.5,1269,108,135,33,6,4,13145,Pull,3,6,8.4
user_000073,2026-08-14,50.4,1785,108,237,45,37,3,13768,Legs,2,19,8.8
user_000073,2026-08-15,50.5,1191,92,118,39,4,1,6435,Rest,,,6.0
user_000073,2026-08-16,50.1,1761,90,240,49,45,5,4365,Legs,5,12,7.2
user_000073,2026-08-17,50.1,1555,89,203,43,38,3,7080,Pull,0,13,7.0
user_000073,2026-08-18,50.1,1364,81,179,36,28,4,4668,Legs,1,18,6.5
user_000073,2026-08-19,50.3,1298,82,148,42,5,1,16897,Rest,,,6.9
user_000073,2026-08-20,50.2,1375,91,156,43,30,1,16267,Upper,0,10,8.8
user_000073,2026-08-21,50.4,1320,103,155,32,8,5,5875,Legs,5,11,6.5
user_000073,2026-08-22,50.5,1549,82,213,41,23,2,13572,Legs,4,17,8.7
user_000073,2026-08-23,50.2,1083,106,95,31,28,1,9784,Rest,,,7.9
user_000073,2026-08-24,50.3,1641,105,195,49,45,3,12954,Upper,2,18,6.0
user_000073,2026-08-25,50.2,1081,106,99,29,25,1,8314,Rest,,,5.9
user_000073,2026-08-26,50.4,1282,101,143,34,17,4,14844,Upper,1,12,7.3
user_000073,2026-08-27,50.3,1123,99,121,27,4,4,9230,Pull,5,20,6.5
user_000073,2026-08-28,50.2,1757,96,224,53,31,3,17556,Push,2,20,8.9
user_000073,2026-08-29,49.8,1293,102,147,33,47,5,11850,Upper,3,15,7.3
user_000073,2026-08-30,49.5,1428,82,203,32,15,4,8146,Upper,1,7,8.6
user_000073,2026-08-31,49.4,1423,104,146,47,35,4,9104,Rest,,,6.8
user_000073,2026-09-01,49.3,1431,87,192,35,26,3,13630,Rest,,,6.8
user_000073,2026-09-02,49.5,1073,86,117,29,5,1,5115,Push,4,19,7.4
user_000073,2026-09-03,49.3,1315,96,145,39,38,1,12483,Legs,2,16,6.1
user_000073,2026-09-04,49.5,1503,99,180,43,34,5,9861,Rest,,,5.9
user_000073,2026-09-05,49.6,1649,81,239,41,58,4,9119,Upper,1,15,6.5
user_000073,2026-09-06,49.3,1423,108,169,35,33,4,17287,Push,2,19,7.0
user_000073,2026-09-07,49.4,1231,88,132,39,28,1,6947,Push,1,19,5.7
user_000073,2026-09-08,49.5,1595,93,200,47,25,5,10390,Pull,2,20,8.6
user_000073,2026-09-09,49.5,1817,91,244,53,39,5,14636,Upper,0,19,6.9
user_000073,2026-09-10,49.3,1074,101,91,34,27,1,6751,Rest,,,8.6
user_000073,2026-09-11,49.4,1373,81,161,45,45,3,15460,Pull,0,14,6.9
user_000073,2026-09-12,49.0,1073,106,88,33,16,1,10212,Push,4,17,8.0
user_000073,2026-09-13,49.2,1116,95,103,36,21,1,9040,Pull,3,6,8.2
user_000073,2026-09-14,49.1,1391,106,145,43,28,1,17101,Legs,3,18,7.3
user_000073,2026-09-15,49.3,1544,100,205,36,39,3,16978,Push,1,15,9.0
user_000073,2026-09-16,49.5,1605,93,216,41,58,3,11745,Upper,5,10,5.9
user_000073,2026-09-17,49.4,1750,90,253,42,35,2,16357,Pull,1,7,7.2
user_000073,2026-09-18,49.1,1154,99,131,26,52,1,4175,Push,2,7,7.2
user_000073,2026-09-19,49.0,1384,95,179,32,45,2,5601,Upper,2,6,6.7
user_000073,2026-09-20,49.0,1613,89,213,45,25,3,14332,Pull,0,18,6.1
user_000073,2026-09-21,48.8,1454,88,172,46,54,2,5884,Rest,,,7.1
user_000073,2026-09-22,48.6,1731,81,255,43,49,2,12222,Rest,,,7.3
user_000073,2026-09-23,48.8,1340,94,169,32,55,1,10655,Pull,4,7,7.7
user_000073,2026-09-24,49.0,1229,91,133,37,6,1,5456,Push,4,19,8.1
user_000073,2026-09-25,48.9,1484,103,160,48,21,4,4929,Pull,5,12,5.9
user_000073,2026-09-26,48.9,1679,87,236,43,20,4,9153,Legs,4,10,8.4
user_000073,2026-09-27,49.0,1494,79,200,42,39,3,3946,Upper,1,15,7.3
user_000073,2026-09-28,48.8,1673,84,224,49,17,2,9883,Push,1,16,7.5
user_000073,2026-09-29,48.7,1236,100,137,32,11,4,8957,Legs,3,16,6.9
user_000073,2026-09-30,48.8,1514,81,221,34,17,3,12208,Rest,,,8.4
user_000073,2026-10-01,48.7,2158,91,327,54,37,4,5680,Upper,2,7,5.7
user_000073,2026-10-02,48.9,2261,78,350,61,51,5,12491,Rest,,,7.6
user_000073,2026-10-03,48.7,1554,88,206,42,11,5,10077,Push,5,20,7.1
user_000073,2026-10-04,48.5,1459,105,163,43,49,1,4401,Upper,3,11,7.3
user_000073,2026-10-05,48.3,1984,90,262,64,51,5,14388,Legs,1,13,7.6
user_000073,2026-10-06,48.1,1802,86,270,42,29,5,16182,Push,3,9,5.8
user_000073,2026-10-07,47.8,1568,98,186,48,3,2,14206,Push,4,19,8.7
user_000073,2026-10-08,47.5,1416,100,182,32,0,1,13661,Push,5,16,6.9
user_000073,2026-10-09,47.3,1055,95,99,31,15,2,3946,Legs,4,19,8.3
user_000073,2026-10-10,47.2,1548,75,231,36,9,5,6574,Upper,1,14,6.5
user_000073,2026-10-11,47.1,1931,87,290,47,29,5,17521,Pull,5,18,8.1
user_000073,2026-10-12,46.9,1184,81,152,28,32,1,4505,Upper,1,12,5.7
user_000073,2026-10-13,47.1,1703,79,241,47,30,4,5272,Rest,,,7.6
user_000073,2026-10-14,47.1,1476,78,201,40,26,4,8824,Legs,1,20,8.0
user_000073,2026-10-15,46.8,1352,75,182,36,39,2,6431,Pull,5,16,8.1
user_000073,2026-10-16,46.8,1790,87,266,42,43,2,14029,Pull,2,12,8.8
user_000073,2026-10-17,46.7,1787,76,247,55,48,3,11648,Pull,5,18,5.9
user_000073,2026-10-18,46.7,1179,86,139,31,0,2,3956,Rest,,,6.4
user_000073,2026-10-19,46.5,1277,96,149,33,32,1,13214,Rest,,,6.0
user_000073,2026-10-20,46.3,1889,101,270,45,21,5,15026,Pull,0,16,7.8
user_000073,2026-10-21,46.2,1670,76,229,50,49,2,13519,Push,0,16,8.7
user_000073,2026-10-22,46.4,1992,86,295,52,41,5,13212,Rest,,,8.4
user_000073,2026-10-23,46.5,1968,82,302,48,55,2,14556,Rest,,,6.1
user_000073,2026-10-24,46.4,2279,89,330,67,50,4,15729,Legs,1,10,7.4
user_000073,2026-10-25,46.0,1375,97,168,35,21,5,6739,Pull,4,16,6.7
user_000073,2026-10-26,46.0,1264,98,128,40,13,1,9409,Upper,2,16,5.8
user_000073,2026-10-27,45.7,1236,77,169,28,33,1,4640,Rest,,,6.2
user_000073,2026-10-28,45.8,1474,92,182,42,10,3,11300,Pull,2,6,7.7
user_000073,2026-10-29,45.8,1559,83,228,35,2,4,12410,Pull,4,9,8.7
user_000073,2026-10-30,45.9,1412,84,197,32,39,2,7712,Push,3,14,6.9
user_000073,2026-10-31,45.6,1924,93,289,44,43,4,17702,Pull,5,16,8.2
user_000073,2026-11-01,45.6,1820,78,251,56,35,4,6651,Pull,2,15,8.6
user_000073,2026-11-02,45.4,1440,90,180,40,26,2,9430,Rest,,,5.8
user_000073,2026-11-03,45.6,1448,77,204,36,6,2,13903,Legs,5,16,6.5
user_000073,2026-11-04,45.4,1486,74,212,38,31,3,6483,Push,3,11,5.9
user_000073,2026-11-05,45.6,1614,94,197,50,16,2,16404,Pull,2,12,6.7
user_000073,2026-11-06,45.4,1698,86,235,46,40,1,12786,Pull,0,8,6.9
user_000073,2026-11-07,45.3,1253,88,142,37,32,3,4387,Upper,2,20,8.9
user_000073,2026-11-08,45.3,1245,84,162,29,23,2,3422,Rest,,,5.8
user_000073,2026-11-09,45.6,1360,86,182,32,19,4,4615,Rest,,,6.5
user_000073,2026-11-10,45.5,1199,95,117,39,1,1,12957,Rest,,,5.6
user_000073,2026-11-11,45.3,2183,98,315,59,56,4,4723,Push,0,7,6.2
user_000073,2026-11-12,45.1,1695,92,208,55,4,4,7286,Rest,,,8.3
user_000073,2026-11-13,45.4,1761,76,245,53,8,4,7300,Upper,3,12,8.8
user_000073,2026-11-14,45.2,2009,88,286,57,2,5,6278,Pull,0,6,6.7
user_000073,2026-11-15,45.2,1941,88,296,45,18,5,11269,Rest,,,9.0
user_000073,2026-11-16,45.0,1958,92,267,58,57,1,10681,Legs,4,19,6.4
user_000073,2026-11-17,44.8,2009,94,271,61,9,5,11379,Upper,5,12,5.8
user_000073,2026-11-18,45.1,1948,92,269,56,28,3,13510,Pull,1,9,8.1
user_000073,2026-11-19,45.0,1855,73,267,55,29,4,11171,Upper,2,18,5.6
user_000073,2026-11-20,44.8,1694,73,229,54,15,2,4392,Upper,3,20,6.3
user_000073,2026-11-21,45.0,1918,98,242,62,48,1,9734,Legs,0,6,8.0
user_000073,2026-11-22,45.1,1607,73,214,51,6,3,13953,Upper,1,13,8.0
user_000073,2026-11-23,44.9,1976,80,315,44,21,4,15124,Push,2,12,6.4
user_000073,2026-11-24,44.8,2561,86,381,77,57,5,8990,Rest,,,5.5
user_000073,2026-11-25,45.0,1778,72,269,46,19,1,7648,Push,0,17,6.9
user_000073,2026-11-26,45.2,1803,83,271,43,40,2,7125,Upper,1,10,8.7
user_000073,2026-11-27,44.9,2391,91,383,55,38,4,16018,Rest,,,8.7
user_000074,2026-07-01,51.4,1617,94,227,37,13,5,4376,Upper,0,19,6.4
user_000074,2026-07-02,51.3,1828,85,246,56,37,3,9534,Rest,,,8.7
user_000074,2026-07-03,51.0,2160,93,339,48,56,4,12568,Upper,3,20,6.9
user_000074,2026-07-04,50.7,1545,105,198,37,29,1,4981,Upper,0,6,6.4
user_000074,2026-07-05,50.9,1728,93,222,52,25,1,8045,Upper,2,18,7.9
user_000074,2026-07-06,50.9,1825,91,255,49,30,1,17614,Rest,,,5.5
user_000074,2026-07-07,51.1,2072,104,288,56,47,5,5733,Legs,4,15,8.1
user_000074,2026-07-08,51.1,2158,94,324,54,40,5,4766,Rest,,,6.4
user_000074,2026-07-09,51.3,1889,85,259,57,31,2,12145,Legs,2,18,7.3
user_000074,2026-07-10,51.6,1744,89,248,44,13,1,12011,Legs,4,9,8.9
user_000074,2026-07-11,51.9,1976,100,295,44,48,4,3654,Legs,4,9,7.2
user_000074,2026-07-12,52.1,1647,88,236,39,14,3,3896,Legs,3,13,5.6
user_000074,2026-07-13,52.2,1683,108,207,47,12,5,10916,Upper,0,17,7.6
user_000074,2026-07-14,52.4,2198,101,309,62,40,4,14585,Legs,1,14,6.4
user_000074,2026-07-15,52.6,2037,97,284,57,38,2,17658,Pull,5,17,8.7
user_000074,2026-07-16,52.7,1856,93,263,48,32,2,17556,Pull,1,15,7.3
user_000074,2026-07-17,52.8,2019,106,266,59,26,5,6161,Legs,0,13,7.9
user_000074,2026-07-18,52.9,1861,90,265,49,10,2,12555,Push,4,14,6.2
user_000074,2026-07-19,52.9,2219,93,347,51,38,4,15331,Pull,0,11,6.8
user_000074,2026-07-20,52.7,1662,103,218,42,8,5,10382,Legs,2,13,6.6
user_000074,2026-07-21,52.7,2181,108,327,49,33,3,16192,Upper,0,11,8.8
user_000074,2026-07-22,52.4,1668,88,212,52,3,1,7878,Rest,,,7.5
user_000074,2026-07-23,52.5,1723,103,213,51,5,2,10909,Push,0,12,7.4
user_000074,2026-07-24,52.5,1888,94,261,52,26,5,10122,Push,1,18,7.5
user_000074,2026-07-25,52.2,1441,88,171,45,1,2,12256,Pull,0,9,8.4
user_000074,2026-07-26,52.0,2282,103,346,54,36,4,15560,Rest,,,7.2
user_000074,2026-07-27,51.8,1713,108,219,45,30,3,4130,Legs,2,12,8.6
user_000074,2026-07-28,51.9,1834,99,265,42,14,4,15763,Legs,0,10,8.2
user_000074,2026-07-29,52.0,1997,96,293,49,23,5,6877,Pull,3,9,5.9
user_000074,2026-07-30,52.1,1791,84,258,47,2,1,15131,Rest,,,5.7
user_000074,2026-07-31,52.0,2050,87,286,62,50,1,10394,Rest,,,8.7
user_000074,2026-08-01,51.8,2042,83,306,54,54,5,6229,Upper,1,7,8.2
user_000074,2026-08-02,52.0,1464,105,189,32,37,2,11196,Rest,,,7.6
user_000074,2026-08-03,52.0,1787,101,249,43,30,3,8575,Pull,4,16,6.8
user_000074,2026-08-04,52.1,1826,105,257,42,23,4,8688,Pull,5,15,8.0
user_000074,2026-08-05,52.2,2266,96,331,62,55,5,3426,Push,1,19,6.5
user_000074,2026-08-06,52.1,1805,87,272,41,58,1,17344,Rest,,,8.5
user_000074,2026-08-07,52.4,1192,93,142,28,28,2,4574,Rest,,,6.1
user_000074,2026-08-08,52.6,2049,90,294,57,26,2,12162,Rest,,,7.0
user_000074,2026-08-09,52.3,1671,110,193,51,9,2,8177,Push,0,18,8.3
user_000074,2026-08-10,52.4,1957,86,284,53,4,4,13853,Legs,3,14,5.6
user_000074,2026-08-11,52.6,1967,101,258,59,20,1,12525,Upper,4,17,6.0
user_000074,2026-08-12,52.5,2368,85,345,72,46,3,12753,Legs,1,18,7.4
user_000074,2026-08-13,52.5,2120,103,319,48,38,4,7008,Rest,,,8.8
user_000074,2026-08-14,52.7,1639,89,206,51,5,2,3903,Upper,2,20,8.7
user_000074,2026-08-15,52.7,2184,106,278,72,30,4,17474,Upper,0,13,7.9
user_000074,2026-08-16,52.6,2047,95,275,63,16,1,10622,Rest,,,8.1
user_000074,2026-08-17,52.8,1824,84,273,44,18,3,11344,Push,4,11,8.1
user_000074,2026-08-18,53.0,2004,98,295,48,55,1,17381,Legs,2,20,6.2
user_000074,2026-08-19,52.7,1771,85,234,55,20,5,6957,Pull,1,19,8.2
user_000074,2026-08-20,53.0,2125,105,289,61,54,3,12964,Upper,0,8,6.0
user_000074,2026-08-21,53.3,2131,107,284,63,7,3,10001,Pull,2,14,7.0
user_000074,2026-08-22,53.2,1902,97,257,54,16,2,12417,Upper,1,17,5.6
user_000074,2026-08-23,53.0,1974,86,277,58,43,3,14650,Pull,5,13,6.8
user_000074,2026-08-24,52.9,1719,91,224,51,10,2,10976,Push,2,9,5.5
user_000074,2026-08-25,53.0,1694,102,218,46,3,4,8913,Legs,1,12,8.7
user_000074,2026-08-26,53.2,1794,87,249,50,6,2,17363,Upper,1,16,6.4
user_000074,2026-08-27,52.9,2039,98,261,67,0,2,16876,Rest,,,7.7
user_000074,2026-08-28,52.7,2082,95,313,50,44,3,7835,Rest,,,5.8
user_000074,2026-08-29,52.9,1775,104,225,51,9,2,12233,Legs,1,6,9.0
user_000074,2026-08-30,52.7,2284,85,333,68,51,2,12884,Rest,,,8.0
user_000074,2026-08-31,52.9,1889,112,250,49,11,1,17706,Upper,1,19,8.5
user_000074,2026-09-01,52.7,1817,103,259,41,4,4,15742,Upper,4,17,7.7
user_000074,2026-09-02,52.9,2294,97,310,74,49,4,16148,Rest,,,5.7
user_000074,2026-09-03,53.1,2055,101,289,55,0,3,12953,Rest,,,8.5
user_000074,2026-09-04,52.9,1901,84,254,61,18,4,8303,Pull,4,18,8.5
user_000074,2026-09-05,52.7,2267,95,312,71,28,5,16194,Push,0,14,8.8
user_000074,2026-09-06,52.4,1802,105,242,46,14,3,6643,Push,3,6,8.4
user_000074,2026-09-07,52.2,1954,87,262,62,34,5,3408,Legs,0,8,6.9
user_000074,2026-09-08,52.0,1858,88,264,50,54,1,8809,Push,1,11,7.1
user_000074,2026-09-09,52.1,1981,96,253,65,43,5,5644,Push,0,20,6.2
user_000074,2026-09-10,51.8,1908,91,287,44,49,5,3916,Rest,,,6.6
user_000074,2026-09-11,52.0,2321,110,342,57,16,5,17751,Pull,5,7,8.9
user_000074,2026-09-12,52.1,1731,113,196,55,21,5,4209,Rest,,,8.0
user_000074,2026-09-13,52.2,2010,103,296,46,29,2,8404,Pull,3,11,7.2
user_000074,2026-09-14,52.6,1782,95,220,58,9,4,5650,Upper,1,10,6.0
user_000074,2026-09-15,52.5,2060,106,301,48,18,3,14249,Upper,2,8,5.9
user_000074,2026-09-16,52.7,2516,92,384,68,59,5,9455,Rest,,,8.1
user_000074,2026-09-17,52.8,1994,96,272,58,30,2,6817,Push,3,16,6.6
user_000074,2026-09-18,52.6,1685,106,205,49,10,2,5686,Pull,1,8,7.0
user_000074,2026-09-19,52.9,1938,88,284,50,32,3,16695,Pull,4,14,6.4
user_000074,2026-09-20,52.9,2521,106,387,61,46,5,16326,Push,1,6,7.4
user_000074,2026-09-21,52.6,1811,113,225,51,30,1,15822,Rest,,,5.6
user_000074,2026-09-22,52.8,2055,89,274,67,24,4,7310,Rest,,,7.3
user_000074,2026-09-23,52.6,1701,97,236,41,10,4,3013,Pull,5,15,8.2
user_000074,2026-09-24,52.9,1919,94,262,55,42,2,9287,Legs,2,18,6.8
user_000074,2026-09-25,53.1,1990,112,246,62,40,4,4079,Rest,,,5.8
user_000074,2026-09-26,53.3,1972,88,279,56,14,3,7984,Pull,2,16,7.0
user_000074,2026-09-27,53.5,1883,99,257,51,18,2,7392,Legs,3,17,6.8
user_000074,2026-09-28,53.4,2226,114,294,66,56,4,3991,Pull,1,15,6.0
user_000074,2026-09-29,53.6,1782,114,210,54,3,5,4709,Push,5,7,8.1
user_000074,2026-09-30,53.5,1562,111,203,34,32,2,3346,Rest,,,8.2
user_000074,2026-10-01,53.4,2150,106,301,58,27,4,9849,Rest,,,8.6
user_000074,2026-10-02,53.4,2058,114,288,50,27,1,3049,Pull,3,14,6.2
user_000074,2026-10-03,53.7,1911,97,239,63,27,3,3250,Pull,4,7,8.8
user_000074,2026-10-04,53.9,2487,101,379,63,50,3,9765,Legs,4,13,7.7
user_000074,2026-10-05,54.1,1818,98,262,42,6,1,15590,Legs,4,8,5.6
user_000074,2026-10-06,53.9,2091,100,272,67,13,5,9825,Push,1,15,5.9
user_000074,2026-10-07,53.6,2032,117,265,56,43,1,7562,Legs,0,10,8.8
user_000074,2026-10-08,54.0,1982,101,291,46,40,1,3766,Legs,3,13,5.9
user_000074,2026-10-09,54.0,1984,98,263,60,4,5,6909,Legs,1,13,8.8
user_000074,2026-10-10,53.9,1798,91,255,46,7,2,10779,Pull,5,7,6.6
user_000074,2026-10-11,54.0,2323,91,366,55,19,3,10977,Legs,0,10,7.7
user_000074,2026-10-12,54.1,2019,108,246,67,24,2,16543,Rest,,,8.9
user_000074,2026-10-13,54.0,2180,106,277,72,31,3,9386,Push,2,10,8.1
user_000074,2026-10-14,54.2,2007,107,262,59,49,1,16100,Push,5,6,8.1
user_000074,2026-10-15,54.4,2616,95,379,80,38,4,12256,Upper,2,12,7.8
user_000074,2026-10-16,54.3,2313,87,336,69,41,3,6632,Push,2,9,8.2
user_000074,2026-10-17,54.5,2150,105,275,70,31,2,5076,Rest,,,5.7
user_000074,2026-10-18,54.7,2230,96,304,70,42,1,14683,Pull,5,11,8.2
user_000074,2026-10-19,54.9,2070,115,272,58,39,3,3318,Upper,1,15,7.6
user_000074,2026-10-20,55.1,2212,114,313,56,37,4,14371,Pull,1,15,8.0
user_000074,2026-10-21,55.3,2309,107,351,53,38,5,6277,Upper,0,14,7.7
user_000074,2026-10-22,55.5,2193,100,329,53,25,4,6519,Rest,,,6.9
user_000074,2026-10-23,55.6,2237,108,332,53,0,4,13097,Upper,2,14,6.6
user_000074,2026-10-24,55.4,2037,104,268,61,21,1,11344,Pull,5,6,7.1
user_000074,2026-10-25,55.6,1877,107,225,61,0,3,6909,Upper,1,6,7.5
user_000074,2026-10-26,55.6,2288,104,351,52,37,4,7649,Push,0,19,7.8
user_000074,2026-10-27,55.5,2202,117,303,58,56,2,3760,Legs,2,17,8.7
user_000074,2026-10-28,55.2,2240,111,287,72,5,5,9734,Legs,1,14,7.1
user_000074,2026-10-29,55.1,2236,110,296,68,24,2,17149,Pull,3,19,6.3
user_000074,2026-10-30,55.2,1899,89,253,59,10,5,5501,Upper,0,13,7.7
user_000074,2026-10-31,55.2,1869,95,271,45,4,5,7990,Upper,2,11,8.4
user_000074,2026-11-01,55.3,2183,105,326,51,11,5,8008,Rest,,,8.5
user_000074,2026-11-02,55.1,1995,119,238,63,5,2,8663,Rest,,,6.7
user_000074,2026-11-03,55.1,2350,103,318,74,46,3,11311,Rest,,,7.7
user_000074,2026-11-04,55.3,2510,104,393,58,21,3,16397,Rest,,,6.1
user_000074,2026-11-05,55.6,1925,98,282,45,21,2,3716,Upper,1,14,5.6
user_000074,2026-11-06,55.9,2022,100,293,50,41,2,3282,Rest,,,7.9
user_000074,2026-11-07,55.8,2466,92,394,58,48,2,15435,Legs,3,6,5.9
user_000074,2026-11-08,56.1,2844,89,433,84,48,4,17062,Upper,2,6,7.2
user_000074,2026-11-09,55.8,2219,113,300,63,44,5,12456,Pull,2,8,6.7
user_000074,2026-11-10,55.8,1366,106,150,38,34,1,9730,Pull,0,7,7.1
user_000074,2026-11-11,55.5,1670,100,223,42,16,2,17125,Legs,1,6,5.5
user_000074,2026-11-12,55.4,1536,105,180,44,10,5,8410,Upper,0,19,7.6
user_000074,2026-11-13,55.4,1578,114,168,50,16,2,3968,Legs,4,6,6.0
user_000074,2026-11-14,55.5,1918,111,247,54,55,4,10959,Upper,3,6,5.6
user_000074,2026-11-15,55.6,1448,95,168,44,58,3,4593,Upper,2,19,7.3
user_000074,2026-11-16,55.6,1997,106,292,45,59,3,17763,Rest,,,8.1
user_000074,2026-11-17,55.6,1776,108,246,40,32,3,10614,Legs,1,13,7.0
user_000074,2026-11-18,55.7,1422,101,151,46,46,3,3071,Rest,,,6.6
user_000074,2026-11-19,55.4,1758,117,201,54,28,5,12693,Rest,,,7.0
user_000074,2026-11-20,55.5,1401,92,184,33,7,3,6728,Pull,2,16,8.7
user_000074,2026-11-21,55.6,1588,119,188,40,38,4,3485,Legs,3,10,8.8
user_000074,2026-11-22,55.7,1262,96,143,34,26,2,7784,Legs,1,18,7.8
user_000074,2026-11-23,55.5,1244,115,106,40,24,2,8337,Rest,,,6.2
user_000074,2026-11-24,55.5,1583,95,222,35,13,1,13920,Upper,4,11,5.7
user_000074,2026-11-25,55.7,1430,93,188,34,28,3,7986,Rest,,,8.2
user_000074,2026-11-26,55.7,1492,106,186,36,14,1,9165,Rest,,,8.0
user_000074,2026-11-27,55.5,1563,106,170,51,18,4,10996,Pull,5,20,8.1
user_000075,2026-07-01,51.5,2305,89,359,57,59,5,4233,Legs,1,20,7.0
user_000075,2026-07-02,51.4,2348,86,330,76,48,2,11828,Upper,5,7,8.7
user_000075,2026-07-03,51.3,2348,88,346,68,41,4,12896,Upper,5,15,8.1
user_000075,2026-07-04,51.4,2378,84,335,78,48,3,7350,Rest,,,8.5
user_000075,2026-07-05,51.6,2287,91,312,75,17,5,9304,Legs,4,20,7.8
user_000075,2026-07-06,51.5,2835,110,439,71,58,5,17176,Legs,1,11,5.8
user_000075,2026-07-07,51.6,2647,94,435,59,49,4,14747,Upper,3,20,8.8
user_000075,2026-07-08,51.9,1997,100,289,49,10,3,8520,Rest,,,6.3
user_000075,2026-07-09,52.1,2817,105,408,85,30,5,16883,Upper,0,14,8.7
user_000075,2026-07-10,51.9,2789,84,449,73,37,5,17595,Legs,2,12,8.2
user_000075,2026-07-11,51.8,2221,83,353,53,17,1,13422,Pull,3,6,8.7
user_000075,2026-07-12,51.7,2293,109,336,57,23,3,16030,Pull,1,13,8.4
user_000075,2026-07-13,51.6,2011,104,257,63,7,4,9526,Rest,,,7.4
user_000075,2026-07-14,51.6,2226,111,288,70,13,4,16230,Push,1,20,7.9
user_000075,2026-07-15,51.7,2092,105,310,48,32,3,5872,Rest,,,8.6
user_000075,2026-07-16,51.9,2044,106,270,60,1,5,12974,Legs,2,20,8.9
user_000075,2026-07-17,51.8,2527,101,389,63,47,3,10600,Upper,3,14,7.3
user_000075,2026-07-18,51.9,2678,101,393,78,36,5,17051,Legs,3,12,8.1
user_000075,2026-07-19,51.8,2300,88,334,68,60,1,15810,Pull,2,9,6.3
user_000075,2026-07-20,51.8,2366,106,328,70,9,3,12263,Legs,3,20,7.6
user_000075,2026-07-21,52.1,2364,90,357,64,28,5,9910,Rest,,,7.9
user_000075,2026-07-22,52.3,2228,90,305,72,19,3,13967,Push,5,9,8.3
user_000075,2026-07-23,52.2,2552,107,378,68,57,4,7892,Legs,0,10,8.6
user_000075,2026-07-24,52.3,1589,110,204,37,4,2,4143,Legs,3,7,5.8
user_000075,2026-07-25,52.5,2340,111,357,52,51,2,12770,Rest,,,8.6
user_000075,2026-07-26,52.7,2588,96,380,76,56,4,3674,Upper,4,11,8.8
user_000075,2026-07-27,52.9,2142,103,293,62,42,1,11785,Legs,2,13,8.1
user_000075,2026-07-28,52.6,1839,115,221,55,12,2,4168,Upper,1,12,6.8
user_000075,2026-07-29,52.4,2599,92,407,67,47,5,6578,Pull,4,12,7.9
user_000075,2026-07-30,52.2,2424,96,375,60,37,5,4980,Push,2,7,7.4
user_000075,2026-07-31,52.2,2443,97,363,67,53,2,9237,Upper,2,9,7.2
user_000075,2026-08-01,52.6,2135,96,323,51,24,1,7823,Legs,4,7,7.8
user_000075,2026-08-02,52.7,1861,108,247,49,1,5,4888,Rest,,,7.5
user_000075,2026-08-03,52.9,2153,109,301,57,2,3,15706,Legs,2,20,7.3
user_000075,2026-08-04,52.8,1969,112,261,53,3,2,3929,Push,1,14,6.6
user_000075,2026-08-05,52.8,2303,111,323,63,28,1,12789,Push,5,6,8.0
user_000075,2026-08-06,53.0,2138,109,286,62,53,1,11084,Push,2,11,8.5
user_000075,2026-08-07,53.1,2282,102,329,62,26,1,13614,Push,1,17,5.7
user_000075,2026-08-08,53.1,2018,107,285,50,1,1,7214,Upper,4,12,6.6
user_000075,2026-08-09,53.4,2335,85,348,67,40,3,8871,Legs,4,19,7.2
user_000075,2026-08-10,53.5,1952,97,247,64,4,5,3754,Push,3,6,8.6
user_000075,2026-08-11,53.3,1923,104,244,59,12,3,5613,Push,1,7,5.5
user_000075,2026-08-12,53.2,2312,105,347,56,22,3,11519,Push,1,6,5.5
user_000075,2026-08-13,53.1,2343,109,335,63,54,4,14640,Upper,2,20,7.9
user_000075,2026-08-14,53.0,2044,105,262,64,54,1,7335,Upper,2,9,7.1
user_000075,2026-08-15,52.8,2250,112,329,54,29,4,11703,Pull,1,20,7.6
user_000075,2026-08-16,52.8,2074,114,301,46,12,4,4355,Pull,1,9,7.0
user_000075,2026-08-17,52.6,2398,101,332,74,59,3,14332,Rest,,,8.6
user_000075,2026-08-18,52.7,2167,111,280,67,12,2,16451,Push,5,15,8.7
user_000075,2026-08-19,52.4,2309,87,344,65,28,1,16277,Push,0,8,5.8
user_000075,2026-08-20,52.4,1326,89,148,42,21,1,4001,Pull,2,8,6.9
user_000075,2026-08-21,52.6,2151,100,278,71,0,3,14102,Upper,1,6,8.9
user_000075,2026-08-22,52.5,1582,108,175,50,52,1,14844,Legs,4,10,7.0
user_000075,2026-08-23,52.3,1931,89,270,55,52,3,17697,Push,0,13,7.5
user_000075,2026-08-24,52.5,1312,111,136,36,7,5,8037,Rest,,,7.1
user_000075,2026-08-25,52.3,1994,102,266,58,60,5,4870,Legs,5,20,5.7
user_000075,2026-08-26,52.5,1840,89,254,52,45,4,15886,Pull,0,11,6.1
user_000075,2026-08-27,52.4,1405,100,177,33,52,2,7343,Pull,5,8,6.3
user_000075,2026-08-28,52.2,1259,91,154,31,9,3,6945,Rest,,,6.9
user_000075,2026-08-29,52.3,1458,99,171,42,2,2,16322,Push,3,14,7.0
user_000075,2026-08-30,52.1,1455,105,171,39,9,3,9177,Pull,2,20,7.9
user_000075,2026-08-31,52.2,1675,96,217,47,51,1,15052,Push,2,14,7.5
user_000075,2026-09-01,52.5,1395,107,172,31,8,4,6345,Legs,1,11,8.4
user_000075,2026-09-02,52.6,1486,95,173,46,18,1,6774,Rest,,,5.8
user_000075,2026-09-03,52.6,1101,100,119,25,15,2,3137,Legs,4,17,7.6
user_000075,2026-09-04,52.3,1489,112,186,33,14,4,14390,Legs,4,6,5.9
user_000075,2026-09-05,52.4,1317,103,143,37,54,2,5574,Upper,3,18,6.3
user_000075,2026-09-06,52.0,1403,95,177,35,18,1,12169,Upper,0,19,8.9
user_000075,2026-09-07,52.1,1285,111,136,33,39,3,3842,Legs,2,7,9.0
user_000075,2026-09-08,52.0,1510,103,189,38,41,3,15381,Legs,1,11,7.5
user_000075,2026-09-09,51.9,1645,85,234,41,39,4,8292,Rest,,,8.0
user_000075,2026-09-10,52.0,1242,105,138,30,14,4,3200,Legs,1,19,8.0
user_000075,2026-09-11,52.0,1597,98,209,41,51,5,4527,Pull,1,20,8.5
user_000075,2026-09-12,52.1,1774,98,233,50,39,4,6406,Upper,2,9,8.8
user_000075,2026-09-13,52.1,1468,89,188,40,16,2,17494,Pull,3,9,5.9
user_000075,2026-09-14,52.2,1503,102,186,39,26,5,5669,Legs,3,18,8.8
user_000075,2026-09-15,52.3,1246,89,155,30,20,1,14092,Rest,,,7.2
user_000075,2026-09-16,52.3,1325,90,158,37,23,5,5232,Upper,0,15,8.7
user_000075,2026-09-17,52.3,1880,84,287,44,60,4,14900,Pull,4,11,7.4
user_000075,2026-09-18,52.6,1770,85,236,54,26,5,6455,Pull,4,15,8.3
user_000075,2026-09-19,52.6,1478,115,169,38,58,1,7408,Legs,3,12,6.2
user_000075,2026-09-20,52.5,1515,108,174,43,17,5,7510,Push,4,18,6.5
user_000075,2026-09-21,52.4,1281,94,143,37,24,2,5791,Push,1,11,6.8
user_000075,2026-09-22,52.2,1181,100,121,33,21,1,3853,Pull,4,9,8.9
user_000075,2026-09-23,52.3,1841,101,267,41,29,5,13525,Legs,5,19,8.6
user_000075,2026-09-24,52.4,1174,111,115,30,45,1,5741,Upper,4,10,8.3
user_000075,2026-09-25,52.2,1574,86,195,50,7,1,15365,Push,4,11,7.4
user_000075,2026-09-26,52.0,1754,85,232,54,12,3,11467,Pull,1,11,8.7
user_000075,2026-09-27,52.2,2215,97,315,63,44,5,10502,Rest,,,7.5
user_000075,2026-09-28,52.0,1651,87,220,47,4,5,14573,Legs,5,15,7.2
user_000075,2026-09-29,52.0,1629,104,202,45,32,5,4671,Upper,2,19,6.0
user_000075,2026-09-30,51.7,1093,97,120,25,2,1,8109,Legs,0,15,8.4
user_000075,2026-10-01,51.9,1802,90,257,46,55,4,7525,Upper,5,10,5.7
user_000075,2026-10-02,51.9,1320,113,145,32,56,3,9623,Push,1,17,7.9
user_000075,2026-10-03,51.6,1526,93,203,38,47,1,14077,Pull,3,9,5.9
user_000075,2026-10-04,51.4,1262,87,161,30,22,1,8623,Pull,1,11,8.4
user_000075,2026-10-05,51.6,1236,93,144,32,8,5,6483,Pull,0,13,8.0
user_000075,2026-10-06,51.6,1742,111,203,54,36,4,11223,Upper,3,16,8.2
user_000075,2026-10-07,51.5,1092,100,119,24,11,3,8981,Legs,1,13,8.0
user_000075,2026-10-08,51.5,1113,110,112,25,21,2,6416,Pull,0,11,6.9
user_000075,2026-10-09,51.6,1442,105,161,42,12,2,8327,Push,2,10,6.4
user_000075,2026-10-10,51.6,1326,98,139,42,1,2,9075,Legs,0,14,7.1
user_000075,2026-10-11,51.6,1410,98,160,42,14,4,17819,Legs,3,11,6.0
user_000075,2026-10-12,51.4,1201,98,137,29,20,4,6640,Pull,2,7,8.7
user_000075,2026-10-13,51.6,1538,109,172,46,45,1,13723,Upper,3,12,7.0
user_000075,2026-10-14,51.6,1704,101,199,56,48,1,14795,Push,0,12,6.6
user_000075,2026-10-15,51.8,2048,101,294,52,38,5,17894,Upper,3,16,8.7
user_000075,2026-10-16,51.8,1956,99,246,64,48,4,11105,Rest,,,6.5
user_000075,2026-10-17,51.6,1276,110,119,40,24,2,10419,Rest,,,6.1
user_000075,2026-10-18,51.9,1854,103,257,46,55,4,10768,Upper,0,14,6.1
user_000075,2026-10-19,52.1,1271,113,135,31,16,3,5394,Upper,2,10,7.0
user_000075,2026-10-20,51.8,1310,110,150,30,20,2,13204,Legs,1,16,7.4
user_000075,2026-10-21,51.7,1498,83,206,38,42,5,4517,Push,0,14,5.7
user_000075,2026-10-22,51.6,1509,95,199,37,56,2,6027,Legs,0,17,8.0
user_000075,2026-10-23,51.3,1513,112,156,49,40,2,4814,Pull,1,16,6.5
user_000075,2026-10-24,51.2,1744,94,243,44,47,5,12868,Rest,,,8.3
user_000075,2026-10-25,51.0,1986,112,236,66,47,2,17027,Rest,,,8.8
user_000075,2026-10-26,50.9,1426,83,179,42,36,1,16146,Legs,0,19,7.8
user_000075,2026-10-27,50.9,1492,98,167,48,52,1,13724,Push,0,14,6.3
user_000075,2026-10-28,50.7,1495,87,190,43,37,2,3342,Push,0,10,6.4
user_000075,2026-10-29,50.7,1125,88,110,37,23,2,3611,Pull,5,18,5.8
user_000075,2026-10-30,50.6,1282,84,151,38,48,1,17895,Upper,1,19,6.6
user_000075,2026-10-31,50.6,1506,108,174,42,24,2,9891,Upper,4,13,8.1
user_000075,2026-11-01,50.6,1502,85,187,46,51,2,12335,Legs,3,18,6.1
user_000075,2026-11-02,50.7,1911,91,272,51,52,5,17418,Push,3,17,7.2
user_000075,2026-11-03,50.8,1515,83,190,47,50,1,9947,Push,4,18,7.7
user_000075,2026-11-04,50.5,1377,83,187,33,39,1,9552,Upper,4,8,6.4
user_000075,2026-11-05,50.7,1339,100,138,43,18,2,11514,Push,0,11,6.2
user_000075,2026-11-06,50.6,1338,98,142,42,34,4,3807,Push,3,17,8.6
user_000075,2026-11-07,50.4,2068,90,283,64,54,5,16549,Push,1,14,6.1
user_000075,2026-11-08,50.2,1595,109,211,35,42,3,9869,Upper,5,11,6.2
user_000075,2026-11-09,50.1,1511,101,171,47,32,3,5421,Legs,4,16,8.7
user_000075,2026-11-10,50.0,1695,84,225,51,42,3,14476,Pull,2,8,6.0
user_000075,2026-11-11,49.9,1586,100,211,38,30,2,9385,Rest,,,7.2
user_000075,2026-11-12,50.1,1893,86,259,57,55,5,12009,Rest,,,6.3
user_000075,2026-11-13,50.1,1423,109,159,39,18,1,8363,Upper,4,10,6.5
user_000075,2026-11-14,50.1,1851,93,237,59,56,4,3560,Pull,4,19,5.8
user_000075,2026-11-15,49.9,1493,87,212,33,42,3,8273,Pull,4,11,8.2
user_000075,2026-11-16,49.7,1336,92,161,36,19,2,14682,Pull,3,11,5.8
user_000075,2026-11-17,49.7,1684,94,237,40,15,4,17617,Upper,1,18,8.0
user_000075,2026-11-18,49.9,1323,101,151,35,24,1,10309,Pull,4,10,8.3
user_000075,2026-11-19,49.6,1428,93,174,40,48,1,13910,Upper,4,6,5.7
user_000075,2026-11-20,49.9,1758,101,217,54,15,3,17091,Legs,4,16,7.3
user_000075,2026-11-21,49.7,1416,98,166,40,7,1,14730,Upper,3,11,8.6
user_000075,2026-11-22,49.6,1434,96,186,34,34,1,3630,Pull,4,6,5.8
user_000075,2026-11-23,49.7,1768,92,224,56,59,5,7764,Legs,1,18,7.6
user_000075,2026-11-24,49.7,1489,89,182,45,55,5,5086,Upper,5,16,7.3
user_000075,2026-11-25,49.8,1385,103,142,45,0,2,13291,Pull,3,8,8.2
user_000075,2026-11-26,49.9,1320,81,150,44,2,2,3449,Upper,3,16,7.7
user_000075,2026-11-27,50.1,1627,96,205,47,35,4,5801,Legs,0,7,5.8
user_000076,2026-07-01,51.8,2403,108,324,75,36,4,9317,Push,3,12,8.7
user_000076,2026-07-02,52.1,2450,84,362,74,45,5,4630,Upper,3,13,7.2
user_000076,2026-07-03,51.9,2378,92,354,66,43,5,7426,Rest,,,6.8
user_000076,2026-07-04,52.0,1913,106,262,49,18,1,3007,Push,4,8,8.0
user_000076,2026-07-05,51.8,2323,106,333,63,20,2,13028,Push,5,16,6.6
user_000076,2026-07-06,51.9,2745,111,438,61,50,5,12200,Push,4,20,7.5
user_000076,2026-07-07,52.0,2751,84,435,75,49,5,4380,Push,1,11,7.0
user_000076,2026-07-08,52.3,2622,100,371,82,37,3,17635,Upper,1,10,8.8
user_000076,2026-07-09,52.6,2302,89,320,74,16,3,15226,Pull,2,19,8.3
user_000076,2026-07-10,52.9,1721,87,251,41,33,1,5425,Push,5,10,7.3
user_000076,2026-07-11,52.9,2180,88,313,64,19,3,3357,Upper,3,18,6.4
user_000076,2026-07-12,53.0,2190,108,327,50,26,4,11968,Pull,1,7,5.6
user_000076,2026-07-13,53.3,2195,101,306,63,55,3,7237,Pull,4,19,6.2
user_000076,2026-07-14,53.2,2147,116,279,63,27,1,9361,Push,4,6,7.2
user_000076,2026-07-15,53.4,2219,107,324,55,40,4,7625,Legs,1,6,8.8
user_000076,2026-07-16,53.4,2492,90,380,68,30,5,15165,Pull,2,17,8.1
user_000076,2026-07-17,53.2,1886,111,221,62,32,3,6560,Pull,2,6,8.0
user_000076,2026-07-18,53.2,2134,105,298,58,22,2,13928,Upper,3,16,8.5
user_000076,2026-07-19,53.3,2230,90,328,62,31,4,12143,Upper,4,10,7.1
user_000076,2026-07-20,53.1,1948,86,275,56,15,1,8886,Pull,1,12,7.0
user_000076,2026-07-21,53.4,3095,90,479,91,59,5,9950,Push,0,16,7.4
user_000076,2026-07-22,53.5,2149,98,302,61,37,5,5067,Pull,0,20,8.4
user_000076,2026-07-23,53.7,2273,115,289,73,35,3,4794,Push,1,12,7.4
user_000076,2026-07-24,53.8,2208,98,319,60,48,2,4600,Pull,3,18,6.3
user_000076,2026-07-25,54.1,2355,91,338,71,39,1,17968,Upper,3,9,8.3
user_000076,2026-07-26,54.4,1950,90,276,54,8,4,10385,Upper,0,11,6.4
user_000076,2026-07-27,54.2,2010,99,282,54,12,1,5749,Rest,,,6.4
user_000076,2026-07-28,54.5,2763,99,432,71,55,5,3140,Rest,,,6.7
user_000076,2026-07-29,54.4,2331,113,328,63,28,4,11899,Rest,,,5.6
user_000076,2026-07-30,54.3,2337,87,342,69,32,3,12128,Rest,,,8.3
user_000076,2026-07-31,54.4,2070,87,291,62,9,3,17857,Legs,3,10,6.2
user_000076,2026-08-01,54.2,2331,103,329,67,44,4,10162,Pull,3,9,5.6
user_000076,2026-08-02,54.1,2325,111,342,57,15,4,10232,Legs,5,8,8.4
user_000076,2026-08-03,54.1,1994,116,261,54,38,1,15270,Upper,2,8,5.6
user_000076,2026-08-04,53.9,1835,94,232,59,1,5,4982,Pull,2,18,7.8
user_000076,2026-08-05,54.2,2481,94,353,77,52,3,7330,Rest,,,8.3
user_000076,2026-08-06,54.1,2178,100,314,58,21,4,4995,Push,2,14,6.9
user_000076,2026-08-07,54.4,2647,104,425,59,49,4,11354,Pull,2,6,8.5
user_000076,2026-08-08,54.5,2301,118,293,73,35,2,13676,Pull,5,11,8.7
user_000076,2026-08-09,54.4,2197,119,275,69,26,2,13128,Push,4,17,7.6
user_000076,2026-08-10,54.4,2481,112,362,65,41,5,12292,Upper,5,18,7.7
user_000076,2026-08-11,54.3,2421,93,384,57,27,3,11668,Push,1,20,5.9
user_000076,2026-08-12,54.4,2297,119,309,65,56,2,10919,Rest,,,7.9
user_000076,2026-08-13,54.2,2301,117,321,61,12,5,10636,Push,2,13,7.1
user_000076,2026-08-14,54.1,2407,112,321,75,31,5,6932,Rest,,,6.1
user_000076,2026-08-15,54.2,1433,109,166,37,13,5,6458,Upper,1,15,7.6
user_000076,2026-08-16,54.1,1623,98,220,39,10,2,12242,Legs,4,10,6.7
user_000076,2026-08-17,53.9,1431,115,146,43,55,3,14439,Pull,5,9,5.7
user_000076,2026-08-18,54.1,1553,109,178,45,24,5,14294,Legs,2,19,7.1
user_000076,2026-08-19,54.0,1157,114,92,37,45,2,6008,Push,1,16,5.9
user_000076,2026-08-20,53.7,1333,103,138,41,12,1,13029,Push,4,15,5.7
user_000076,2026-08-21,53.8,1468,110,176,36,38,1,15707,Rest,,,8.6
user_000076,2026-08-22,53.5,1608,100,212,40,41,4,17696,Rest,,,8.2
user_000076,2026-08-23,53.7,1568,88,214,40,17,3,9013,Rest,,,8.9
user_000076,2026-08-24,53.7,1137,109,92,37,2,2,10124,Push,1,15,7.0
user_000076,2026-08-25,53.5,1798,99,238,50,17,3,14858,Rest,,,8.0
user_000076,2026-08-26,53.3,1552,102,205,36,38,5,10132,Push,2,18,8.2
user_000076,2026-08-27,53.3,1412,111,170,32,35,1,13426,Upper,4,17,7.2
user_000076,2026-08-28,53.4,1492,100,192,36,0,3,17627,Pull,5,17,8.1
user_000076,2026-08-29,53.4,1662,112,200,46,19,5,9607,Push,2,10,6.4
user_000076,2026-08-30,53.2,1941,95,280,49,44,5,13901,Rest,,,7.1
user_000076,2026-08-31,52.9,1203,92,139,31,41,1,7611,Legs,1,9,8.4
user_000076,2026-09-01,53.0,1372,88,156,44,27,1,13228,Upper,5,18,8.1
user_000076,2026-09-02,53.0,1376,93,179,32,5,5,11674,Rest,,,5.6
user_000076,2026-09-03,53.1,1590,114,198,38,21,1,8083,Legs,4,16,7.3
user_000076,2026-09-04,53.0,1437,109,149,45,36,4,6535,Rest,,,8.8
user_000076,2026-09-05,52.9,1717,98,221,49,38,4,11760,Upper,5,15,7.7
user_000076,2026-09-06,52.8,1936,92,293,44,55,2,15480,Legs,4,15,6.2
user_000076,2026-09-07,52.7,1373,97,172,33,18,2,12311,Upper,2,8,7.4
user_000076,2026-09-08,52.6,1654,107,194,50,40,1,14791,Legs,0,13,5.8
user_000076,2026-09-09,52.9,1294,111,136,34,57,1,5566,Pull,0,10,6.6
user_000076,2026-09-10,53.1,1367,104,141,43,1,5,7588,Legs,1,6,6.4
user_000076,2026-09-11,53.3,1245,95,124,41,34,3,3637,Legs,4,8,7.3
user_000076,2026-09-12,53.5,1578,106,203,38,40,3,5116,Push,0,12,7.9
user_000076,2026-09-13,53.5,1305,102,141,37,4,5,8279,Rest,,,6.8
user_000076,2026-09-14,53.2,1264,89,137,40,11,3,8282,Push,0,18,8.2
user_000076,2026-09-15,53.3,1459,100,186,35,16,2,13853,Pull,0,10,7.7
user_000076,2026-09-16,53.2,1427,92,186,35,2,1,6738,Upper,2,7,6.0
user_000076,2026-09-17,53.2,1695,107,229,39,52,5,5597,Push,0,14,6.2
user_000076,2026-09-18,53.0,1818,103,230,54,45,4,14038,Legs,3,6,8.2
user_000076,2026-09-19,53.0,1579,85,231,35,41,1,9231,Rest,,,5.9
user_000076,2026-09-20,53.0,1281,100,146,33,34,2,7385,Upper,5,20,8.4
user_000076,2026-09-21,52.9,1408,103,168,36,43,2,9717,Pull,1,7,7.5
user_000076,2026-09-22,52.6,1638,85,230,42,25,4,8156,Push,4,13,6.7
user_000076,2026-09-23,52.8,1272,105,141,32,57,2,7599,Rest,,,8.1
user_000076,2026-09-24,52.8,1669,115,219,37,48,3,12150,Upper,3,7,6.0
user_000076,2026-09-25,52.9,1376,105,140,44,9,4,6778,Pull,4,15,7.8
user_000076,2026-09-26,53.1,1987,97,267,59,41,5,10064,Push,3,16,7.2
user_000076,2026-09-27,53.3,1355,101,168,31,19,3,12306,Legs,1,15,7.8
user_000076,2026-09-28,53.5,1454,88,190,38,16,1,11846,Pull,5,20,6.7
user_000076,2026-09-29,53.7,1383,111,138,43,25,1,17011,Upper,2,10,6.3
user_000076,2026-09-30,53.5,1239,114,126,31,3,1,6732,Legs,1,17,7.3
user_000076,2026-10-01,53.3,1178,90,146,26,5,2,5085,Pull,1,7,7.9
user_000076,2026-10-02,53.0,1311,116,142,31,17,2,6909,Upper,4,16,7.3
user_000076,2026-10-03,52.7,1497,93,171,49,6,4,13904,Legs,5,7,5.9
user_000076,2026-10-04,52.5,1366,111,145,38,45,2,7650,Pull,0,20,8.3
user_000076,2026-10-05,52.6,1596,108,174,52,7,3,10868,Pull,3,13,7.1
user_000076,2026-10-06,52.8,1619,102,206,43,55,3,14800,Upper,5,9,7.3
user_000076,2026-10-07,52.7,1421,102,179,33,35,2,10722,Legs,1,7,7.3
user_000076,2026-10-08,52.9,1464,86,190,40,34,1,4946,Push,5,9,7.2
user_000076,2026-10-09,53.0,1441,94,165,45,43,3,4504,Push,4,6,8.9
user_000076,2026-10-10,53.0,1726,102,244,38,5,5,17123,Upper,5,8,7.5
user_000076,2026-10-11,53.1,1235,114,134,27,13,3,8664,Upper,4,19,7.3
user_000076,2026-10-12,53.0,1242,106,119,38,5,5,10303,Rest,,,7.1
user_000076,2026-10-13,53.0,1103,114,101,27,5,1,6242,Pull,3,11,6.1
user_000076,2026-10-14,52.7,1519,101,173,47,13,2,11311,Upper,4,16,7.3
user_000076,2026-10-15,52.5,1950,113,271,46,29,5,15261,Legs,3,20,7.4
user_000076,2026-10-16,52.6,1420,101,182,32,32,2,14328,Legs,1,7,6.5
user_000076,2026-10-17,52.5,1838,86,243,58,38,4,12781,Push,2,8,7.4
user_000076,2026-10-18,52.3,1350,113,130,42,3,5,15669,Pull,3,11,8.6
user_000076,2026-10-19,52.3,1430,89,192,34,7,3,14734,Push,2,20,7.4
user_000076,2026-10-20,52.2,1177,105,106,37,44,2,4524,Legs,4,20,6.0
user_000076,2026-10-21,51.9,1308,102,153,32,52,2,14045,Pull,2,19,7.0
user_000076,2026-10-22,52.0,1154,97,115,34,59,1,5347,Pull,4,19,8.6
user_000076,2026-10-23,52.2,1682,111,197,50,56,3,15757,Push,3,16,8.1
user_000076,2026-10-24,52.2,1644,108,213,40,7,3,8827,Upper,1,16,5.7
user_000076,2026-10-25,52.2,1201,101,116,37,15,2,5378,Push,5,7,8.5
user_000076,2026-10-26,52.4,1345,103,150,37,13,1,5134,Pull,1,15,8.0
user_000076,2026-10-27,52.4,1177,107,104,37,29,2,8060,Upper,3,16,6.1
user_000076,2026-10-28,52.4,1315,85,147,43,7,4,4740,Push,2,17,6.9
user_000076,2026-10-29,52.2,1762,106,222,50,29,4,17881,Push,3,13,7.3
user_000076,2026-10-30,52.3,1467,99,171,43,33,2,9210,Push,5,19,8.6
user_000076,2026-10-31,52.4,1167,103,101,39,30,2,3072,Upper,2,14,7.2
user_000076,2026-11-01,52.2,1570,105,202,38,38,4,9932,Upper,3,18,6.5
user_000076,2026-11-02,52.4,1634,100,196,50,25,2,14521,Legs,5,10,6.9
user_000076,2026-11-03,52.3,1350,89,154,42,47,1,15856,Pull,1,9,5.6
user_000076,2026-11-04,52.3,1516,93,178,48,47,2,10979,Upper,3,13,6.5
user_000076,2026-11-05,52.2,1393,108,139,45,17,4,13889,Pull,4,9,5.6
user_000076,2026-11-06,51.9,1098,96,120,26,0,4,6131,Legs,1,12,8.5
user_000076,2026-11-07,52.0,1154,92,129,30,26,3,4691,Upper,2,17,8.6
user_000076,2026-11-08,52.0,1170,98,118,34,23,3,3049,Pull,0,18,7.6
user_000076,2026-11-09,51.7,1513,112,156,49,33,2,11533,Pull,1,16,8.3
user_000076,2026-11-10,51.9,1343,88,178,31,15,3,14242,Pull,1,15,6.2
user_000076,2026-11-11,51.8,1406,89,168,42,52,1,11579,Pull,1,20,7.8
user_000076,2026-11-12,51.9,1565,98,183,49,19,1,12515,Upper,0,6,7.7
user_000076,2026-11-13,52.0,2018,91,301,50,57,4,15599,Rest,,,8.7
user_000076,2026-11-14,52.0,1652,89,207,52,36,4,15474,Push,3,9,6.9
user_000076,2026-11-15,52.2,1448,107,174,36,25,2,12645,Rest,,,8.0
user_000076,2026-11-16,52.4,1179,96,120,35,48,2,8252,Push,2,12,6.1
user_000076,2026-11-17,52.5,1752,100,248,40,37,2,16481,Legs,5,6,6.2
user_000076,2026-11-18,52.5,1475,88,193,39,23,1,14840,Pull,1,15,6.1
user_000076,2026-11-19,52.6,1651,95,203,51,30,4,10241,Legs,0,20,6.0
user_000076,2026-11-20,52.6,1886,107,234,58,34,4,16524,Push,3,18,6.1
user_000076,2026-11-21,52.4,1460,88,178,44,9,2,8324,Rest,,,6.9
user_000076,2026-11-22,52.5,1545,97,197,41,37,3,4894,Upper,1,17,8.9
user_000076,2026-11-23,52.3,1370,89,177,34,9,2,14150,Upper,4,16,6.1
user_000076,2026-11-24,52.2,1854,87,273,46,4,1,6485,Push,5,15,8.6
user_000076,2026-11-25,52.2,1682,105,203,50,15,3,12069,Upper,0,12,6.4
user_000076,2026-11-26,51.9,2382,83,382,58,42,5,15152,Legs,1,11,5.6
user_000076,2026-11-27,52.0,1846,85,246,58,20,3,15007,Pull,1,11,6.8
user_000077,2026-07-01,51.6,2288,93,362,52,35,4,11971,Legs,3,13,6.8
user_000077,2026-07-02,51.7,2021,108,269,57,19,3,17193,Rest,,,7.0
user_000077,2026-07-03,51.4,2193,111,309,57,54,3,6959,Rest,,,7.4
user_000077,2026-07-04,51.5,2455,108,346,71,58,4,7567,Push,1,9,6.6
user_000077,2026-07-05,51.3,2447,97,391,55,50,3,14487,Legs,3,12,7.1
user_000077,2026-07-06,51.7,2282,106,307,70,12,1,13110,Pull,4,12,5.8
user_000077,2026-07-07,51.5,2064,84,306,56,8,3,14610,Push,4,14,7.3
user_000077,2026-07-08,51.7,2085,96,297,57,18,3,4406,Rest,,,7.4
user_000077,2026-07-09,51.9,2147,84,338,51,10,3,7654,Rest,,,7.8
user_000077,2026-07-10,51.8,2408,93,347,72,11,4,16535,Upper,4,20,6.6
user_000077,2026-07-11,51.7,2754,83,412,86,40,5,13287,Push,5,18,6.1
user_000077,2026-07-12,51.5,2211,85,353,51,32,2,16106,Upper,1,14,8.3
user_000077,2026-07-13,51.4,2218,94,339,54,34,4,10378,Push,1,18,8.3
user_000077,2026-07-14,51.8,2144,105,323,48,55,2,5447,Legs,0,10,6.7
user_000077,2026-07-15,52.1,2214,98,343,50,24,2,11543,Pull,4,6,9.0
user_000077,2026-07-16,52.3,2820,111,450,64,55,5,13646,Legs,4,7,6.6
user_000077,2026-07-17,52.3,2273,113,300,69,8,4,12507,Rest,,,7.0
user_000077,2026-07-18,52.4,2315,100,337,63,28,5,3785,Legs,1,20,7.1
user_000077,2026-07-19,52.3,2723,100,412,75,57,4,17132,Pull,3,14,8.1
user_000077,2026-07-20,52.1,2209,97,309,65,23,2,10798,Legs,3,16,7.8
user_000077,2026-07-21,52.4,2160,103,293,64,2,4,10198,Push,5,11,8.1
user_000077,2026-07-22,52.5,2015,92,279,59,8,2,6292,Push,3,18,6.1
user_000077,2026-07-23,52.5,2464,114,340,72,38,2,13391,Legs,1,13,7.6
user_000077,2026-07-24,52.6,2189,97,331,53,24,1,10255,Upper,4,13,6.3
user_000077,2026-07-25,52.8,2425,89,353,73,38,4,15910,Push,4,20,7.8
user_000077,2026-07-26,52.8,2251,94,318,67,59,2,12426,Upper,3,19,8.5
user_000077,2026-07-27,53.1,2174,95,291,70,5,4,16000,Push,5,7,7.0
user_000077,2026-07-28,53.1,2505,111,369,65,12,5,13652,Rest,,,7.0
user_000077,2026-07-29,52.9,1985,111,239,65,24,1,9759,Push,3,12,7.2
user_000077,2026-07-30,53.2,1959,91,266,59,19,1,14169,Upper,4,14,6.1
user_000077,2026-07-31,53.2,1939,89,263,59,24,3,7426,Legs,2,13,6.6
user_000077,2026-08-01,53.1,1914,113,226,62,12,2,5119,Pull,1,13,7.0
user_000077,2026-08-02,53.0,2264,100,322,64,28,4,3754,Pull,4,19,7.0
user_000077,2026-08-03,53.3,2286,102,303,74,37,4,4875,Push,2,12,8.1
user_000077,2026-08-04,53.1,2359,111,346,59,60,3,17346,Legs,2,11,5.9
user_000077,2026-08-05,53.1,2025,104,283,53,42,2,14991,Legs,2,10,6.9
user_000077,2026-08-06,53.2,1934,99,254,58,16,5,12501,Pull,5,7,6.6
user_000077,2026-08-07,53.3,1845,97,227,61,42,1,13473,Rest,,,7.6
user_000077,2026-08-08,53.1,1842,99,258,46,2,3,7254,Push,4,14,8.3
user_000077,2026-08-09,53.1,1452,89,202,32,24,3,4423,Push,0,12,6.0
user_000077,2026-08-10,53.3,1730,98,222,50,45,3,12794,Pull,0,17,8.9
user_000077,2026-08-11,53.1,1485,107,154,49,15,3,3051,Legs,4,11,6.3
user_000077,2026-08-12,53.1,1691,109,217,43,21,5,4950,Pull,0,17,6.7
user_000077,2026-08-13,53.4,1797,96,243,49,38,4,5306,Legs,2,15,7.8
user_000077,2026-08-14,53.6,1846,114,217,58,7,1,12753,Pull,4,7,8.0
user_000077,2026-08-15,53.7,1830,94,251,50,40,4,9004,Pull,4,17,8.8
user_000077,2026-08-16,53.8,1659,116,202,43,60,1,9452,Legs,2,15,8.1
user_000077,2026-08-17,54.0,1645,117,211,37,6,1,8720,Pull,3,20,5.8
user_000077,2026-08-18,53.9,2026,95,308,46,25,4,9237,Rest,,,6.8
user_000077,2026-08-19,53.9,1613,92,210,45,2,3,16875,Rest,,,6.2
user_000077,2026-08-20,53.9,1542,117,192,34,42,1,8184,Legs,2,9,6.2
user_000077,2026-08-21,53.7,1923,109,266,47,13,5,4919,Rest,,,7.7
user_000077,2026-08-22,53.7,1481,99,197,33,0,5,10646,Legs,5,12,7.4
user_000077,2026-08-23,53.6,2091,102,288,59,33,4,14463,Rest,,,7.5
user_000077,2026-08-24,53.8,1611,93,213,43,26,3,3099,Legs,4,15,5.6
user_000077,2026-08-25,53.8,1534,112,177,42,56,1,6644,Legs,1,13,7.5
user_000077,2026-08-26,53.5,2063,88,295,59,58,5,4247,Pull,1,10,8.4
user_000077,2026-08-27,53.6,1573,89,212,41,26,2,6880,Push,2,9,7.2
user_000077,2026-08-28,53.4,1626,116,205,38,16,1,9238,Pull,1,17,8.5
user_000077,2026-08-29,53.1,1682,98,201,54,14,2,7535,Legs,2,14,7.1
user_000077,2026-08-30,53.2,1796,108,233,48,55,2,17878,Rest,,,8.1
user_000077,2026-08-31,53.2,2202,96,315,62,22,5,16380,Legs,5,12,7.4
user_000077,2026-09-01,52.9,1759,100,216,55,26,3,9044,Push,0,10,8.0
user_000077,2026-09-02,52.8,1807,107,248,43,41,4,3008,Upper,5,9,7.3
user_000077,2026-09-03,53.0,1924,89,293,44,49,2,17786,Rest,,,6.5
user_000077,2026-09-04,52.9,2009,110,291,45,34,2,14453,Upper,0,18,7.4
user_000077,2026-09-05,52.6,1827,112,230,51,29,1,12628,Push,1,12,6.7
user_000077,2026-09-06,52.5,1553,86,210,41,51,1,12282,Pull,3,9,9.0
user_000077,2026-09-07,52.6,1943,86,258,63,36,3,13687,Rest,,,6.3
user_000077,2026-09-08,52.5,1709,115,220,41,1,2,13764,Legs,4,15,8.2
user_000077,2026-09-09,52.3,1850,92,249,54,30,3,12437,Pull,2,7,8.6
user_000077,2026-09-10,52.5,1561,92,206,41,14,3,14080,Rest,,,6.5
user_000077,2026-09-11,52.8,1828,85,255,52,11,4,5394,Pull,4,11,8.7
user_000077,2026-09-12,52.8,1922,109,232,62,48,3,12954,Push,1,6,8.9
user_000077,2026-09-13,52.8,2100,112,269,64,35,4,13023,Rest,,,8.5
user_000077,2026-09-14,52.8,2093,91,304,57,15,5,14860,Pull,5,20,5.5
user_000077,2026-09-15,53.0,2184,86,316,64,51,5,5968,Push,0,11,5.8
user_000077,2026-09-16,53.1,2094,99,312,50,42,3,9897,Upper,4,15,6.6
user_000077,2026-09-17,53.1,1859,107,252,47,21,5,3641,Rest,,,8.8
user_000077,2026-09-18,53.1,1811,94,226,59,45,4,4933,Push,1,6,8.5
user_000077,2026-09-19,53.2,2320,97,312,76,56,3,17548,Rest,,,7.8
user_000077,2026-09-20,53.0,1762,92,218,58,40,2,4420,Push,2,10,6.2
user_000077,2026-09-21,53.2,1447,107,158,43,5,4,7537,Pull,0,15,7.0
user_000077,2026-09-22,52.9,1969,113,233,65,15,3,10210,Pull,0,19,8.7
user_000077,2026-09-23,52.7,1853,94,259,49,21,5,11399,Rest,,,5.9
user_000077,2026-09-24,52.6,1499,97,172,47,11,3,13284,Push,4,11,9.0
user_000077,2026-09-25,52.5,1753,84,253,45,59,2,10309,Legs,3,14,8.3
user_000077,2026-09-26,52.6,1674,113,202,46,5,3,4867,Push,2,11,7.7
user_000077,2026-09-27,52.4,1747,85,246,47,15,5,11003,Rest,,,6.2
user_000077,2026-09-28,52.5,1749,102,234,45,37,1,13331,Push,5,12,6.4
user_000077,2026-09-29,52.3,2174,103,301,62,45,5,11042,Rest,,,7.6
user_000077,2026-09-30,52.3,2213,96,338,53,49,4,13337,Upper,4,17,6.1
user_000077,2026-10-01,52.2,1776,113,214,52,3,4,15509,Legs,3,10,7.4
user_000077,2026-10-02,52.2,1922,94,292,42,16,4,17942,Legs,4,13,7.4
user_000077,2026-10-03,52.0,1846,93,274,42,27,2,14755,Rest,,,6.1
user_000077,2026-10-04,52.2,2087,106,301,51,49,4,12051,Legs,1,9,7.4
user_000077,2026-10-05,52.1,1232,101,135,32,3,3,5121,Pull,3,19,5.6
user_000077,2026-10-06,52.0,1342,110,149,34,21,2,4818,Upper,3,19,6.3
user_000077,2026-10-07,52.3,1909,113,227,61,50,2,17499,Push,0,14,5.7
user_000077,2026-10-08,52.0,2331,84,366,59,49,5,4787,Upper,0,13,5.8
user_000077,2026-10-09,52.2,1778,109,223,50,45,4,9595,Legs,5,8,8.4
user_000077,2026-10-10,52.3,2091,92,307,55,45,5,5346,Rest,,,5.8
user_000077,2026-10-11,52.5,2274,100,329,62,55,5,17341,Pull,5,12,8.0
user_000077,2026-10-12,52.1,1444,107,173,36,6,4,5236,Rest,,,6.2
user_000077,2026-10-13,52.1,1343,93,173,31,46,1,17001,Push,2,18,7.8
user_000077,2026-10-14,52.2,1254,91,155,30,14,2,10276,Rest,,,7.9
user_000077,2026-10-15,52.4,1891,89,269,51,51,5,3566,Legs,2,9,6.8
user_000077,2026-10-16,52.3,1253,90,131,41,20,2,13224,Pull,1,15,8.1
user_000077,2026-10-17,52.3,1199,100,121,35,5,1,11165,Legs,4,18,5.7
user_000077,2026-10-18,52.2,1339,110,128,43,0,5,12847,Rest,,,7.0
user_000077,2026-10-19,52.0,1265,91,151,33,8,4,6871,Push,0,12,5.8
user_000077,2026-10-20,51.8,1453,97,183,37,51,3,7216,Push,3,12,8.3
user_000077,2026-10-21,51.4,1212,84,147,32,3,4,16471,Legs,2,12,8.3
user_000077,2026-10-22,51.5,1315,110,131,39,12,3,8367,Upper,3,15,7.4
user_000077,2026-10-23,51.5,1633,83,242,37,60,5,8004,Legs,2,10,6.5
user_000077,2026-10-24,51.4,1679,97,217,47,31,1,16578,Push,0,17,7.9
user_000077,2026-10-25,51.3,1394,110,144,42,27,2,13919,Push,0,19,6.7
user_000077,2026-10-26,51.1,1602,86,229,38,43,3,15110,Legs,5,11,6.4
user_000077,2026-10-27,50.8,1111,82,126,31,8,4,10604,Pull,2,7,7.3
user_000077,2026-10-28,50.9,1225,110,131,29,47,3,11747,Pull,5,13,5.9
user_000077,2026-10-29,50.8,1403,101,162,39,38,1,10299,Upper,0,11,8.6
user_000077,2026-10-30,50.5,1195,106,105,39,4,2,16943,Upper,1,12,5.9
user_000077,2026-10-31,50.6,1573,88,204,45,49,3,13832,Legs,1,10,6.5
user_000077,2026-11-01,50.8,1196,94,133,32,4,4,12431,Push,0,10,6.8
user_000077,2026-11-02,50.8,1530,101,196,38,5,4,14795,Pull,2,6,7.8
user_000077,2026-11-03,50.4,1086,88,116,30,52,1,14036,Pull,3,6,5.9
user_000077,2026-11-04,50.1,1442,110,156,42,18,2,11072,Pull,4,10,8.8
user_000077,2026-11-05,50.0,1546,82,192,50,49,3,3283,Pull,2,10,5.6
user_000077,2026-11-06,50.2,1151,80,147,27,10,5,3836,Rest,,,6.4
user_000077,2026-11-07,50.4,1462,106,156,46,25,3,10639,Legs,0,16,6.3
user_000077,2026-11-08,50.4,1107,82,116,35,41,3,3165,Pull,4,18,6.1
user_000077,2026-11-09,50.6,1241,80,147,37,27,2,9306,Legs,3,10,6.8
user_000077,2026-11-10,50.2,1423,103,156,43,37,4,16715,Upper,2,13,8.9
user_000077,2026-11-11,49.9,1320,80,178,32,58,1,13727,Rest,,,8.1
user_000077,2026-11-12,49.9,2287,99,349,55,49,5,15664,Upper,5,6,5.8
user_000077,2026-11-13,50.1,1078,95,98,34,25,4,6194,Rest,,,8.2
user_000077,2026-11-14,49.9,1573,82,228,37,43,5,13391,Upper,4,11,8.9
user_000077,2026-11-15,50.1,1404,103,167,36,53,2,4376,Push,2,8,6.5
user_000077,2026-11-16,50.1,1165,100,126,29,48,2,4870,Pull,2,10,8.4
user_000077,2026-11-17,50.1,1525,93,178,49,57,4,5972,Rest,,,7.3
user_000077,2026-11-18,50.2,1717,89,239,45,33,3,15651,Push,4,20,8.1
user_000077,2026-11-19,50.4,1830,93,252,50,56,4,12724,Legs,0,19,7.7
user_000077,2026-11-20,50.1,1596,107,175,52,57,5,14206,Upper,1,6,5.7
user_000077,2026-11-21,50.3,1079,86,123,27,42,1,9717,Upper,4,7,8.2
user_000077,2026-11-22,50.3,1853,109,244,49,39,4,14639,Upper,3,12,5.6
user_000077,2026-11-23,49.9,1269,92,133,41,3,4,15976,Push,4,11,6.8
user_000077,2026-11-24,49.9,1078,98,104,30,10,1,10328,Upper,4,14,5.8
user_000077,2026-11-25,49.7,1514,107,168,46,42,2,16549,Rest,,,5.6
user_000077,2026-11-26,49.5,1074,106,95,30,19,2,8997,Pull,4,13,8.7
user_000077,2026-11-27,49.5,1202,84,149,30,11,5,5090,Legs,2,15,8.5
user_000078,2026-07-01,51.6,1761,102,228,49,39,3,17650,Upper,4,19,8.2
user_000078,2026-07-02,51.8,1661,100,232,37,48,2,9945,Push,1,16,7.2
user_000078,2026-07-03,51.6,1668,90,237,40,47,3,10785,Pull,3,8,8.3
user_000078,2026-07-04,51.5,1316,92,165,32,46,1,8879,Pull,4,15,5.7
user_000078,2026-07-05,51.2,1497,93,198,37,38,4,6101,Rest,,,7.3
user_000078,2026-07-06,51.0,1882,97,243,58,56,2,16601,Rest,,,6.3
user_000078,2026-07-07,51.2,1584,99,207,40,57,2,14530,Push,5,8,5.6
user_000078,2026-07-08,51.4,1317,90,156,37,57,2,5336,Push,2,20,5.8
user_000078,2026-07-09,51.3,1400,101,177,32,9,4,7085,Legs,5,16,7.3
user_000078,2026-07-10,51.5,1695,86,241,43,39,3,11663,Upper,1,19,7.4
user_000078,2026-07-11,51.2,1539,89,190,47,38,2,7492,Push,1,6,6.1
user_000078,2026-07-12,51.2,1367,98,174,31,13,4,8047,Pull,3,6,8.5
user_000078,2026-07-13,51.0,1307,87,152,39,16,4,3300,Pull,0,14,6.4
user_000078,2026-07-14,51.1,2184,92,301,68,56,4,15463,Upper,1,16,7.8
user_000078,2026-07-15,51.3,1404,103,176,32,1,5,9017,Upper,3,12,6.8
user_000078,2026-07-16,51.5,1668,96,204,52,33,5,4308,Upper,1,6,8.9
user_000078,2026-07-17,51.4,1442,99,176,38,49,1,15478,Legs,3,13,7.4
user_000078,2026-07-18,51.7,1441,96,190,33,8,3,11216,Push,4,19,7.3
user_000078,2026-07-19,51.6,1598,99,215,38,30,2,5938,Legs,0,8,8.4
user_000078,2026-07-20,51.2,1613,89,204,49,13,5,13406,Legs,0,20,6.5
user_000078,2026-07-21,51.2,1793,89,240,53,6,5,10098,Pull,3,19,8.4
user_000078,2026-07-22,51.2,1568,89,213,40,10,5,17140,Upper,4,16,7.6
user_000078,2026-07-23,51.4,1580,85,211,44,16,5,9515,Legs,5,7,7.1
user_000078,2026-07-24,51.4,1382,111,140,42,4,2,11919,Legs,5,18,7.1
user_000078,2026-07-25,51.2,1588,87,229,36,23,4,5951,Push,4,20,6.1
user_000078,2026-07-26,51.4,1307,83,174,31,32,2,5066,Upper,4,14,5.6
user_000078,2026-07-27,51.5,1690,88,231,46,19,5,12348,Upper,0,19,8.9
user_000078,2026-07-28,51.7,1550,96,206,38,29,2,9685,Upper,5,16,7.5
user_000078,2026-07-29,51.9,1449,105,156,45,13,2,12418,Upper,1,6,8.1
user_000078,2026-07-30,51.9,1567,105,172,51,27,5,3102,Upper,2,6,6.5
user_000078,2026-07-31,52.0,2064,83,280,68,53,5,17090,Push,4,17,8.0
user_000078,2026-08-01,52.1,1094,84,113,34,0,4,9766,Push,3,15,6.8
user_000078,2026-08-02,52.2,1279,100,141,35,27,2,15643,Legs,5,12,7.9
user_000078,2026-08-03,52.1,1524,94,188,44,50,3,10664,Legs,3,15,6.6
user_000078,2026-08-04,52.3,1602,104,202,42,55,3,13648,Pull,2,16,8.2
user_000078,2026-08-05,52.0,1290,102,144,34,5,1,12650,Pull,3,13,7.0
user_000078,2026-08-06,52.0,1395,85,176,39,46,3,5720,Upper,4,16,6.9
user_000078,2026-08-07,51.9,1786,111,241,42,58,5,6080,Rest,,,6.8
user_000078,2026-08-08,52.0,1092,100,101,32,29,2,4210,Upper,0,11,7.2
user_000078,2026-08-09,51.8,1609,105,205,41,52,4,6367,Rest,,,6.2
user_000078,2026-08-10,51.6,1512,99,180,44,10,1,16288,Legs,4,10,6.3
user_000078,2026-08-11,51.5,1171,96,127,31,34,3,15462,Rest,,,5.9
user_000078,2026-08-12,51.1,1793,99,239,49,57,3,11925,Upper,0,9,7.6
user_000078,2026-08-13,50.7,1087,83,110,35,17,2,5677,Rest,,,7.5
user_000078,2026-08-14,50.5,1416,110,154,40,25,2,13215,Push,0,8,8.0
user_000078,2026-08-15,50.1,1091,93,101,35,6,4,14262,Legs,0,11,6.5
user_000078,2026-08-16,50.0,1390,108,145,42,5,3,17763,Upper,2,16,8.3
user_000078,2026-08-17,50.2,1393,103,153,41,44,3,7804,Upper,4,14,7.4
user_000078,2026-08-18,50.2,1263,96,150,31,9,1,16267,Pull,1,20,6.6
user_000078,2026-08-19,50.3,2133,97,326,49,48,5,11574,Rest,,,7.6
user_000078,2026-08-20,50.4,1080,91,116,28,6,2,6945,Push,1,18,7.1
user_000078,2026-08-21,50.4,1120,90,127,28,29,3,3450,Upper,0,14,6.4
user_000078,2026-08-22,50.4,1287,98,145,35,30,3,12824,Push,5,13,7.2
user_000078,2026-08-23,50.3,1338,105,144,38,7,1,17866,Legs,5,8,6.3
user_000078,2026-08-24,50.3,1573,80,212,45,33,5,5745,Rest,,,6.5
user_000078,2026-08-25,50.3,1247,98,126,39,10,4,16775,Rest,,,7.2
user_000078,2026-08-26,50.0,1256,103,130,36,9,2,16054,Upper,0,19,8.5
user_000078,2026-08-27,49.8,1430,82,190,38,27,3,16271,Rest,,,7.0
user_000078,2026-08-28,49.8,1376,100,154,40,7,1,3951,Legs,3,12,5.9
user_000078,2026-08-29,49.9,1290,105,150,30,20,4,9451,Rest,,,7.2
user_000078,2026-08-30,49.8,1258,94,153,30,9,5,13942,Pull,1,9,7.4
user_000078,2026-08-31,49.8,1316,84,155,40,3,2,6854,Pull,4,9,7.0
user_000078,2026-09-01,49.8,1392,82,167,44,35,3,11185,Rest,,,5.7
user_000078,2026-09-02,49.9,1265,98,144,33,21,5,9645,Push,5,15,6.0
user_000078,2026-09-03,50.1,2005,90,310,45,0,1,12872,Rest,,,8.5
user_000078,2026-09-04,50.2,2261,108,338,53,19,5,11560,Pull,2,12,5.9
user_000078,2026-09-05,50.3,2758,104,410,78,30,3,17089,Legs,0,7,7.5
user_000078,2026-09-06,50.0,2287,106,333,59,27,5,9630,Pull,2,14,8.8
user_000078,2026-09-07,49.8,2404,93,337,76,60,4,6726,Push,5,20,6.8
user_000078,2026-09-08,49.9,2331,97,362,55,52,4,6358,Legs,0,7,8.8
user_000078,2026-09-09,50.0,1876,94,258,52,15,1,3782,Legs,5,8,6.0
user_000078,2026-09-10,50.2,2397,87,348,73,58,3,8224,Upper,1,15,8.0
user_000078,2026-09-11,50.0,2043,104,292,51,47,3,14952,Rest,,,6.3
user_000078,2026-09-12,49.8,2298,98,355,54,18,5,12283,Rest,,,6.8
user_000078,2026-09-13,49.9,2362,103,339,66,28,5,9519,Push,4,9,6.5
user_000078,2026-09-14,49.8,1936,100,258,56,4,3,7318,Pull,2,15,6.6
user_000078,2026-09-15,49.6,1926,103,275,46,44,3,4086,Rest,,,7.9
user_000078,2026-09-16,49.6,2032,108,274,56,23,5,7462,Legs,3,13,7.8
user_000078,2026-09-17,49.4,2153,109,310,53,58,1,15404,Upper,5,11,8.6
user_000078,2026-09-18,49.3,2792,82,445,76,47,5,11690,Push,3,20,8.6
user_000078,2026-09-19,49.5,2244,98,346,52,25,4,12672,Upper,4,19,7.9
user_000078,2026-09-20,49.8,2481,101,382,61,54,1,15988,Legs,1,12,7.6
user_000078,2026-09-21,49.7,1941,104,271,49,10,4,9930,Rest,,,7.3
user_000078,2026-09-22,49.5,1923,95,289,43,11,3,3821,Pull,2,14,6.9
user_000078,2026-09-23,49.6,1866,90,282,42,15,3,4858,Legs,0,20,6.7
user_000078,2026-09-24,49.5,2147,91,322,55,4,3,12693,Pull,2,15,5.9
user_000078,2026-09-25,49.5,2089,104,290,57,0,5,8740,Rest,,,8.0
user_000078,2026-09-26,49.8,2066,81,296,62,16,2,9391,Pull,0,16,6.7
user_000078,2026-09-27,49.8,1577,86,207,45,60,1,5447,Upper,0,20,7.8
user_000078,2026-09-28,49.8,1807,103,252,43,15,1,3088,Push,5,18,6.3
user_000078,2026-09-29,49.6,2342,92,354,62,42,4,16892,Push,0,17,8.8
user_000078,2026-09-30,49.6,2272,88,354,56,31,5,6830,Rest,,,8.2
user_000078,2026-10-01,49.6,1999,95,272,59,36,1,15391,Pull,3,11,6.5
user_000078,2026-10-02,49.4,1901,89,285,45,49,2,13435,Push,2,10,7.7
user_000078,2026-10-03,49.5,1958,94,265,58,43,1,3925,Legs,3,11,7.1
user_000078,2026-10-04,49.5,2047,80,308,55,49,4,4985,Pull,0,15,5.9
user_000078,2026-10-05,49.3,2370,106,356,58,32,2,17817,Legs,0,19,6.5
user_000078,2026-10-06,49.5,1864,79,261,56,9,4,5639,Pull,1,18,7.9
user_000078,2026-10-07,49.5,2209,86,311,69,6,5,17007,Push,5,9,7.0
user_000078,2026-10-08,49.4,2280,88,320,72,40,2,12604,Pull,0,11,7.2
user_000078,2026-10-09,49.3,2390,99,332,74,9,4,10774,Push,3,17,8.2
user_000078,2026-10-10,49.4,2542,99,397,62,46,4,9082,Rest,,,6.9
user_000078,2026-10-11,49.7,1997,106,265,57,8,3,7739,Pull,5,8,8.0
user_000078,2026-10-12,50.1,2270,103,316,66,25,3,13146,Legs,3,11,5.9
user_000078,2026-10-13,50.3,2256,105,333,56,51,3,12512,Pull,2,18,8.5
user_000078,2026-10-14,50.5,1920,104,259,52,7,3,9419,Pull,0,10,8.7
user_000078,2026-10-15,50.4,2047,99,307,47,55,1,11700,Pull,5,18,5.6
user_000078,2026-10-16,50.3,2532,109,398,56,60,4,7334,Upper,0,19,7.6
user_000078,2026-10-17,50.2,1819,95,245,51,0,2,9498,Push,1,16,8.9
user_000078,2026-10-18,50.3,2254,83,341,62,26,5,10167,Rest,,,5.9
user_000078,2026-10-19,50.2,1994,100,277,54,3,3,5775,Rest,,,6.6
user_000078,2026-10-20,50.0,2192,81,305,72,40,4,5855,Push,1,12,7.1
user_000078,2026-10-21,50.3,2321,104,357,53,39,4,12248,Upper,0,13,7.0
user_000078,2026-10-22,50.5,1816,80,257,52,28,5,5606,Pull,4,20,5.9
user_000078,2026-10-23,50.6,2502,108,351,74,45,5,16149,Upper,4,17,6.2
user_000078,2026-10-24,50.7,2008,93,301,48,1,2,11090,Pull,4,15,5.9
user_000078,2026-10-25,50.5,2013,97,269,61,4,1,11455,Pull,0,11,8.9
user_000078,2026-10-26,50.4,1864,84,265,52,36,3,6269,Pull,0,12,8.3
user_000078,2026-10-27,50.5,2341,94,354,61,45,3,14196,Pull,3,7,8.9
user_000078,2026-10-28,50.6,2303,106,301,75,51,3,5637,Rest,,,7.4
user_000078,2026-10-29,50.3,1962,84,276,58,17,1,12251,Push,3,10,6.9
user_000078,2026-10-30,50.5,2279,107,321,63,50,3,10617,Push,3,11,7.2
user_000078,2026-10-31,50.3,2024,82,316,48,6,1,15948,Legs,1,13,7.7
user_000078,2026-11-01,50.2,2238,88,314,70,40,4,5971,Rest,,,8.9
user_000078,2026-11-02,50.3,2239,99,337,55,53,3,7954,Upper,0,11,8.0
user_000078,2026-11-03,50.5,2115,97,290,63,11,2,17829,Push,5,11,5.8
user_000078,2026-11-04,50.4,2542,91,387,70,10,3,11695,Upper,1,9,6.7
user_000078,2026-11-05,50.3,2087,109,289,55,50,1,17559,Rest,,,5.9
user_000078,2026-11-06,50.3,1973,108,257,57,4,4,11663,Upper,4,17,7.2
user_000078,2026-11-07,50.6,2214,82,350,54,46,2,6851,Pull,3,11,7.8
user_000078,2026-11-08,50.4,2436,96,369,64,40,3,14830,Rest,,,8.4
user_000078,2026-11-09,50.2,2328,106,359,52,38,5,7035,Rest,,,8.7
user_000078,2026-11-10,50.2,2082,102,288,58,1,1,9540,Legs,1,15,7.1
user_000078,2026-11-11,50.3,2268,82,368,52,23,2,9732,Legs,5,17,8.0
user_000078,2026-11-12,50.6,1759,91,234,51,30,2,3834,Pull,3,7,7.2
user_000078,2026-11-13,50.4,1988,81,317,44,24,4,10222,Upper,4,18,5.9
user_000078,2026-11-14,50.6,2540,88,403,64,24,5,16906,Rest,,,6.7
user_000078,2026-11-15,50.3,1927,99,277,47,58,1,10495,Upper,1,14,7.0
user_000078,2026-11-16,50.0,1929,104,268,49,32,2,11543,Pull,4,20,5.9
user_000078,2026-11-17,50.3,2550,90,390,70,59,4,11150,Pull,2,7,7.6
user_000078,2026-11-18,50.4,2185,88,330,57,18,3,9383,Upper,4,17,6.0
user_000078,2026-11-19,50.4,1847,87,260,51,19,1,13642,Rest,,,7.6
user_000078,2026-11-20,50.2,2233,105,298,69,33,5,4464,Legs,4,12,7.7
user_000078,2026-11-21,50.0,2018,90,302,50,2,4,10547,Pull,4,13,5.9
user_000078,2026-11-22,50.2,2579,83,393,75,28,4,9468,Rest,,,6.0
user_000078,2026-11-23,50.3,2162,93,299,66,31,5,4048,Upper,1,11,8.5
user_000078,2026-11-24,50.4,2010,106,284,50,51,1,4907,Rest,,,8.1
user_000078,2026-11-25,50.6,2206,89,323,62,24,3,11579,Rest,,,8.0
user_000078,2026-11-26,50.7,1857,84,261,53,44,4,4696,Pull,4,6,6.6
user_000078,2026-11-27,50.4,1831,102,223,59,40,4,10447,Push,5,10,7.4
user_000079,2026-07-01,51.3,1850,85,283,42,60,1,4501,Rest,,,6.4
user_000079,2026-07-02,51.5,1972,103,255,60,59,1,10132,Legs,1,14,6.7
user_000079,2026-07-03,51.7,1983,100,263,59,48,4,3192,Upper,0,13,7.5
user_000079,2026-07-04,51.8,2037,84,297,57,13,5,16211,Pull,3,9,7.6
user_000079,2026-07-05,51.6,1983,94,296,47,22,2,14052,Rest,,,5.8
user_000079,2026-07-06,51.6,1887,86,262,55,35,3,5154,Legs,0,12,8.2
user_000079,2026-07-07,51.9,1644,111,210,40,54,1,4852,Rest,,,7.3
user_000079,2026-07-08,51.9,2112,96,306,56,6,1,9924,Rest,,,7.9
user_000079,2026-07-09,52.1,1963,92,275,55,22,2,5881,Push,3,10,7.0
user_000079,2026-07-10,52.0,2235,97,338,55,41,3,11991,Upper,5,16,6.9
user_000079,2026-07-11,52.0,2619,112,356,83,47,5,17875,Upper,0,14,5.6
user_000079,2026-07-12,52.1,2038,109,288,50,21,1,15523,Pull,1,7,6.6
user_000079,2026-07-13,52.1,1794,88,248,50,2,4,11101,Legs,3,18,8.1
user_000079,2026-07-14,52.1,2197,108,322,53,35,2,14506,Rest,,,6.0
user_000079,2026-07-15,52.3,1945,104,281,45,10,4,6835,Upper,0,7,7.2
user_000079,2026-07-16,52.4,2136,84,342,48,22,3,3383,Pull,0,19,5.6
user_000079,2026-07-17,52.1,1450,103,183,34,40,1,8474,Upper,0,19,7.2
user_000079,2026-07-18,52.0,2067,110,301,47,19,3,12541,Push,0,14,5.9
user_000079,2026-07-19,51.7,1951,97,249,63,9,1,15813,Upper,5,14,8.4
user_000079,2026-07-20,51.5,1880,90,281,44,34,2,9298,Legs,2,17,6.0
user_000079,2026-07-21,51.3,2222,90,335,58,40,3,9974,Push,2,9,8.2
user_000079,2026-07-22,51.0,2433,94,350,73,55,4,8841,Upper,0,20,7.7
user_000079,2026-07-23,51.2,2075,84,293,63,45,3,9471,Rest,,,7.9
user_000079,2026-07-24,51.3,1821,91,272,41,33,1,13102,Upper,5,17,6.5
user_000079,2026-07-25,51.4,2000,98,267,60,57,1,5637,Pull,3,11,6.0
user_000079,2026-07-26,51.2,1759,82,261,43,5,3,11769,Push,5,17,5.6
user_000079,2026-07-27,51.4,2136,86,322,56,2,2,8224,Push,4,20,8.7
user_000079,2026-07-28,51.2,2349,95,319,77,39,3,12243,Pull,4,15,7.7
user_000079,2026-07-29,51.4,2308,96,310,76,53,2,16614,Legs,4,10,8.1
user_000079,2026-07-30,51.2,2163,101,325,51,47,1,16615,Rest,,,8.0
user_000079,2026-07-31,51.3,2348,95,366,56,56,2,10835,Rest,,,5.6
user_000079,2026-08-01,51.3,1970,107,255,58,2,3,4835,Push,2,6,6.5
user_000079,2026-08-02,51.6,1818,97,263,42,8,3,6525,Upper,5,9,7.3
user_000079,2026-08-03,51.7,2813,90,422,85,47,3,14642,Pull,3,12,6.3
user_000079,2026-08-04,51.7,2070,97,272,66,28,4,7852,Pull,2,16,7.9
user_000079,2026-08-05,51.9,2279,113,324,59,37,4,11282,Rest,,,7.9
user_000079,2026-08-06,51.9,2564,106,400,60,42,5,10763,Upper,1,13,7.0
user_000079,2026-08-07,51.9,2237,114,290,69,17,5,17190,Upper,0,18,7.7
user_000079,2026-08-08,52.0,1908,94,257,56,16,1,7763,Rest,,,7.7
user_000079,2026-08-09,52.0,2320,99,364,52,39,5,3565,Pull,5,16,6.3
user_000079,2026-08-10,52.3,1936,102,274,48,9,3,11770,Rest,,,7.5
user_000079,2026-08-11,52.6,1726,94,252,38,18,1,9792,Pull,1,13,7.2
user_000079,2026-08-12,52.8,2079,95,310,51,11,5,8684,Legs,3,11,8.4
user_000079,2026-08-13,52.6,1918,94,264,54,28,3,10299,Rest,,,5.6
user_000079,2026-08-14,52.6,2394,93,330,78,36,5,17262,Upper,1,19,6.6
user_000079,2026-08-15,52.7,1970,111,260,54,40,3,4851,Pull,4,20,5.6
user_000079,2026-08-16,52.5,1803,104,250,43,4,2,9476,Rest,,,7.7
user_000079,2026-08-17,52.5,2423,102,371,59,57,4,10377,Rest,,,7.0
user_000079,2026-08-18,52.6,1534,93,205,38,19,3,7955,Legs,3,16,8.6
user_000079,2026-08-19,52.3,1579,112,195,39,14,3,4717,Legs,2,15,8.9
user_000079,2026-08-20,52.4,1516,114,184,36,25,1,12336,Upper,4,11,6.8
user_000079,2026-08-21,52.2,1857,102,261,45,52,4,5398,Legs,5,9,6.4
user_000079,2026-08-22,52.3,1985,84,293,53,29,5,13046,Push,1,20,8.1
user_000079,2026-08-23,52.2,1960,109,255,56,16,4,15792,Upper,3,15,7.4
user_000079,2026-08-24,52.0,1672,98,230,40,3,3,8493,Pull,1,7,8.3
user_000079,2026-08-25,51.7,1976,101,249,64,39,2,13331,Rest,,,6.7
user_000079,2026-08-26,51.5,1727,84,251,43,19,2,15543,Rest,,,5.8
user_000079,2026-08-27,51.4,1588,84,214,44,6,1,10123,Pull,5,10,6.6
user_000079,2026-08-28,51.4,1535,105,182,43,7,4,3037,Rest,,,7.0
user_000079,2026-08-29,51.2,1522,82,186,50,2,1,16520,Upper,0,14,7.1
user_000079,2026-08-30,51.1,1547,109,163,51,3,5,4028,Pull,4,13,5.7
user_000079,2026-08-31,51.4,2366,84,377,58,45,5,17825,Pull,3,15,6.8
user_000079,2026-09-01,51.6,1856,99,248,52,59,3,10855,Pull,0,12,7.9
user_000079,2026-09-02,51.3,1796,112,247,40,20,3,7594,Rest,,,6.2
user_000079,2026-09-03,51.5,1689,106,215,45,38,2,5306,Legs,4,18,6.6
user_000079,2026-09-04,51.3,1927,90,295,43,57,3,7786,Upper,5,7,7.0
user_000079,2026-09-05,51.6,2364,101,337,68,56,5,9846,Pull,1,9,5.6
user_000079,2026-09-06,51.7,2002,103,258,62,35,4,4331,Pull,3,8,7.4
user_000079,2026-09-07,52.0,2162,84,344,50,18,5,15574,Upper,4,19,7.5
user_000079,2026-09-08,52.1,2343,84,378,55,57,3,13373,Push,5,15,7.5
user_000079,2026-09-09,52.2,1710,83,259,38,21,2,7705,Push,4,6,7.4
user_000079,2026-09-10,52.1,1352,110,129,44,48,2,3068,Legs,5,11,8.0
user_000079,2026-09-11,52.3,1886,87,254,58,19,3,9020,Legs,2,12,6.6
user_000079,2026-09-12,52.4,1767,112,233,43,0,4,9147,Rest,,,8.0
user_000079,2026-09-13,52.4,1814,112,238,46,32,4,4408,Rest,,,7.6
user_000079,2026-09-14,52.4,1700,91,226,48,15,1,6124,Pull,3,18,6.2
user_000079,2026-09-15,52.5,1909,110,257,49,14,3,16116,Push,5,15,6.0
user_000079,2026-09-16,52.4,1506,113,178,38,8,3,11221,Upper,3,8,5.6
user_000079,2026-09-17,52.7,1982,108,275,50,59,2,11857,Upper,2,19,6.9
user_000079,2026-09-18,52.5,1766,104,216,54,52,2,7371,Upper,5,14,7.2
user_000079,2026-09-19,52.7,1742,96,218,54,9,5,11003,Legs,1,10,6.1
user_000079,2026-09-20,52.8,2122,94,288,66,45,2,12363,Rest,,,6.4
user_000079,2026-09-21,52.5,1891,111,238,55,55,2,14179,Push,2,20,6.9
user_000079,2026-09-22,52.7,1428,91,167,44,31,1,5000,Upper,1,6,8.5
user_000079,2026-09-23,52.4,2240,111,305,64,41,4,9924,Push,4,13,7.9
user_000079,2026-09-24,52.3,2046,103,305,46,58,4,5278,Upper,0,16,5.7
user_000079,2026-09-25,52.2,1776,106,230,48,17,1,15611,Legs,3,6,8.1
user_000079,2026-09-26,52.1,1709,100,226,45,1,4,14826,Push,1,9,7.7
user_000079,2026-09-27,52.3,2099,84,299,63,48,3,17492,Upper,3,14,7.4
user_000079,2026-09-28,52.1,1882,99,259,50,16,5,8521,Push,3,17,8.1
user_000079,2026-09-29,52.3,1473,83,193,41,6,4,3894,Legs,2,16,5.8
user_000079,2026-09-30,52.3,1879,91,255,55,50,3,6876,Legs,2,13,8.3
user_000079,2026-10-01,52.2,1583,99,209,39,18,3,8808,Legs,1,18,8.4
user_000079,2026-10-02,52.4,2186,113,276,70,57,5,9442,Pull,4,7,6.5
user_000079,2026-10-03,52.3,1732,101,233,44,14,4,12174,Legs,3,17,8.4
user_000079,2026-10-04,52.1,2181,115,320,49,40,5,8847,Push,5,20,6.1
user_000079,2026-10-05,52.0,2248,87,340,60,46,5,3776,Upper,4,15,8.0
user_000079,2026-10-06,52.2,2171,111,272,71,59,3,16010,Legs,2,16,8.6
user_000079,2026-10-07,52.2,1990,100,267,58,25,3,5069,Upper,2,12,5.7
user_000079,2026-10-08,52.1,1936,92,275,52,30,4,10334,Pull,2,9,8.8
user_000079,2026-10-09,51.8,1776,91,263,40,22,3,4830,Push,1,6,7.0
user_000079,2026-10-10,52.0,1736,106,238,40,30,4,10246,Legs,3,19,5.7
user_000079,2026-10-11,52.2,1970,101,279,50,2,3,16991,Upper,3,14,6.3
user_000079,2026-10-12,51.9,2085,93,300,57,48,4,14936,Legs,5,14,7.6
user_000079,2026-10-13,51.6,1621,101,185,53,17,1,16856,Pull,3,13,7.1
user_000079,2026-10-14,51.7,1595,107,177,51,60,1,7712,Legs,1,16,7.4
user_000079,2026-10-15,51.7,1985,100,286,49,35,5,8493,Push,3,19,5.6
user_000079,2026-10-16,51.4,1725,106,206,53,16,1,10589,Legs,2,17,7.9
user_000079,2026-10-17,51.3,1820,111,227,52,20,2,14997,Legs,1,19,6.0
user_000079,2026-10-18,51.3,2064,101,289,56,46,5,6459,Upper,4,9,5.7
user_000079,2026-10-19,51.3,1774,85,246,50,19,4,16114,Push,2,18,6.4
user_000079,2026-10-20,51.4,1277,110,144,29,3,3,10043,Upper,0,17,8.6
user_000079,2026-10-21,51.4,1147,107,110,31,24,1,17918,Push,4,15,8.7
user_000079,2026-10-22,51.3,1657,106,225,37,19,2,17937,Upper,4,6,6.3
user_000079,2026-10-23,51.1,1351,89,179,31,26,3,7325,Legs,5,18,5.9
user_000079,2026-10-24,50.9,1272,109,128,36,35,2,4827,Legs,1,12,6.1
user_000079,2026-10-25,50.8,1756,95,227,52,8,2,16269,Rest,,,8.2
user_000079,2026-10-26,50.6,1460,89,177,44,5,5,4808,Rest,,,6.7
user_000079,2026-10-27,50.6,1082,88,106,34,8,1,5176,Legs,4,15,7.8
user_000079,2026-10-28,50.5,1509,84,201,41,42,2,8006,Legs,5,20,8.5
user_000079,2026-10-29,50.1,1785,109,245,41,53,3,10208,Rest,,,7.4
user_000079,2026-10-30,50.3,1401,81,195,33,22,2,6573,Upper,2,16,8.3
user_000079,2026-10-31,50.4,1911,84,279,51,50,4,16110,Upper,1,18,6.9
user_000079,2026-11-01,50.7,1082,96,116,26,39,1,4980,Rest,,,7.7
user_000079,2026-11-02,50.4,1495,108,187,35,12,4,14788,Legs,1,20,8.6
user_000079,2026-11-03,50.4,1763,92,225,55,59,3,11765,Rest,,,8.4
user_000079,2026-11-04,50.2,1683,106,209,47,22,5,10294,Rest,,,6.6
user_000079,2026-11-05,50.4,1964,85,298,48,29,5,11324,Legs,3,16,8.1
user_000079,2026-11-06,50.2,2222,110,306,62,60,5,17120,Push,0,17,7.0
user_000079,2026-11-07,50.3,1331,88,157,39,21,1,11335,Legs,2,8,7.7
user_000079,2026-11-08,50.4,1146,93,135,26,27,1,7977,Legs,5,14,6.9
user_000079,2026-11-09,50.1,1115,85,124,31,60,2,4882,Upper,4,14,8.3
user_000079,2026-11-10,50.0,1493,82,208,37,25,4,5440,Upper,2,6,8.0
user_000079,2026-11-11,50.0,1917,93,258,57,39,4,13885,Upper,0,19,7.2
user_000079,2026-11-12,49.8,1808,89,255,48,44,5,3521,Pull,5,19,7.8
user_000079,2026-11-13,49.5,1275,101,130,39,15,3,3631,Upper,0,15,8.9
user_000079,2026-11-14,49.4,1460,103,163,44,1,5,7616,Upper,5,17,6.8
user_000079,2026-11-15,49.1,1770,81,240,54,29,1,17347,Rest,,,6.9
user_000079,2026-11-16,49.2,2059,103,306,47,60,5,7380,Push,5,18,6.5
user_000079,2026-11-17,49.2,1348,99,157,36,14,5,6312,Push,4,13,7.3
user_000079,2026-11-18,49.1,1512,95,184,44,40,4,7206,Legs,5,19,6.8
user_000079,2026-11-19,49.1,1670,103,229,38,13,5,16742,Push,4,10,6.8
user_000079,2026-11-20,49.2,1287,97,155,31,6,3,9463,Legs,4,15,7.4
user_000079,2026-11-21,49.4,1429,99,157,45,31,2,4537,Legs,0,14,7.9
user_000079,2026-11-22,49.1,1612,81,241,36,42,4,4295,Rest,,,6.5
user_000079,2026-11-23,48.9,1400,96,173,36,21,3,10622,Push,4,11,5.7
user_000079,2026-11-24,49.0,1621,106,180,53,20,2,7939,Pull,1,13,5.9
user_000079,2026-11-25,49.2,1968,88,287,52,41,5,11210,Rest,,,5.7
user_000079,2026-11-26,49.3,2129,92,303,61,32,4,10733,Push,4,7,5.9
user_000079,2026-11-27,49.4,1692,108,207,48,18,4,12834,Push,0,7,8.5
user_000080,2026-07-01,51.5,1799,84,242,55,4,4,8479,Legs,2,16,6.5
user_000080,2026-07-02,51.6,1975,101,287,47,4,5,13073,Pull,0,13,7.7
user_000080,2026-07-03,51.7,1927,90,259,59,42,1,4415,Upper,1,13,8.4
user_000080,2026-07-04,51.5,1843,109,237,51,41,2,11216,Push,1,11,7.6
user_000080,2026-07-05,51.8,1595,84,209,47,0,4,6863,Rest,,,6.5
user_000080,2026-07-06,51.9,2793,104,394,89,52,5,17542,Legs,1,10,7.9
user_000080,2026-07-07,52.0,2447,106,373,59,49,5,4483,Upper,3,15,7.8
user_000080,2026-07-08,52.1,2226,100,308,66,42,2,9663,Rest,,,8.6
user_000080,2026-07-09,51.9,2214,107,325,54,11,4,15508,Rest,,,8.6
user_000080,2026-07-10,51.6,1918,110,257,50,23,1,15032,Push,1,7,5.6
user_000080,2026-07-11,51.6,1755,95,220,55,17,3,7433,Pull,1,12,6.8
user_000080,2026-07-12,51.6,2027,85,280,63,5,2,15778,Pull,3,6,7.3
user_000080,2026-07-13,51.8,1643,87,227,43,19,3,5028,Rest,,,8.7
user_000080,2026-07-14,52.1,2407,103,348,67,34,5,5691,Legs,4,13,8.9
user_000080,2026-07-15,52.1,2180,102,290,68,34,2,11789,Upper,5,12,6.3
user_000080,2026-07-16,52.2,2187,97,317,59,24,3,15981,Legs,0,14,7.0
user_000080,2026-07-17,52.0,2265,89,358,53,49,4,13289,Rest,,,6.8
user_000080,2026-07-18,51.8,2238,105,306,66,45,3,10419,Legs,3,11,6.0
user_000080,2026-07-19,51.9,2154,100,326,50,40,2,12602,Rest,,,6.9
user_000080,2026-07-20,51.9,2208,107,292,68,47,4,12092,Rest,,,8.0
user_000080,2026-07-21,51.8,1788,112,227,48,8,2,5059,Rest,,,8.0
user_000080,2026-07-22,51.9,2323,105,343,59,26,4,15819,Upper,2,17,7.9
user_000080,2026-07-23,52.1,2233,83,338,61,33,5,12594,Push,5,19,5.9
user_000080,2026-07-24,51.9,2466,93,348,78,51,5,13468,Pull,0,12,6.6
user_000080,2026-07-25,52.1,1847,106,232,55,30,2,12559,Legs,4,19,6.6
user_000080,2026-07-26,52.2,1897,112,261,45,24,5,4337,Upper,3,11,8.9
user_000080,2026-07-27,52.2,2194,96,340,50,42,5,10127,Pull,4,7,5.8
user_000080,2026-07-28,52.0,2366,95,375,54,55,4,10463,Upper,5,11,7.4
user_000080,2026-07-29,51.8,2505,92,379,69,59,4,16083,Push,3,7,6.5
user_000080,2026-07-30,51.6,2137,95,302,61,23,3,17317,Upper,1,11,5.9
user_000080,2026-07-31,51.8,2534,105,362,74,60,2,15150,Pull,3,16,6.0
user_000080,2026-08-01,51.7,2480,102,374,64,57,4,16845,Pull,0,8,6.6
user_000080,2026-08-02,51.6,1969,103,252,61,13,1,17653,Pull,5,17,6.0
user_000080,2026-08-03,51.8,1965,109,254,57,20,2,7848,Pull,2,16,8.5
user_000080,2026-08-04,51.9,1836,84,267,48,44,1,12795,Rest,,,7.8
user_000080,2026-08-05,51.9,2226,95,331,58,35,3,16667,Legs,5,20,7.5
user_000080,2026-08-06,51.7,2524,93,394,64,44,4,10123,Legs,4,15,6.1
user_000080,2026-08-07,51.8,2323,109,321,67,57,4,9156,Rest,,,5.5
user_000080,2026-08-08,51.9,2494,83,356,82,39,5,13307,Push,4,16,8.9
user_000080,2026-08-09,51.8,2129,107,315,49,8,5,17256,Rest,,,8.8
user_000080,2026-08-10,52.1,1966,109,279,46,35,4,7481,Rest,,,6.4
user_000080,2026-08-11,51.9,2245,83,314,73,32,4,17450,Rest,,,9.0
user_000080,2026-08-12,52.1,2115,85,320,55,57,2,3800,Pull,5,11,6.6
user_000080,2026-08-13,52.1,2186,86,339,54,16,4,11158,Legs,2,9,7.6
user_000080,2026-08-14,51.9,2109,97,302,57,60,1,14774,Push,5,8,6.4
user_000080,2026-08-15,51.8,1989,97,290,49,30,4,4571,Rest,,,8.2
user_000080,2026-08-16,51.8,1891,84,265,55,12,2,5373,Rest,,,7.7
user_000080,2026-08-17,51.8,2365,97,321,77,18,2,17423,Push,4,18,6.3
user_000080,2026-08-18,52.0,1845,103,257,45,20,4,3939,Rest,,,7.4
user_000080,2026-08-19,51.9,2194,84,325,62,46,1,17257,Legs,5,6,7.2
user_000080,2026-08-20,52.0,1735,86,251,43,55,1,4832,Rest,,,7.0
user_000080,2026-08-21,51.9,1768,95,257,40,18,5,4461,Push,1,14,8.6
user_000080,2026-08-22,51.8,2347,112,342,59,55,5,8883,Legs,2,15,5.6
user_000080,2026-08-23,51.6,2303,98,327,67,42,4,10731,Push,1,13,7.9
user_000080,2026-08-24,51.6,1562,85,202,46,6,1,17751,Rest,,,7.2
user_000080,2026-08-25,51.4,2167,111,271,71,48,4,10719,Legs,4,19,8.2
user_000080,2026-08-26,51.2,1874,100,256,50,16,1,16896,Pull,5,12,5.7
user_000080,2026-08-27,51.0,1490,96,173,46,50,1,3011,Legs,0,17,8.7
user_000080,2026-08-28,51.2,1623,84,216,47,21,5,12465,Pull,4,10,6.5
user_000080,2026-08-29,51.3,1507,89,191,43,9,1,3588,Push,3,15,7.4
user_000080,2026-08-30,51.5,1959,89,277,55,39,3,8174,Rest,,,7.3
user_000080,2026-08-31,51.6,2358,96,345,66,33,5,15949,Pull,1,16,6.6
user_000080,2026-09-01,51.3,1907,104,276,43,47,2,13202,Push,5,14,6.9
user_000080,2026-09-02,51.6,1713,103,215,49,4,5,7177,Pull,0,15,8.2
user_000080,2026-09-03,51.9,1791,106,218,55,56,1,12784,Rest,,,6.8
user_000080,2026-09-04,51.7,2052,92,304,52,55,4,5220,Legs,2,17,5.7
user_000080,2026-09-05,51.4,2163,83,334,55,23,3,16215,Legs,3,20,9.0
user_000080,2026-09-06,51.2,1865,93,263,49,0,3,7132,Pull,1,9,7.7
user_000080,2026-09-07,51.5,1761,93,228,53,24,2,6414,Pull,3,10,5.6
user_000080,2026-09-08,51.3,1789,87,250,49,12,1,9883,Pull,4,20,5.8
user_000080,2026-09-09,51.2,1997,84,269,65,47,2,13793,Push,3,17,7.8
user_000080,2026-09-10,51.0,1684,84,238,44,1,4,12453,Push,1,18,6.2
user_000080,2026-09-11,51.0,1787,86,255,47,4,5,12838,Legs,5,20,7.7
user_000080,2026-09-12,50.8,1957,89,299,45,7,2,9845,Legs,5,15,8.7
user_000080,2026-09-13,50.6,1500,87,198,40,40,1,13311,Push,1,17,8.5
user_000080,2026-09-14,50.5,1604,100,211,40,15,1,9045,Legs,0,9,8.6
user_000080,2026-09-15,50.3,2114,107,273,66,58,2,16321,Push,4,17,7.4
user_000080,2026-09-16,50.4,1640,88,205,52,17,4,4345,Upper,1,13,6.6
user_000080,2026-09-17,50.6,2090,83,291,66,18,3,11808,Push,4,16,5.9
user_000080,2026-09-18,50.3,1886,95,237,62,41,5,3872,Push,5,11,6.5
user_000080,2026-09-19,50.6,1970,91,298,46,16,4,10038,Upper,0,17,7.2
user_000080,2026-09-20,50.7,2603,109,409,59,47,4,17950,Upper,0,16,6.0
user_000080,2026-09-21,50.5,1816,84,271,44,41,2,13182,Rest,,,5.7
user_000080,2026-09-22,50.4,2098,105,316,46,11,3,17932,Push,3,19,6.0
user_000080,2026-09-23,50.4,1843,106,222,59,40,4,5879,Legs,2,10,7.4
user_000080,2026-09-24,50.5,1838,80,249,58,27,1,8914,Rest,,,6.8
user_000080,2026-09-25,50.7,1829,91,247,53,49,2,13920,Pull,4,7,8.4
user_000080,2026-09-26,50.6,2123,97,319,51,33,2,15242,Pull,5,14,7.8
user_000080,2026-09-27,50.5,2287,89,314,75,39,5,17650,Legs,5,16,8.2
user_000080,2026-09-28,50.8,1749,99,246,41,16,1,8662,Rest,,,8.2
user_000080,2026-09-29,51.0,2153,82,301,69,24,2,16471,Legs,3,11,7.3
user_000080,2026-09-30,51.0,1675,93,211,51,24,5,5502,Upper,4,6,7.0
user_000080,2026-10-01,51.3,2006,84,314,46,25,2,10875,Pull,5,13,6.8
user_000080,2026-10-02,51.2,1816,95,224,60,46,4,8819,Push,1,16,6.4
user_000080,2026-10-03,51.4,1997,86,312,45,15,3,16446,Pull,4,19,8.7
user_000080,2026-10-04,51.4,1869,100,239,57,10,4,14384,Pull,3,17,6.6
user_000080,2026-10-05,51.5,2176,112,270,72,46,4,11792,Push,4,18,6.7
user_000080,2026-10-06,51.5,1667,112,190,51,33,3,8355,Legs,5,13,5.8
user_000080,2026-10-07,51.5,1549,104,191,41,30,1,6044,Push,5,15,6.0
user_000080,2026-10-08,51.8,1693,97,216,49,1,3,12771,Pull,2,11,5.8
user_000080,2026-10-09,52.1,2211,87,333,59,36,4,11707,Legs,1,17,6.2
user_000080,2026-10-10,51.9,1762,89,221,58,22,2,16334,Pull,1,6,7.7
user_000080,2026-10-11,52.0,1552,110,170,48,12,5,3548,Upper,0,19,5.8
user_000080,2026-10-12,51.7,1618,85,234,38,18,4,11409,Upper,1,18,6.8
user_000080,2026-10-13,51.8,1758,111,198,58,46,2,4023,Push,4,20,7.7
user_000080,2026-10-14,51.7,2137,94,294,65,43,4,4008,Legs,5,20,8.4
user_000080,2026-10-15,51.4,1615,93,205,47,26,1,12522,Pull,4,7,8.9
user_000080,2026-10-16,51.5,2147,110,294,59,38,4,16906,Legs,1,15,7.2
user_000080,2026-10-17,51.5,2152,101,320,52,52,2,5293,Legs,1,11,7.5
user_000080,2026-10-18,51.2,1599,90,213,43,27,1,9817,Rest,,,6.7
user_000080,2026-10-19,51.3,1874,92,273,46,7,2,15918,Rest,,,8.4
user_000080,2026-10-20,51.4,1679,112,193,51,44,1,10385,Pull,4,10,8.0
user_000080,2026-10-21,51.5,1858,91,252,54,19,1,15272,Push,1,15,8.1
user_000080,2026-10-22,51.7,2241,93,303,73,43,5,4819,Rest,,,7.6
user_000080,2026-10-23,51.7,1701,84,249,41,22,1,3616,Push,1,9,6.2
user_000080,2026-10-24,51.7,2504,84,416,56,58,5,12688,Pull,4,15,6.5
user_000080,2026-10-25,51.6,1739,91,229,51,13,2,5967,Rest,,,8.5
user_000080,2026-10-26,51.4,1765,87,253,45,40,2,7270,Rest,,,6.9
user_000080,2026-10-27,51.3,1952,100,262,56,0,2,17178,Pull,5,13,6.1
user_000080,2026-10-28,51.2,1922,95,246,62,17,5,11985,Upper,5,14,8.1
user_000080,2026-10-29,51.3,1679,88,235,43,46,1,13412,Pull,2,8,6.7
user_000080,2026-10-30,51.6,2074,99,298,54,53,2,17382,Push,0,9,6.2
user_000080,2026-10-31,51.8,2023,82,300,55,16,5,8824,Rest,,,8.4
user_000080,2026-11-01,52.1,1732,96,229,48,5,4,3437,Rest,,,7.8
user_000080,2026-11-02,52.3,1916,96,284,44,26,4,15992,Push,0,17,8.1
user_000080,2026-11-03,52.5,1542,106,185,42,60,1,9879,Rest,,,7.4
user_000080,2026-11-04,52.2,1750,88,237,50,35,3,7819,Rest,,,5.9
user_000080,2026-11-05,52.1,2333,84,335,73,54,5,15388,Upper,4,16,6.5
user_000080,2026-11-06,52.1,1627,113,179,51,11,3,10272,Legs,0,11,6.6
user_000080,2026-11-07,51.9,1473,99,195,33,0,2,4146,Pull,4,15,7.4
user_000080,2026-11-08,51.6,1666,86,227,46,31,1,5938,Rest,,,5.9
user_000080,2026-11-09,51.5,1968,111,282,44,27,3,13349,Legs,4,14,6.7
user_000080,2026-11-10,51.3,1693,89,233,45,41,4,3176,Upper,3,17,5.7
user_000080,2026-11-11,51.5,1988,89,309,44,40,3,16505,Pull,5,10,6.9
user_000080,2026-11-12,51.7,1606,97,201,46,25,2,6497,Push,5,15,8.3
user_000080,2026-11-13,51.6,1730,88,241,46,35,2,10040,Pull,4,10,5.8
user_000080,2026-11-14,51.7,2092,102,286,60,52,4,11755,Rest,,,8.3
user_000080,2026-11-15,51.8,2007,106,290,47,22,5,9022,Pull,5,13,6.2
user_000080,2026-11-16,51.7,1677,110,208,45,12,4,5517,Upper,3,15,6.7
user_000080,2026-11-17,51.6,1736,85,232,52,34,1,4766,Pull,1,7,5.8
user_000080,2026-11-18,51.8,1634,85,220,46,36,4,4254,Pull,0,15,8.2
user_000080,2026-11-19,51.8,2096,98,318,48,58,3,11059,Upper,0,9,6.9
user_000080,2026-11-20,51.5,1733,105,227,45,0,3,7351,Upper,4,18,5.9
user_000080,2026-11-21,51.5,1623,110,190,47,6,3,9107,Legs,3,11,7.4
user_000080,2026-11-22,51.3,2444,104,336,76,41,5,14001,Push,3,11,8.5
user_000080,2026-11-23,51.3,1857,84,279,45,49,1,4172,Rest,,,7.1
user_000080,2026-11-24,51.2,2045,93,308,49,33,5,5313,Push,2,12,7.7
user_000080,2026-11-25,51.3,2132,104,294,60,30,4,12259,Upper,0,20,8.8
user_000080,2026-11-26,51.4,2035,90,295,55,30,4,10371,Push,0,6,6.4
user_000080,2026-11-27,51.6,1711,96,244,39,52,1,9241,Legs,3,19,8.3
user_000081,2026-07-01,51.6,1456,107,158,44,48,3,15118,Pull,4,7,7.0
user_000081,2026-07-02,51.8,1194,112,119,30,29,3,8783,Upper,3,12,7.8
user_000081,2026-07-03,51.9,1481,90,179,45,53,2,8127,Upper,5,12,6.1
user_000081,2026-07-04,52.0,1446,98,178,38,18,5,11559,Upper,0,20,6.2
user_000081,2026-07-05,51.8,1551,94,206,39,17,4,14425,Rest,,,7.6
user_000081,2026-07-06,51.7,1092,107,112,24,1,4,4434,Legs,2,14,5.5
user_000081,2026-07-07,51.5,1159,113,107,31,34,1,10108,Legs,2,13,8.4
user_000081,2026-07-08,51.2,1423,98,179,35,40,3,6981,Push,0,7,5.8
user_000081,2026-07-09,51.3,1196,85,142,32,13,1,16399,Push,2,8,7.6
user_000081,2026-07-10,51.1,1383,100,167,35,9,5,11730,Pull,2,19,6.6
user_000081,2026-07-11,50.9,1392,83,166,44,48,3,6652,Legs,0,15,5.8
user_000081,2026-07-12,50.9,1543,90,181,51,56,3,3961,Push,5,10,6.7
user_000081,2026-07-13,51.0,1084,97,102,32,21,5,7162,Rest,,,8.5
user_000081,2026-07-14,51.0,1409,108,143,45,9,2,15810,Push,2,19,6.7
user_000081,2026-07-15,51.1,1462,104,185,34,44,2,13336,Legs,4,6,5.6
user_000081,2026-07-16,50.9,1536,86,199,44,56,3,16912,Push,4,19,6.3
user_000081,2026-07-17,50.7,1120,101,107,32,14,1,3626,Rest,,,8.8
user_000081,2026-07-18,50.7,1610,106,202,42,21,2,15897,Legs,4,12,7.7
user_000081,2026-07-19,50.7,1322,110,144,34,28,1,13283,Upper,3,13,8.5
user_000081,2026-07-20,50.9,1085,88,118,29,7,1,4871,Pull,0,20,8.6
user_000081,2026-07-21,50.7,1154,92,111,38,32,1,5675,Rest,,,6.8
user_000081,2026-07-22,50.4,1223,88,139,35,16,1,10445,Rest,,,7.8
user_000081,2026-07-23,50.6,1094,106,100,30,5,3,6815,Legs,0,12,5.7
user_000081,2026-07-24,50.3,1502,110,162,46,42,4,10057,Rest,,,6.8
user_000081,2026-07-25,50.1,1476,97,191,36,56,3,6330,Pull,0,7,6.4
user_000081,2026-07-26,50.2,1310,82,169,34,22,4,16731,Rest,,,7.2
user_000081,2026-07-27,50.2,1307,102,155,31,46,2,12760,Rest,,,8.1
user_000081,2026-07-28,50.1,1347,85,164,39,0,3,13084,Legs,0,15,7.5
user_000081,2026-07-29,50.1,1613,99,221,37,33,4,12735,Rest,,,6.7
user_000081,2026-07-30,50.2,1402,104,161,38,25,2,9259,Push,4,8,6.3
user_000081,2026-07-31,50.4,1203,110,112,35,24,1,3239,Pull,1,19,8.8
user_000081,2026-08-01,50.2,1131,110,103,31,22,4,11509,Pull,4,18,6.3
user_000081,2026-08-02,50.3,1599,83,211,47,60,4,6707,Upper,1,15,7.3
user_000081,2026-08-03,50.5,1721,102,227,45,16,4,11858,Legs,2,17,6.6
user_000081,2026-08-04,50.6,1080,109,98,28,21,2,6441,Rest,,,7.7
user_000081,2026-08-05,50.7,1329,108,132,41,17,5,10797,Pull,5,8,8.4
user_000081,2026-08-06,50.7,1257,105,126,37,7,1,6805,Upper,1,13,7.3
user_000081,2026-08-07,50.9,1686,110,199,50,56,4,13176,Upper,5,15,6.3
user_000081,2026-08-08,50.9,1293,84,147,41,18,5,6006,Upper,5,20,6.6
user_000081,2026-08-09,50.6,1452,109,146,48,14,2,12946,Push,3,14,6.7
user_000081,2026-08-10,50.7,1084,102,115,24,14,3,3972,Rest,,,8.9
user_000081,2026-08-11,50.5,1090,98,107,30,29,3,6363,Legs,5,6,8.4
user_000081,2026-08-12,50.3,1668,83,226,48,59,2,12657,Rest,,,6.1
user_000081,2026-08-13,50.0,1817,87,275,41,51,5,11462,Legs,1,14,7.7
user_000081,2026-08-14,50.0,1797,86,271,41,47,5,11933,Upper,1,15,6.2
user_000081,2026-08-15,50.2,1321,103,135,41,27,3,11118,Pull,5,17,8.0
user_000081,2026-08-16,50.1,1437,101,175,37,42,1,14110,Rest,,,6.0
user_000081,2026-08-17,50.2,1264,110,125,36,42,2,5585,Legs,3,6,6.8
user_000081,2026-08-18,50.0,1294,82,165,34,39,1,3153,Legs,4,9,7.4
user_000081,2026-08-19,49.8,1313,87,176,29,60,3,8414,Legs,4,8,6.3
user_000081,2026-08-20,49.7,1329,85,182,29,8,2,17848,Upper,5,19,7.6
user_000081,2026-08-21,49.8,1526,86,201,42,39,5,9981,Legs,1,19,5.9
user_000081,2026-08-22,49.5,1362,106,149,38,55,3,7990,Pull,5,19,8.8
user_000081,2026-08-23,49.6,1809,105,219,57,22,5,14179,Legs,1,15,7.3
user_000081,2026-08-24,49.5,1658,91,211,50,43,4,13762,Rest,,,5.8
user_000081,2026-08-25,49.4,1739,102,218,51,53,3,17511,Push,3,19,8.6
user_000081,2026-08-26,49.3,1071,96,111,27,21,2,8531,Push,0,7,8.3
user_000081,2026-08-27,49.0,1815,83,256,51,60,2,14011,Rest,,,7.4
user_000081,2026-08-28,48.7,1391,88,172,39,49,2,12194,Upper,0,16,5.9
user_000081,2026-08-29,48.7,1153,87,118,37,5,4,7208,Push,1,17,8.4
user_000081,2026-08-30,48.5,1494,106,164,46,59,4,3708,Legs,1,15,7.0
user_000081,2026-08-31,48.8,1395,90,171,39,12,3,7620,Push,2,8,8.8
user_000081,2026-09-01,48.8,1658,97,232,38,52,4,14606,Rest,,,7.6
user_000081,2026-09-02,48.6,1426,96,166,42,43,1,14989,Upper,0,15,8.0
user_000081,2026-09-03,48.5,1527,106,170,47,39,3,16516,Legs,0,13,6.5
user_000081,2026-09-04,48.2,1064,106,88,32,11,1,8768,Upper,0,16,7.0
user_000081,2026-09-05,48.1,1260,94,158,28,49,3,10232,Pull,4,10,7.4
user_000081,2026-09-06,48.3,1215,90,144,31,34,1,9878,Pull,0,17,5.9
user_000081,2026-09-07,48.3,1446,89,178,42,37,3,9086,Push,2,16,8.6
user_000081,2026-09-08,48.4,1385,96,158,41,30,5,10186,Legs,3,18,7.6
user_000081,2026-09-09,48.1,1437,97,179,37,16,3,17652,Push,3,20,8.7
user_000081,2026-09-10,48.1,1352,83,183,32,48,2,8721,Upper,3,15,7.5
user_000081,2026-09-11,48.1,1060,104,89,32,10,2,3170,Push,1,6,6.5
user_000081,2026-09-12,48.3,1485,98,163,49,3,1,12484,Rest,,,7.5
user_000081,2026-09-13,48.1,1597,93,223,37,32,3,10804,Upper,2,10,5.5
user_000081,2026-09-14,48.0,1351,98,170,31,55,4,6045,Push,2,6,5.9
user_000081,2026-09-15,48.0,1187,90,146,27,25,4,9278,Legs,2,20,5.8
user_000081,2026-09-16,48.3,1371,102,171,31,0,2,12927,Upper,2,15,8.2
user_000081,2026-09-17,48.3,1556,98,210,36,42,3,13584,Rest,,,5.8
user_000081,2026-09-18,48.2,2093,89,306,57,38,4,11132,Pull,4,15,7.5
user_000081,2026-09-19,48.3,1867,79,255,59,37,5,11645,Push,0,11,8.7
user_000081,2026-09-20,48.3,1540,81,223,36,29,3,14618,Rest,,,8.7
user_000081,2026-09-21,48.4,1191,94,143,27,37,1,3509,Pull,0,14,5.6
user_000081,2026-09-22,48.3,1738,104,227,46,42,3,14114,Push,3,17,5.6
user_000081,2026-09-23,48.4,1359,102,168,31,2,5,3069,Pull,0,15,8.2
user_000081,2026-09-24,48.1,1671,91,212,51,50,3,8391,Rest,,,8.0
user_000081,2026-09-25,47.9,1310,85,166,34,22,3,3824,Rest,,,6.1
user_000081,2026-09-26,47.9,2162,84,326,58,58,5,14499,Pull,5,20,6.3
user_000081,2026-09-27,47.9,1696,102,205,52,39,3,11878,Push,3,14,6.0
user_000081,2026-09-28,48.0,1532,98,186,44,7,5,13964,Pull,5,12,8.3
user_000081,2026-09-29,48.0,2084,90,323,48,50,5,13681,Legs,1,19,5.7
user_000081,2026-09-30,47.9,2022,94,308,46,52,5,12249,Upper,4,10,7.9
user_000081,2026-10-01,47.8,1333,101,149,37,25,1,11308,Legs,1,13,8.1
user_000081,2026-10-02,47.7,1207,87,136,35,45,3,5261,Upper,5,8,8.9
user_000081,2026-10-03,47.8,1555,90,193,47,39,3,11209,Upper,0,13,6.9
user_000081,2026-10-04,48.0,1293,100,158,29,3,5,10055,Rest,,,6.7
user_000081,2026-10-05,47.8,1531,99,187,43,34,4,5577,Push,0,12,7.5
user_000081,2026-10-06,47.7,1617,77,226,45,48,3,14876,Legs,2,17,6.9
user_000081,2026-10-07,47.7,1193,88,127,37,12,4,5036,Pull,1,20,5.5
user_000081,2026-10-08,47.7,1254,101,136,34,53,2,3587,Push,2,19,7.8
user_000081,2026-10-09,47.8,1461,103,179,37,45,1,13360,Upper,4,10,8.7
user_000081,2026-10-10,47.7,1825,78,250,57,52,3,14607,Rest,,,8.4
user_000081,2026-10-11,47.9,1420,102,181,32,16,3,9504,Push,5,7,9.0
user_000081,2026-10-12,47.6,1451,90,185,39,42,2,10251,Upper,0,6,8.5
user_000081,2026-10-13,47.3,1732,79,264,40,58,3,14230,Legs,3,16,8.9
user_000081,2026-10-14,47.2,1395,94,176,35,10,2,8659,Legs,2,8,6.1
user_000081,2026-10-15,47.4,1182,77,160,26,31,1,3741,Upper,2,14,8.0
user_000081,2026-10-16,47.7,1789,80,266,45,31,5,11876,Rest,,,6.3
user_000081,2026-10-17,47.5,2060,101,297,52,59,5,10288,Legs,3,9,6.7
user_000081,2026-10-18,47.5,1505,87,215,33,35,4,10992,Upper,0,11,6.6
user_000081,2026-10-19,47.6,1664,84,242,40,14,5,6367,Pull,5,12,7.4
user_000081,2026-10-20,47.3,1412,102,170,36,22,2,15104,Rest,,,6.2
user_000081,2026-10-21,47.3,1055,81,104,35,14,1,4241,Pull,3,18,7.4
user_000081,2026-10-22,47.1,1402,85,171,42,6,4,14532,Push,5,19,6.1
user_000081,2026-10-23,47.4,1720,84,229,52,43,5,4396,Push,0,9,6.9
user_000081,2026-10-24,47.5,2137,90,325,53,52,5,15398,Legs,2,8,6.2
user_000081,2026-10-25,47.7,1600,76,216,48,41,4,12579,Rest,,,6.1
user_000081,2026-10-26,47.4,1080,95,121,24,34,1,8214,Push,4,12,7.2
user_000081,2026-10-27,47.1,2081,81,329,49,59,5,13034,Rest,,,7.4
user_000081,2026-10-28,46.9,1658,78,215,54,10,4,14947,Legs,0,15,8.4
user_000081,2026-10-29,46.7,1052,89,120,24,5,1,3237,Rest,,,6.4
user_000081,2026-10-30,46.9,1183,99,109,39,51,1,6690,Upper,5,6,7.5
user_000081,2026-10-31,46.7,1220,93,131,36,17,1,3964,Upper,2,10,8.8
user_000081,2026-11-01,46.4,1901,86,252,61,35,5,13641,Upper,2,10,5.5
user_000081,2026-11-02,46.5,1416,86,187,36,9,3,16567,Rest,,,6.3
user_000081,2026-11-03,46.2,1656,78,246,40,60,1,14146,Pull,1,15,8.9
user_000081,2026-11-04,46.3,1459,97,162,47,27,1,8208,Pull,5,6,6.7
user_000081,2026-11-05,46.1,1524,101,190,40,59,2,14881,Upper,5,18,5.7
user_000081,2026-11-06,45.8,1890,98,262,50,57,5,15261,Upper,1,14,5.7
user_000081,2026-11-07,46.1,1517,85,184,49,19,2,5274,Rest,,,6.4
user_000081,2026-11-08,46.2,1551,86,196,47,50,1,16744,Rest,,,6.8
user_000081,2026-11-09,46.1,1196,87,140,32,5,1,5445,Push,1,9,8.2
user_000081,2026-11-10,45.9,1206,80,136,38,5,1,7926,Legs,3,17,5.9
user_000081,2026-11-11,45.6,1387,74,176,43,19,3,17905,Upper,0,18,8.3
user_000081,2026-11-12,45.6,1080,76,140,24,4,3,4035,Pull,2,6,7.5
user_000081,2026-11-13,45.7,1625,74,240,41,17,3,15776,Pull,0,14,5.8
user_000081,2026-11-14,45.5,1131,91,122,31,19,3,9601,Push,5,7,5.7
user_000081,2026-11-15,45.7,1561,81,226,37,23,4,16657,Push,3,12,7.4
user_000081,2026-11-16,45.6,1676,92,219,48,41,4,5624,Rest,,,6.1
user_000081,2026-11-17,45.5,1324,73,168,40,29,1,12639,Rest,,,6.7
user_000081,2026-11-18,45.2,1381,80,173,41,15,5,11497,Push,5,19,7.2
user_000081,2026-11-19,45.4,1237,85,150,33,6,1,7385,Rest,,,5.5
user_000081,2026-11-20,45.0,1650,91,218,46,38,5,10688,Upper,0,16,8.8
user_000081,2026-11-21,45.0,1651,75,223,51,36,1,17734,Push,5,16,8.3
user_000081,2026-11-22,44.8,1560,75,216,44,12,5,14336,Legs,0,12,7.3
user_000081,2026-11-23,44.6,1035,90,108,27,17,1,5243,Push,3,12,8.7
user_000081,2026-11-24,44.5,1580,85,229,36,20,2,16133,Legs,3,17,8.1
user_000081,2026-11-25,44.1,1315,84,166,35,57,3,7056,Upper,0,19,5.6
user_000081,2026-11-26,44.2,1026,81,117,26,6,3,3737,Rest,,,6.0
user_000081,2026-11-27,44.5,1393,77,179,41,29,1,14936,Legs,2,13,6.1
user_000082,2026-07-01,51.5,1609,113,188,45,26,4,15060,Pull,4,11,8.7
user_000082,2026-07-02,51.5,1595,99,212,39,45,3,9824,Rest,,,5.8
user_000082,2026-07-03,51.1,1352,110,156,32,48,1,9356,Rest,,,6.7
user_000082,2026-07-04,50.8,1531,106,171,47,25,4,15002,Upper,0,15,6.6
user_000082,2026-07-05,51.0,1508,109,178,40,6,2,16990,Legs,1,19,8.3
user_000082,2026-07-06,51.2,1738,101,221,50,57,4,6377,Rest,,,8.5
user_000082,2026-07-07,50.9,1901,84,263,57,55,5,14504,Upper,3,9,5.6
user_000082,2026-07-08,50.8,1997,86,276,61,60,5,5739,Legs,2,9,8.1
user_000082,2026-07-09,50.6,1952,89,273,56,41,5,6538,Push,5,20,7.0
user_000082,2026-07-10,50.3,1180,100,114,36,17,1,15018,Upper,1,9,5.7
user_000082,2026-07-11,50.0,1404,101,160,40,21,4,17506,Rest,,,8.0
user_000082,2026-07-12,49.8,1420,82,201,32,0,4,17213,Push,4,10,6.9
user_000082,2026-07-13,50.1,1358,82,172,38,25,1,11313,Rest,,,8.6
user_000082,2026-07-14,50.1,1452,101,172,40,8,2,16859,Upper,1,6,6.8
user_000082,2026-07-15,50.2,1078,100,111,26,4,4,4085,Rest,,,7.3
user_000082,2026-07-16,50.3,1602,94,212,42,59,4,15739,Legs,1,17,8.8
user_000082,2026-07-17,50.5,1212,90,150,28,6,1,8228,Rest,,,5.8
user_000082,2026-07-18,50.6,1774,80,233,58,59,4,12063,Upper,4,18,7.9
user_000082,2026-07-19,50.7,1207,83,131,39,24,4,3730,Push,1,16,8.3
user_000082,2026-07-20,50.6,1448,106,166,40,46,1,17334,Legs,4,17,8.5
user_000082,2026-07-21,50.6,1506,84,198,42,57,3,10833,Legs,0,12,5.8
user_000082,2026-07-22,50.9,1367,87,176,35,21,5,4972,Upper,3,9,6.9
user_000082,2026-07-23,50.9,1520,107,174,44,40,2,11967,Legs,4,19,8.0
user_000082,2026-07-24,51.1,1642,83,242,38,49,5,6726,Push,3,18,8.7
user_000082,2026-07-25,51.3,1850,100,250,50,50,4,11062,Upper,3,15,8.8
user_000082,2026-07-26,51.6,2013,90,303,49,60,3,17900,Rest,,,6.2
user_000082,2026-07-27,51.4,1089,111,96,29,11,3,11397,Upper,2,10,6.2
user_000082,2026-07-28,51.5,1417,112,168,33,12,3,11235,Legs,4,14,5.8
user_000082,2026-07-29,51.5,1537,104,188,41,58,4,3131,Upper,0,10,7.8
user_000082,2026-07-30,51.3,1089,95,112,29,10,2,3871,Upper,2,13,8.0
user_000082,2026-07-31,51.2,1409,102,149,45,38,4,11962,Push,1,10,6.7
user_000082,2026-08-01,51.4,1129,106,102,33,11,1,3003,Rest,,,7.8
user_000082,2026-08-02,51.2,1645,84,208,53,47,5,9585,Legs,1,8,8.6
user_000082,2026-08-03,51.1,1753,110,200,57,22,5,12880,Pull,0,10,7.2
user_000082,2026-08-04,51.2,1237,107,119,37,43,1,10163,Legs,2,16,8.4
user_000082,2026-08-05,50.9,1393,98,149,45,22,5,17355,Upper,3,17,6.1
user_000082,2026-08-06,51.0,1789,103,252,41,46,4,8512,Pull,3,19,7.5
user_000082,2026-08-07,50.8,1762,102,217,54,42,5,7512,Pull,3,9,7.6
user_000082,2026-08-08,50.5,1299,85,152,39,9,3,7326,Legs,5,20,6.2
user_000082,2026-08-09,50.5,1444,92,179,40,55,2,11803,Upper,5,17,5.8
user_000082,2026-08-10,50.6,1085,108,98,29,22,4,3201,Pull,0,17,7.5
user_000082,2026-08-11,50.8,2270,104,333,58,54,5,12846,Push,0,14,6.3
user_000082,2026-08-12,50.6,1429,85,180,41,8,5,11505,Upper,4,11,6.6
user_000082,2026-08-13,50.6,1711,106,198,55,48,5,9386,Push,4,10,7.4
user_000082,2026-08-14,50.3,1085,105,110,25,6,3,9391,Upper,2,13,7.5
user_000082,2026-08-15,50.5,2119,81,298,67,56,5,14745,Legs,2,6,5.7
user_000082,2026-08-16,50.6,1816,83,272,44,58,4,10591,Push,1,8,6.1
user_000082,2026-08-17,50.5,1502,87,203,38,60,2,8937,Push,5,20,8.0
user_000082,2026-08-18,50.6,1683,95,238,39,13,5,13842,Push,5,17,7.3
user_000082,2026-08-19,50.3,1172,96,116,36,13,3,17501,Legs,1,16,7.8
user_000082,2026-08-20,50.3,1646,99,209,46,29,3,10185,Pull,4,12,9.0
user_000082,2026-08-21,50.3,1142,103,115,30,50,1,13069,Upper,4,13,6.0
user_000082,2026-08-22,50.5,1747,89,251,43,39,5,12932,Rest,,,5.5
user_000082,2026-08-23,50.3,2029,99,271,61,52,5,13534,Legs,2,10,8.2
user_000082,2026-08-24,50.0,1408,108,154,40,46,2,17197,Pull,3,17,8.1
user_000082,2026-08-25,50.0,1237,87,157,29,8,4,9250,Push,3,6,7.7
user_000082,2026-08-26,50.1,1079,83,108,35,10,3,7822,Rest,,,6.3
user_000082,2026-08-27,50.1,1310,84,167,34,38,3,9600,Push,5,16,8.3
user_000082,2026-08-28,50.0,1263,100,128,39,29,5,9921,Pull,0,10,7.2
user_000082,2026-08-29,49.8,1772,84,233,56,23,3,11245,Rest,,,8.6
user_000082,2026-08-30,49.5,1450,86,182,42,26,5,14262,Rest,,,7.3
user_000082,2026-08-31,49.2,1521,89,208,37,11,2,14360,Pull,5,12,6.5
user_000082,2026-09-01,49.3,1137,89,130,29,56,1,3524,Pull,5,6,7.4
user_000082,2026-09-02,49.5,1286,97,157,30,26,3,8717,Pull,3,15,7.2
user_000082,2026-09-03,49.5,1378,82,177,38,55,1,7448,Push,5,16,6.4
user_000082,2026-09-04,49.6,1072,103,93,32,11,3,5749,Upper,2,17,7.0
user_000082,2026-09-05,49.2,1528,91,192,44,58,2,17575,Rest,,,8.2
user_000082,2026-09-06,49.0,1331,92,153,39,42,3,10947,Rest,,,5.8
user_000082,2026-09-07,48.8,1522,82,222,34,41,3,8830,Upper,2,7,8.7
user_000082,2026-09-08,48.9,1067,99,107,27,22,2,9933,Legs,1,10,6.0
user_000082,2026-09-09,48.7,1471,83,188,43,46,2,15381,Push,2,20,6.0
user_000082,2026-09-10,48.7,1527,91,185,47,33,4,7843,Legs,5,16,8.6
user_000082,2026-09-11,48.4,1065,93,99,33,41,1,8951,Pull,5,16,8.7
user_000082,2026-09-12,48.2,1200,93,144,28,1,4,11814,Upper,0,13,7.5
user_000082,2026-09-13,48.1,1710,103,230,42,36,2,17885,Push,1,8,7.1
user_000082,2026-09-14,48.0,1760,94,247,44,40,1,16453,Pull,4,8,5.6
user_000082,2026-09-15,48.2,1506,76,206,42,41,2,4911,Rest,,,7.4
user_000082,2026-09-16,48.1,1117,102,94,37,17,3,8125,Upper,2,9,7.9
user_000082,2026-09-17,48.3,1578,86,223,38,53,5,8722,Push,5,7,7.5
user_000082,2026-09-18,48.0,1389,92,154,45,44,3,13150,Rest,,,6.6
user_000082,2026-09-19,47.9,1431,87,174,43,10,1,14204,Legs,0,6,7.4
user_000082,2026-09-20,47.8,1261,87,163,29,14,2,14649,Pull,1,15,5.8
user_000082,2026-09-21,48.0,1260,86,166,28,27,3,9071,Pull,0,19,7.4
user_000082,2026-09-22,47.8,1541,103,172,49,40,3,13070,Upper,3,7,5.7
user_000082,2026-09-23,47.7,1113,98,124,25,16,1,11663,Upper,5,14,6.0
user_000082,2026-09-24,47.6,1322,83,162,38,14,1,6429,Upper,0,11,7.3
user_000082,2026-09-25,47.7,1057,85,114,29,17,1,7583,Pull,5,13,7.4
user_000082,2026-09-26,47.8,1059,85,101,35,3,2,13137,Push,3,14,8.9
user_000082,2026-09-27,47.6,1061,78,131,25,24,2,9289,Pull,4,17,8.4
user_000082,2026-09-28,47.6,1056,84,108,32,41,1,5436,Legs,5,8,7.6
user_000082,2026-09-29,47.7,1323,97,137,43,50,3,14920,Pull,0,10,6.7
user_000082,2026-09-30,47.7,1286,78,158,38,1,5,15225,Legs,3,17,8.8
user_000082,2026-10-01,47.4,1472,85,202,36,36,3,10485,Push,1,11,7.1
user_000082,2026-10-02,47.0,1792,89,269,40,39,5,12578,Rest,,,6.3
user_000082,2026-10-03,47.1,1421,86,168,45,20,3,17553,Pull,5,10,7.8
user_000082,2026-10-04,46.9,1119,93,108,35,20,3,4687,Pull,1,11,5.7
user_000082,2026-10-05,46.7,1118,101,111,30,4,3,7884,Legs,3,14,6.4
user_000082,2026-10-06,46.4,1068,76,137,24,2,5,5852,Rest,,,5.6
user_000082,2026-10-07,46.6,1078,100,93,34,18,3,9279,Rest,,,8.0
user_000082,2026-10-08,46.8,1050,99,87,34,4,3,4215,Upper,0,8,7.6
user_000082,2026-10-09,46.8,1239,76,155,35,44,1,14856,Legs,4,15,6.1
user_000082,2026-10-10,47.0,1129,88,111,37,23,4,4342,Push,0,12,8.5
user_000082,2026-10-11,47.0,1117,79,117,37,23,2,9861,Push,5,14,8.4
user_000082,2026-10-12,47.2,1547,94,187,47,49,4,3627,Pull,2,7,6.4
user_000082,2026-10-13,46.9,1167,81,141,31,21,4,6098,Legs,3,10,8.7
user_000082,2026-10-14,46.8,1835,78,284,43,54,3,15243,Upper,0,10,7.0
user_000082,2026-10-15,46.9,1206,94,122,38,2,5,12914,Push,1,12,6.9
user_000082,2026-10-16,47.1,1885,83,260,57,50,5,15050,Pull,1,13,6.1
user_000082,2026-10-17,46.8,1318,86,176,30,47,3,12524,Upper,1,19,6.6
user_000082,2026-10-18,46.6,1690,97,222,46,57,1,14343,Pull,1,7,8.2
user_000082,2026-10-19,46.3,1287,85,149,39,34,5,4975,Pull,2,18,5.7
user_000082,2026-10-20,46.4,1047,87,123,23,58,1,8791,Push,5,17,5.6
user_000082,2026-10-21,46.2,1366,76,189,34,56,3,4377,Upper,2,15,5.8
user_000082,2026-10-22,46.2,1607,80,207,51,54,3,14232,Rest,,,5.5
user_000082,2026-10-23,46.2,1633,84,205,53,57,5,8719,Push,3,10,7.1
user_000082,2026-10-24,46.0,1499,88,181,47,14,5,16302,Rest,,,7.7
user_000082,2026-10-25,45.7,1386,96,174,34,40,3,6838,Upper,0,15,8.7
user_000082,2026-10-26,45.6,1334,94,172,30,35,3,7690,Push,2,7,8.4
user_000082,2026-10-27,45.7,1318,87,166,34,57,2,15790,Rest,,,7.9
user_000082,2026-10-28,45.9,1041,74,121,29,21,1,7340,Upper,1,14,5.8
user_000082,2026-10-29,46.0,1044,96,102,28,12,2,6402,Pull,4,18,7.5
user_000082,2026-10-30,45.9,1149,81,132,33,20,5,9000,Push,1,11,7.4
user_000082,2026-10-31,45.8,1241,91,136,37,19,3,6297,Legs,1,8,6.6
user_000082,2026-11-01,45.7,1042,85,108,30,7,1,9610,Legs,4,8,6.5
user_000082,2026-11-02,45.5,1459,82,177,47,43,5,10643,Upper,5,8,8.0
user_000082,2026-11-03,45.4,1222,74,164,30,14,3,8002,Legs,1,11,7.5
user_000082,2026-11-04,45.5,1559,83,201,47,51,2,12171,Legs,1,17,6.6
user_000082,2026-11-05,45.6,1041,81,105,33,8,4,9455,Legs,1,11,8.6
user_000082,2026-11-06,45.5,1654,97,195,54,42,5,15982,Pull,2,15,8.4
user_000082,2026-11-07,45.2,1041,94,92,33,23,2,3807,Push,0,6,8.0
user_000082,2026-11-08,45.4,1541,88,196,45,7,1,16424,Upper,0,6,8.0
user_000082,2026-11-09,45.2,1382,91,169,38,4,1,17596,Legs,4,18,8.5
user_000082,2026-11-10,45.0,1057,92,98,33,21,3,4191,Push,4,19,7.1
user_000082,2026-11-11,45.2,1196,98,120,36,43,1,6531,Rest,,,7.2
user_000082,2026-11-12,45.1,1037,78,125,25,3,4,9582,Legs,5,14,6.8
user_000082,2026-11-13,45.2,1301,88,163,33,36,3,14447,Upper,3,9,7.6
user_000082,2026-11-14,45.2,1244,77,171,28,40,1,9753,Rest,,,8.7
user_000082,2026-11-15,45.4,1038,99,102,26,3,1,15304,Pull,3,9,6.6
user_000082,2026-11-16,45.3,1579,88,201,47,24,5,17719,Push,3,20,8.2
user_000082,2026-11-17,45.3,1606,97,210,42,42,4,12777,Rest,,,6.5
user_000082,2026-11-18,45.4,1429,89,194,33,56,3,11902,Push,2,14,8.9
user_000082,2026-11-19,45.5,1382,90,188,30,27,1,9561,Push,0,9,8.6
user_000082,2026-11-20,45.7,1079,78,122,31,3,3,14614,Pull,2,11,6.7
user_000082,2026-11-21,45.9,1239,91,158,27,27,3,16368,Pull,2,10,8.8
user_000082,2026-11-22,45.6,1616,91,214,44,57,5,3022,Push,3,16,8.1
user_000082,2026-11-23,45.7,1126,99,115,30,20,4,4093,Rest,,,6.9
user_000082,2026-11-24,45.6,1581,96,189,49,54,3,15445,Rest,,,5.8
user_000082,2026-11-25,45.5,1301,91,151,37,2,4,10419,Upper,2,16,8.5
user_000082,2026-11-26,45.4,1064,98,114,24,5,3,7183,Upper,1,15,7.5
user_000082,2026-11-27,45.3,1037,99,95,29,30,1,9110,Pull,4,20,6.2
user_000083,2026-07-01,51.2,1145,95,117,33,6,3,8574,Legs,2,20,7.9
user_000083,2026-07-02,51.1,1472,83,195,40,37,1,17322,Rest,,,7.8
user_000083,2026-07-03,51.1,1244,105,116,40,2,4,16810,Rest,,,7.0
user_000083,2026-07-04,51.3,1628,111,188,48,45,4,4697,Pull,5,20,8.5
user_000083,2026-07-05,51.0,1447,104,179,35,40,3,15222,Pull,3,6,8.6
user_000083,2026-07-06,50.7,1487,102,191,35,36,5,10472,Rest,,,6.2
user_000083,2026-07-07,50.5,1118,106,97,34,34,3,13039,Upper,3,9,6.3
user_000083,2026-07-08,50.2,1084,84,124,28,6,2,8948,Upper,2,8,6.3
user_000083,2026-07-09,50.0,1567,105,190,43,32,5,6360,Legs,1,7,8.0
user_000083,2026-07-10,50.1,1860,94,263,48,46,4,15988,Push,3,15,6.6
user_000083,2026-07-11,50.2,1190,91,130,34,2,3,5451,Rest,,,7.6
user_000083,2026-07-12,50.0,1357,107,149,37,47,1,17576,Rest,,,6.8
user_000083,2026-07-13,49.9,1852,108,247,48,60,5,10943,Upper,5,16,6.1
user_000083,2026-07-14,49.6,1588,83,224,40,52,5,9431,Rest,,,6.6
user_000083,2026-07-15,49.6,1499,91,178,47,51,2,10036,Upper,0,10,6.5
user_000083,2026-07-16,49.7,1160,91,118,36,40,2,5340,Rest,,,5.6
user_000083,2026-07-17,49.4,1636,83,209,52,37,5,10579,Pull,3,18,8.7
user_000083,2026-07-18,49.2,1230,79,143,38,13,1,14562,Push,1,18,6.2
user_000083,2026-07-19,49.4,1143,86,130,31,2,3,4429,Legs,4,19,5.6
user_000083,2026-07-20,49.6,1072,108,88,32,0,3,8559,Push,3,9,5.9
user_000083,2026-07-21,49.6,1302,97,134,42,53,2,5164,Pull,5,6,6.2
user_000083,2026-07-22,49.5,1311,86,172,31,21,5,10034,Rest,,,6.1
user_000083,2026-07-23,49.4,1211,107,117,35,7,1,13319,Legs,4,8,6.0
user_000083,2026-07-24,49.6,1509,79,188,49,43,4,5369,Push,2,10,5.6
user_000083,2026-07-25,49.6,2005,108,265,57,52,5,13599,Push,4,20,7.3
user_000083,2026-07-26,49.3,1177,107,104,37,11,4,9969,Upper,1,18,8.5
user_000083,2026-07-27,49.2,1467,81,207,35,13,5,15049,Rest,,,6.5
user_000083,2026-07-28,49.1,1334,86,180,30,11,5,10355,Push,5,16,7.8
user_000083,2026-07-29,49.1,1438,88,177,42,57,2,16348,Legs,2,19,8.3
user_000083,2026-07-30,49.0,1204,95,125,36,8,3,9657,Legs,0,14,6.2
user_000083,2026-07-31,48.8,1297,100,141,37,47,3,9415,Legs,4,11,6.3
user_000083,2026-08-01,48.6,1068,82,122,28,55,1,4841,Push,2,13,8.6
user_000083,2026-08-02,48.5,1125,101,115,29,48,2,6171,Pull,2,15,5.6
user_000083,2026-08-03,48.6,1578,79,230,38,50,4,3069,Upper,5,17,6.3
user_000083,2026-08-04,48.9,1858,95,266,46,43,5,6519,Pull,5,13,8.2
user_000083,2026-08-05,48.7,1212,105,135,28,8,3,11157,Upper,0,17,7.9
user_000083,2026-08-06,48.4,1808,96,257,44,30,5,15326,Rest,,,5.5
user_000083,2026-08-07,48.6,1528,90,193,44,16,4,14754,Push,5,19,5.5
user_000083,2026-08-08,48.7,1237,79,147,37,14,4,5066,Push,4,17,6.7
user_000083,2026-08-09,48.9,1407,99,183,31,31,2,11457,Upper,3,11,5.7
user_000083,2026-08-10,49.0,1085,85,130,25,1,3,3545,Legs,4,9,8.5
user_000083,2026-08-11,48.9,1276,81,166,32,24,1,4415,Rest,,,8.5
user_000083,2026-08-12,48.9,1854,86,274,46,59,4,14782,Pull,0,10,8.0
user_000083,2026-08-13,49.1,2253,92,325,65,59,5,15565,Pull,0,7,7.9
user_000083,2026-08-14,49.2,2003,85,310,47,49,4,16581,Rest,,,8.3
user_000083,2026-08-15,49.0,1467,99,180,39,19,5,11230,Push,5,17,5.7
user_000083,2026-08-16,49.2,1405,79,189,37,10,5,13563,Rest,,,6.2
user_000083,2026-08-17,49.1,1687,105,193,55,60,3,15494,Legs,1,18,5.8
user_000083,2026-08-18,49.2,1281,92,163,29,20,2,13675,Upper,3,18,8.9
user_000083,2026-08-19,49.3,1474,103,189,34,43,3,9569,Legs,2,9,7.0
user_000083,2026-08-20,49.2,1809,102,231,53,55,5,8984,Legs,3,16,5.7
user_000083,2026-08-21,49.4,1143,94,113,35,10,2,11694,Pull,1,12,8.3
user_000083,2026-08-22,49.4,1394,105,167,34,57,3,3343,Legs,4,8,8.2
user_000083,2026-08-23,49.7,1366,98,149,42,58,2,3078,Upper,5,16,7.1
user_000083,2026-08-24,49.9,1351,89,170,35,9,3,13987,Upper,1,18,7.3
user_000083,2026-08-25,49.7,1328,104,147,36,21,4,4455,Legs,1,18,8.9
user_000083,2026-08-26,49.8,1530,95,202,38,45,1,12238,Push,3,17,5.8
user_000083,2026-08-27,49.5,1086,106,98,30,48,1,4251,Push,2,14,6.3
user_000083,2026-08-28,49.2,1075,90,100,35,7,1,3546,Legs,3,16,8.0
user_000083,2026-08-29,49.1,1494,84,204,38,53,1,9203,Push,2,10,6.5
user_000083,2026-08-30,48.8,1487,91,193,39,40,3,12082,Rest,,,5.5
user_000083,2026-08-31,48.5,1378,87,163,42,17,3,10326,Legs,4,13,8.7
user_000083,2026-09-01,48.2,1675,82,240,43,8,3,17859,Upper,5,8,5.8
user_000083,2026-09-02,48.2,1064,103,100,28,56,1,7428,Pull,4,15,6.6
user_000083,2026-09-03,48.3,1609,98,203,45,55,1,12928,Upper,2,8,8.1
user_000083,2026-09-04,48.3,1785,104,232,49,44,4,12197,Upper,1,10,6.9
user_000083,2026-09-05,48.1,1930,83,269,58,40,5,13710,Upper,0,10,8.8
user_000083,2026-09-06,47.7,1278,93,150,34,36,3,7405,Legs,0,8,5.8
user_000083,2026-09-07,47.8,1994,91,268,62,40,4,11723,Upper,3,18,6.4
user_000083,2026-09-08,47.6,1653,77,226,49,11,1,16716,Upper,2,20,8.4
user_000083,2026-09-09,47.5,1494,95,184,42,39,1,8232,Legs,3,13,7.5
user_000083,2026-09-10,47.6,1347,84,165,39,42,1,9379,Rest,,,7.2
user_000083,2026-09-11,47.4,1275,92,148,35,57,2,3807,Upper,2,16,7.1
user_000083,2026-09-12,47.5,1617,80,205,53,21,4,13133,Rest,,,6.7
user_000083,2026-09-13,47.6,1261,76,156,37,53,1,8387,Legs,2,15,8.6
user_000083,2026-09-14,47.6,1298,92,147,38,19,2,8795,Rest,,,8.8
user_000083,2026-09-15,47.3,1435,87,175,43,2,1,15164,Push,1,7,6.2
user_000083,2026-09-16,47.3,1648,92,221,44,7,1,16528,Legs,4,14,7.5
user_000083,2026-09-17,47.0,1560,85,224,36,33,1,16380,Push,0,14,8.4
user_000083,2026-09-18,46.9,1457,87,185,41,39,1,4176,Legs,2,19,6.8
user_000083,2026-09-19,47.1,1570,93,196,46,37,4,9468,Rest,,,7.5
user_000083,2026-09-20,47.3,1515,79,203,43,27,4,5616,Rest,,,6.0
user_000083,2026-09-21,47.3,1310,81,170,34,34,2,9410,Pull,4,9,9.0
user_000083,2026-09-22,47.5,1260,89,154,32,53,1,9113,Upper,4,14,7.9
user_000083,2026-09-23,47.4,1325,89,159,37,26,3,7474,Upper,4,17,7.2
user_000083,2026-09-24,47.1,1763,79,265,43,42,4,15638,Pull,1,6,5.7
user_000083,2026-09-25,47.3,1115,83,117,35,9,4,9502,Legs,0,13,6.0
user_000083,2026-09-26,47.4,1306,94,138,42,45,2,11860,Pull,5,10,7.4
user_000083,2026-09-27,47.6,1484,96,167,48,12,3,16538,Legs,4,18,8.9
user_000083,2026-09-28,47.5,1933,79,294,49,37,4,14191,Upper,2,15,5.9
user_000083,2026-09-29,47.3,1722,87,240,46,31,3,16720,Upper,4,15,7.9
user_000083,2026-09-30,47.1,1191,85,152,27,20,4,6541,Pull,3,13,6.6
user_000083,2026-10-01,47.3,1491,100,167,47,56,2,11977,Upper,3,15,7.4
user_000083,2026-10-02,47.4,1289,83,165,33,25,2,10696,Pull,4,18,5.8
user_000083,2026-10-03,47.5,1459,102,166,43,45,3,5208,Rest,,,5.5
user_000083,2026-10-04,47.5,1262,94,145,34,20,5,3769,Legs,2,17,5.5
user_000083,2026-10-05,47.5,1484,83,189,44,31,1,11254,Push,0,10,5.6
user_000083,2026-10-06,47.1,1219,96,121,39,49,1,5564,Upper,2,12,7.8
user_000083,2026-10-07,46.9,1054,101,95,30,4,5,3391,Upper,1,20,8.2
user_000083,2026-10-08,46.8,1626,93,219,42,45,2,15431,Rest,,,6.6
user_000083,2026-10-09,46.9,1257,86,136,41,21,3,8039,Pull,0,20,6.3
user_000083,2026-10-10,46.7,1058,78,119,30,21,1,3425,Rest,,,7.5
user_000083,2026-10-11,46.7,1056,92,100,32,16,4,6765,Legs,2,9,6.9
user_000083,2026-10-12,46.7,1226,89,132,38,2,2,9184,Pull,4,7,8.0
user_000083,2026-10-13,46.4,1049,81,107,33,23,3,12525,Rest,,,7.0
user_000083,2026-10-14,46.1,1287,91,143,39,31,5,4427,Push,2,12,7.7
user_000083,2026-10-15,45.9,1225,97,126,37,32,4,3410,Upper,5,12,7.9
user_000083,2026-10-16,46.0,1100,88,106,36,27,3,13162,Upper,3,17,6.5
user_000083,2026-10-17,45.9,1042,79,123,26,9,1,11768,Rest,,,7.6
user_000083,2026-10-18,45.7,1867,96,238,59,47,5,17389,Upper,0,16,7.7
user_000083,2026-10-19,45.8,1373,92,168,37,26,3,14069,Legs,4,16,8.5
user_000083,2026-10-20,45.9,1044,97,92,32,1,4,7295,Upper,3,10,7.5
user_000083,2026-10-21,45.5,1132,79,141,28,10,5,17930,Upper,4,7,5.7
user_000083,2026-10-22,45.4,1657,73,240,45,36,5,9328,Legs,1,13,7.9
user_000083,2026-10-23,45.6,1325,78,170,37,56,3,3654,Pull,4,11,6.7
user_000083,2026-10-24,45.5,1588,79,210,48,58,5,7053,Upper,4,20,6.5
user_000083,2026-10-25,45.5,1083,86,115,31,12,2,11458,Rest,,,8.7
user_000083,2026-10-26,45.4,1041,82,113,29,48,2,11099,Upper,5,11,8.7
user_000083,2026-10-27,45.6,1136,73,139,32,28,4,6330,Legs,1,18,7.9
user_000083,2026-10-28,45.3,1467,82,179,47,24,5,11171,Legs,5,14,6.4
user_000083,2026-10-29,45.1,1090,79,135,26,30,1,6501,Upper,2,20,5.6
user_000083,2026-10-30,45.3,1035,73,134,23,6,1,4751,Legs,4,20,6.6
user_000083,2026-10-31,45.1,1219,95,131,35,50,1,7143,Rest,,,6.0
user_000083,2026-11-01,45.3,1845,93,267,45,60,3,16086,Legs,3,9,8.6
user_000083,2026-11-02,45.3,1037,81,104,33,16,1,7522,Push,0,8,8.8
user_000083,2026-11-03,45.3,1399,74,188,39,43,4,7150,Rest,,,8.1
user_000083,2026-11-04,45.3,1390,75,178,42,41,4,8287,Push,4,19,8.2
user_000083,2026-11-05,45.5,1349,85,178,33,54,1,17113,Pull,4,15,5.7
user_000083,2026-11-06,45.5,1076,97,100,32,12,5,7477,Upper,2,13,8.4
user_000083,2026-11-07,45.5,1692,93,240,40,59,4,12445,Push,3,16,6.8
user_000083,2026-11-08,45.4,1302,98,133,42,38,3,17683,Legs,0,20,6.7
user_000083,2026-11-09,45.4,1089,76,131,29,13,1,16512,Legs,0,19,8.2
user_000083,2026-11-10,45.2,1037,95,108,25,3,1,14134,Push,3,17,6.4
user_000083,2026-11-11,45.3,1131,84,120,35,11,3,16841,Upper,1,17,8.1
user_000083,2026-11-12,45.0,1111,82,126,31,18,2,11689,Legs,2,15,7.9
user_000083,2026-11-13,45.0,1257,80,142,41,21,2,15355,Legs,4,11,7.3
user_000083,2026-11-14,44.6,1033,92,92,33,1,5,4560,Legs,1,16,7.7
user_000083,2026-11-15,44.7,1896,95,280,44,48,3,12332,Pull,3,11,7.6
user_000083,2026-11-16,44.7,1841,77,291,41,34,3,12078,Rest,,,8.9
user_000083,2026-11-17,44.5,1783,91,249,47,7,3,17991,Legs,0,9,8.6
user_000083,2026-11-18,44.2,1500,86,199,40,25,4,10113,Upper,5,14,7.3
user_000083,2026-11-19,44.1,2068,96,295,56,18,5,12060,Upper,4,6,7.1
user_000083,2026-11-20,43.9,1826,81,245,58,6,4,12384,Legs,5,8,6.4
user_000083,2026-11-21,44.0,1837,81,259,53,43,2,10245,Push,2,12,7.1
user_000083,2026-11-22,43.8,2146,82,315,62,46,2,15003,Rest,,,5.9
user_000083,2026-11-23,43.6,1624,70,228,48,30,1,11797,Rest,,,7.4
user_000083,2026-11-24,43.6,1675,94,210,51,50,1,6254,Legs,5,9,6.7
user_000083,2026-11-25,43.6,1821,83,280,41,32,4,13070,Push,0,10,6.3
user_000083,2026-11-26,43.6,1683,86,229,47,17,4,6271,Legs,4,18,5.8
user_000083,2026-11-27,43.6,1542,85,188,50,17,3,12084,Rest,,,8.1
user_000084,2026-07-01,51.5,2025,94,284,57,57,3,17470,Push,2,17,6.7
user_000084,2026-07-02,51.3,1672,108,193,52,34,2,13591,Upper,0,12,7.4
user_000084,2026-07-03,51.2,1446,95,190,34,12,2,5005,Rest,,,6.4
user_000084,2026-07-04,51.2,1497,95,169,49,47,1,11532,Push,2,15,7.4
user_000084,2026-07-05,51.0,1334,110,138,38,8,5,5533,Upper,3,15,7.4
user_000084,2026-07-06,50.9,1816,82,246,56,60,2,14259,Pull,4,16,8.5
user_000084,2026-07-07,50.6,1993,101,287,49,53,3,16121,Legs,5,20,6.3
user_000084,2026-07-08,50.7,1391,87,173,39,43,1,10164,Legs,3,17,7.8
user_000084,2026-07-09,50.3,1355,84,176,35,2,3,7791,Upper,4,16,7.0
user_000084,2026-07-10,50.4,1993,82,288,57,50,5,17903,Upper,1,6,6.3
user_000084,2026-07-11,50.3,1827,101,250,47,27,3,15893,Pull,2,7,8.4
user_000084,2026-07-12,50.2,1657,92,212,49,43,5,9672,Pull,3,14,8.7
user_000084,2026-07-13,50.0,1581,93,201,45,35,3,5976,Push,2,12,6.9
user_000084,2026-07-14,50.2,1339,80,185,31,19,3,9607,Upper,1,18,7.7
user_000084,2026-07-15,50.4,1992,81,318,44,55,3,13428,Pull,0,11,5.5
user_000084,2026-07-16,50.1,1825,103,261,41,51,5,5793,Push,5,12,8.3
user_000084,2026-07-17,50.1,1408,99,154,44,20,2,9278,Push,0,11,6.9
user_000084,2026-07-18,50.0,1780,98,230,52,10,5,17077,Rest,,,5.8
user_000084,2026-07-19,50.1,1976,103,265,56,46,5,6664,Rest,,,7.9
user_000084,2026-07-20,49.8,1413,102,168,37,35,4,11700,Legs,2,18,6.0
user_000084,2026-07-21,49.8,1474,98,194,34,13,2,15581,Pull,3,15,8.1
user_000084,2026-07-22,49.7,1126,89,134,26,1,2,4245,Upper,4,7,8.5
user_000084,2026-07-23,49.5,1582,101,182,50,24,5,10500,Push,4,16,8.9
user_000084,2026-07-24,49.4,1485,108,189,33,20,4,17973,Legs,5,15,7.1
user_000084,2026-07-25,49.2,1318,90,154,38,2,2,7194,Push,2,6,8.1
user_000084,2026-07-26,49.1,1090,103,111,26,14,3,6752,Push,4,7,8.5
user_000084,2026-07-27,48.9,1937,87,260,61,57,5,9650,Push,2,7,6.0
user_000084,2026-07-28,48.9,1585,104,209,37,39,1,11972,Upper,5,9,6.1
user_000084,2026-07-29,49.1,1574,105,185,46,55,2,14390,Legs,0,19,7.8
user_000084,2026-07-30,48.9,1264,95,131,40,0,5,7854,Legs,4,19,7.8
user_000084,2026-07-31,49.0,1426,99,181,34,30,3,12072,Rest,,,8.7
user_000084,2026-08-01,49.1,1235,104,126,35,8,2,6309,Legs,0,15,7.2
user_000084,2026-08-02,48.9,1649,95,216,45,50,3,7445,Upper,0,7,8.9
user_000084,2026-08-03,49.0,1548,94,212,36,25,2,17019,Upper,5,7,8.0
user_000084,2026-08-04,48.7,1265,97,154,29,10,3,4029,Pull,0,10,7.1
user_000084,2026-08-05,48.4,1444,90,181,40,22,4,7748,Rest,,,5.9
user_000084,2026-08-06,48.4,2040,88,296,56,57,4,10669,Upper,1,6,8.7
user_000084,2026-08-07,48.7,1803,102,225,55,53,5,3514,Pull,5,17,7.4
user_000084,2026-08-08,48.5,1410,104,163,38,9,1,11703,Push,5,7,8.1
user_000084,2026-08-09,48.6,1981,92,275,57,31,5,17129,Rest,,,8.6
user_000084,2026-08-10,48.3,1537,94,198,41,37,3,12118,Rest,,,6.5
user_000084,2026-08-11,48.1,1665,105,219,41,20,4,7344,Pull,4,13,7.8
user_000084,2026-08-12,48.3,1735,77,251,47,34,4,10443,Push,3,20,8.5
user_000084,2026-08-13,48.2,1534,101,197,38,21,3,17159,Rest,,,6.9
user_000084,2026-08-14,48.2,1552,80,200,48,23,5,12700,Legs,0,7,7.2
user_000084,2026-08-15,48.2,2102,95,300,58,59,5,12085,Rest,,,8.8
user_000084,2026-08-16,48.1,1823,105,245,47,31,4,11200,Upper,0,8,8.9
user_000084,2026-08-17,47.8,1146,105,114,30,54,2,8558,Pull,4,8,7.4
user_000084,2026-08-18,47.5,1476,84,177,48,50,1,11207,Rest,,,8.1
user_000084,2026-08-19,47.4,1150,85,126,34,1,4,7433,Pull,0,12,6.3
user_000084,2026-08-20,47.1,1242,90,153,30,12,4,12629,Push,4,13,5.6
user_000084,2026-08-21,47.1,1473,100,194,33,8,3,5739,Legs,5,8,6.8
user_000084,2026-08-22,47.0,1346,78,191,30,13,4,9960,Push,4,18,6.3
user_000084,2026-08-23,47.1,1579,101,179,51,43,3,15688,Push,0,6,9.0
user_000084,2026-08-24,46.8,1293,82,167,33,38,2,9221,Pull,4,17,6.0
user_000084,2026-08-25,46.7,1341,86,166,37,11,2,5625,Pull,1,10,6.4
user_000084,2026-08-26,46.9,1379,79,187,35,54,2,3573,Push,1,10,8.7
user_000084,2026-08-27,46.9,1237,79,147,37,10,3,7577,Pull,0,6,6.9
user_000084,2026-08-28,46.6,1407,79,176,43,52,2,6079,Rest,,,6.6
user_000084,2026-08-29,46.8,1048,77,122,28,10,2,3269,Rest,,,6.9
user_000084,2026-08-30,46.6,1264,88,147,36,33,2,5262,Rest,,,7.4
user_000084,2026-08-31,46.5,1189,85,138,33,0,4,4230,Pull,2,6,6.5
user_000084,2026-09-01,46.5,1397,77,189,37,37,4,3364,Pull,1,15,6.5
user_000084,2026-09-02,46.5,1673,83,252,37,15,3,5440,Rest,,,6.8
user_000084,2026-09-03,46.3,2039,80,315,51,55,5,10515,Rest,,,7.2
user_000084,2026-09-04,46.1,1360,95,146,44,35,1,11056,Upper,1,20,6.3
user_000084,2026-09-05,45.9,1190,81,131,38,17,2,11872,Rest,,,8.2
user_000084,2026-09-06,46.0,1516,81,190,48,25,1,11702,Rest,,,8.2
user_000084,2026-09-07,45.8,2283,96,333,63,55,5,13765,Pull,1,20,8.1
user_000084,2026-09-08,45.7,1413,90,180,37,27,5,4242,Legs,3,12,5.7
user_000084,2026-09-09,45.9,1678,79,228,50,20,3,13110,Legs,0,19,8.8
user_000084,2026-09-10,45.8,1622,85,208,50,48,2,15380,Push,4,8,8.8
user_000084,2026-09-11,45.5,1690,74,254,42,22,3,17813,Rest,,,6.9
user_000084,2026-09-12,45.6,1273,73,180,29,18,2,3104,Push,5,20,7.9
user_000084,2026-09-13,45.7,1141,89,122,33,9,3,5444,Rest,,,8.3
user_000084,2026-09-14,45.8,1509,73,203,45,44,3,5418,Rest,,,7.8
user_000084,2026-09-15,45.6,1533,97,185,45,36,4,9632,Pull,5,15,6.3
user_000084,2026-09-16,45.3,1350,79,182,34,15,1,7536,Upper,4,15,8.0
user_000084,2026-09-17,45.3,1601,77,222,45,11,3,13868,Pull,4,18,8.7
user_000084,2026-09-18,45.3,1604,97,223,36,10,1,14178,Pull,1,9,5.8
user_000084,2026-09-19,45.5,1678,98,200,54,32,2,16764,Legs,3,15,8.7
user_000084,2026-09-20,45.4,1541,81,212,41,11,5,4497,Rest,,,7.4
user_000084,2026-09-21,45.2,1942,90,265,58,29,3,15208,Pull,3,9,6.1
user_000084,2026-09-22,45.0,2275,73,381,51,52,2,17907,Rest,,,8.7
user_000084,2026-09-23,45.1,2023,81,283,63,28,2,16995,Pull,3,19,6.8
user_000084,2026-09-24,45.1,1984,76,303,52,28,3,15860,Rest,,,5.8
user_000084,2026-09-25,45.3,1767,89,265,39,12,1,10103,Push,0,8,8.8
user_000084,2026-09-26,45.6,1744,90,238,48,6,4,6262,Rest,,,6.2
user_000084,2026-09-27,45.3,1444,85,186,40,2,3,3675,Upper,2,15,9.0
user_000084,2026-09-28,45.4,2182,91,342,50,39,4,10930,Pull,0,19,5.5
user_000084,2026-09-29,45.5,1617,85,209,49,53,1,9305,Rest,,,8.8
user_000084,2026-09-30,45.6,1816,95,251,48,15,4,13914,Legs,1,11,7.1
user_000084,2026-10-01,45.7,1574,83,216,42,43,1,9227,Legs,5,6,7.1
user_000084,2026-10-02,45.5,1847,86,252,55,2,1,6545,Upper,1,6,5.7
user_000084,2026-10-03,45.6,1881,97,236,61,18,1,14579,Pull,3,14,6.6
user_000084,2026-10-04,45.7,2105,83,306,61,21,5,15356,Pull,2,16,7.6
user_000084,2026-10-05,45.5,2233,76,345,61,58,5,10177,Pull,5,9,5.9
user_000084,2026-10-06,45.5,1553,74,213,45,15,2,10537,Push,5,8,6.5
user_000084,2026-10-07,45.7,2297,72,338,73,51,4,13033,Rest,,,8.2
user_000084,2026-10-08,45.7,1752,93,237,48,53,2,4931,Pull,3,18,7.5
user_000084,2026-10-09,45.8,1851,93,237,59,5,2,16530,Rest,,,6.8
user_000084,2026-10-10,46.0,1811,82,247,55,1,1,12649,Push,3,12,6.4
user_000084,2026-10-11,46.1,1776,90,228,56,17,2,5394,Legs,0,18,8.3
user_000084,2026-10-12,46.3,1857,92,271,45,9,5,15917,Pull,4,14,6.2
user_000084,2026-10-13,46.4,2267,82,316,75,58,5,7674,Push,2,9,6.3
user_000084,2026-10-14,46.2,2581,74,389,81,57,5,4220,Upper,1,17,7.8
user_000084,2026-10-15,46.4,1789,92,245,49,17,4,8848,Upper,3,11,8.1
user_000084,2026-10-16,46.2,1608,97,206,44,9,3,4707,Upper,0,18,7.3
user_000084,2026-10-17,46.3,2070,87,318,50,27,4,10169,Pull,3,15,5.6
user_000084,2026-10-18,46.3,1792,89,251,48,12,5,12151,Legs,0,15,7.3
user_000084,2026-10-19,46.2,2113,87,304,61,33,1,16415,Push,0,11,5.7
user_000084,2026-10-20,46.3,2255,82,322,71,47,4,15514,Pull,2,15,8.0
user_000084,2026-10-21,46.1,1716,81,231,52,56,1,8923,Rest,,,8.3
user_000084,2026-10-22,45.9,1938,100,254,58,24,4,6337,Pull,5,11,6.4
user_000084,2026-10-23,46.0,1352,98,141,44,9,3,7899,Legs,3,11,6.2
user_000084,2026-10-24,45.9,1992,86,313,44,33,5,9442,Push,2,18,8.4
user_000084,2026-10-25,46.0,1661,95,228,41,5,2,3707,Rest,,,8.5
user_000084,2026-10-26,46.2,1605,97,212,41,10,1,12989,Push,3,9,9.0
user_000084,2026-10-27,46.4,1901,76,298,45,40,3,10446,Upper,3,7,8.7
user_000084,2026-10-28,46.3,2121,74,310,65,37,3,13816,Upper,4,19,7.5
user_000084,2026-10-29,46.6,1773,90,234,53,33,3,3570,Pull,4,11,7.7
user_000084,2026-10-30,46.7,1771,90,265,39,25,2,12503,Legs,2,17,8.0
user_000084,2026-10-31,46.7,2003,90,287,55,57,2,10993,Upper,0,14,8.0
user_000084,2026-11-01,46.4,1499,86,201,39,22,3,5687,Rest,,,7.4
user_000084,2026-11-02,46.3,1876,83,287,44,53,2,17725,Push,2,12,9.0
user_000084,2026-11-03,46.0,1725,79,242,49,19,1,10845,Upper,1,7,6.2
user_000084,2026-11-04,46.1,2143,98,314,55,10,3,13987,Push,5,15,8.5
user_000084,2026-11-05,46.3,1829,81,257,53,9,3,16570,Rest,,,8.6
user_000084,2026-11-06,46.3,2066,94,274,66,20,5,14992,Push,4,13,5.8
user_000084,2026-11-07,46.1,2059,79,321,51,38,5,12745,Push,5,12,7.8
user_000084,2026-11-08,46.2,1985,79,307,49,25,3,7040,Push,0,12,6.8
user_000084,2026-11-09,46.1,2125,78,343,49,32,4,10599,Legs,4,14,8.7
user_000084,2026-11-10,46.3,1745,96,212,57,35,3,11538,Pull,5,18,8.3
user_000084,2026-11-11,46.2,1666,75,220,54,40,3,6602,Pull,2,14,7.0
user_000084,2026-11-12,45.9,1366,83,182,34,3,5,3698,Upper,2,14,7.2
user_000084,2026-11-13,46.0,1821,92,262,45,9,5,10696,Rest,,,6.2
user_000084,2026-11-14,46.2,1718,89,219,54,0,4,9694,Legs,5,10,7.7
user_000084,2026-11-15,46.0,1596,83,208,48,15,3,4724,Pull,1,13,7.2
user_000084,2026-11-16,45.7,1999,78,316,47,34,5,5764,Pull,2,7,8.5
user_000084,2026-11-17,45.8,1744,95,233,48,3,4,14058,Push,5,9,8.9
user_000084,2026-11-18,45.7,1919,73,283,55,20,5,17409,Pull,1,15,6.7
user_000084,2026-11-19,45.4,1627,75,217,51,4,1,10496,Pull,5,15,7.9
user_000084,2026-11-20,45.5,2307,75,342,71,56,3,17670,Rest,,,5.8
user_000084,2026-11-21,45.4,1669,76,222,53,59,3,16810,Pull,2,17,5.6
user_000084,2026-11-22,45.6,1581,98,187,49,32,4,7180,Push,3,6,8.5
user_000084,2026-11-23,45.7,1307,86,144,43,45,1,11768,Pull,3,18,7.5
user_000084,2026-11-24,45.5,1529,74,225,37,28,5,7131,Push,0,6,6.0
user_000084,2026-11-25,45.3,1475,73,208,39,29,5,4749,Legs,2,7,6.6
user_000084,2026-11-26,45.0,1644,94,209,48,55,2,17492,Rest,,,5.6
user_000084,2026-11-27,45.0,1642,98,200,50,44,5,5368,Push,4,11,6.9
user_000085,2026-07-01,51.5,1894,101,278,42,0,5,13294,Push,5,20,6.5
user_000085,2026-07-02,51.8,2240,85,331,64,49,3,9582,Legs,5,19,7.4
user_000085,2026-07-03,51.7,2502,108,369,66,51,3,9897,Upper,1,10,8.4
user_000085,2026-07-04,52.0,2024,94,268,64,31,1,13471,Rest,,,6.4
user_000085,2026-07-05,52.1,2312,97,310,76,60,3,13429,Upper,4,19,8.7
user_000085,2026-07-06,51.8,1780,98,221,56,3,5,13218,Rest,,,8.2
user_000085,2026-07-07,52.0,2074,93,313,50,0,3,15898,Legs,2,10,8.2
user_000085,2026-07-08,51.7,2127,88,302,63,44,1,16719,Pull,3,12,5.6
user_000085,2026-07-09,51.5,2081,99,284,61,13,5,7389,Rest,,,7.8
user_000085,2026-07-10,51.5,2299,85,339,67,25,2,15284,Legs,0,13,6.3
user_000085,2026-07-11,51.3,1918,107,233,62,6,2,8463,Pull,1,9,7.7
user_000085,2026-07-12,51.1,2184,90,339,52,28,4,14543,Upper,0,7,8.5
user_000085,2026-07-13,51.0,2191,103,285,71,44,4,6429,Rest,,,8.8
user_000085,2026-07-14,50.9,2238,107,313,62,22,3,10856,Pull,5,16,8.8
user_000085,2026-07-15,50.9,1661,94,211,49,38,3,5628,Upper,4,12,6.6
user_000085,2026-07-16,51.1,1911,100,236,63,5,1,15173,Legs,4,17,6.0
user_000085,2026-07-17,51.1,2218,103,321,58,33,2,15285,Pull,0,18,5.6
user_000085,2026-07-18,51.0,2788,94,414,84,54,3,16381,Rest,,,6.1
user_000085,2026-07-19,50.7,2723,106,397,79,56,5,13016,Pull,2,20,6.3
user_000085,2026-07-20,50.6,1975,109,270,51,20,5,3579,Pull,3,13,8.0
user_000085,2026-07-21,50.8,2289,103,314,69,27,4,17779,Pull,3,7,7.7
user_000085,2026-07-22,50.7,1967,110,267,51,7,3,10143,Rest,,,6.1
user_000085,2026-07-23,50.8,2394,105,345,66,60,4,8694,Push,4,12,7.9
user_000085,2026-07-24,50.9,2275,88,339,63,42,4,6801,Legs,3,18,7.6
user_000085,2026-07-25,51.2,2052,83,295,60,36,3,9134,Push,1,14,7.9
user_000085,2026-07-26,51.4,2013,112,272,53,34,3,9998,Push,2,13,5.5
user_000085,2026-07-27,51.6,1818,84,249,54,18,1,9426,Legs,1,8,7.7
user_000085,2026-07-28,51.4,1796,101,222,56,50,2,4255,Upper,0,15,8.1
user_000085,2026-07-29,51.5,1707,105,225,43,23,3,4185,Rest,,,7.3
user_000085,2026-07-30,51.6,2124,86,292,68,40,2,11199,Push,5,18,7.5
user_000085,2026-07-31,51.5,2223,106,335,51,31,3,6236,Rest,,,8.7
user_000085,2026-08-01,51.6,2222,91,307,70,32,2,16432,Push,5,15,6.1
user_000085,2026-08-02,51.5,2369,99,347,65,17,5,14579,Pull,2,18,7.6
user_000085,2026-08-03,51.4,2348,85,358,64,42,3,16662,Rest,,,5.7
user_000085,2026-08-04,51.2,2441,110,354,65,42,5,11350,Legs,5,16,6.5
user_000085,2026-08-05,51.5,2526,92,355,82,59,5,5774,Rest,,,7.9
user_000085,2026-08-06,51.6,2184,97,287,72,31,1,13149,Pull,5,8,6.8
user_000085,2026-08-07,51.7,2248,107,302,68,30,3,6987,Push,0,18,8.2
user_000085,2026-08-08,51.5,2074,106,273,62,5,2,4540,Pull,2,11,8.2
user_000085,2026-08-09,51.8,2206,102,292,70,20,4,11912,Pull,1,13,6.4
user_000085,2026-08-10,51.9,1911,105,231,63,18,1,9043,Rest,,,8.2
user_000085,2026-08-11,52.0,2418,109,338,70,50,5,5204,Pull,0,12,7.4
user_000085,2026-08-12,51.9,1804,85,249,52,55,1,6272,Rest,,,8.5
user_000085,2026-08-13,52.0,2181,105,303,61,9,5,13562,Pull,0,18,5.8
user_000085,2026-08-14,52.1,2433,90,354,73,27,2,16585,Push,4,7,7.2
user_000085,2026-08-15,52.5,2092,102,268,68,8,3,9363,Pull,3,8,7.6
user_000085,2026-08-16,52.3,2166,104,307,58,43,2,14507,Upper,4,8,8.4
user_000085,2026-08-17,52.5,1856,105,242,52,21,3,4844,Rest,,,7.0
user_000085,2026-08-18,52.5,2023,93,298,51,27,2,6784,Pull,5,16,8.1
user_000085,2026-08-19,52.7,2241,92,331,61,55,1,17202,Push,3,15,8.2
user_000085,2026-08-20,52.8,1461,102,180,37,28,2,6764,Rest,,,8.9
user_000085,2026-08-21,52.6,2132,94,313,56,44,5,3013,Push,0,17,8.2
user_000085,2026-08-22,52.7,2404,88,369,64,51,4,15205,Upper,1,18,7.0
user_000085,2026-08-23,52.9,2231,105,302,67,47,3,17419,Legs,0,20,6.2
user_000085,2026-08-24,52.7,2879,90,416,95,52,5,17438,Rest,,,6.1
user_000085,2026-08-25,52.7,2116,106,288,60,17,4,13776,Upper,5,7,5.7
user_000085,2026-08-26,52.7,2122,99,310,54,56,2,11088,Legs,0,7,8.9
user_000085,2026-08-27,52.6,2070,92,304,54,21,5,5914,Rest,,,7.8
user_000085,2026-08-28,52.9,2070,96,273,66,24,1,10913,Upper,2,10,6.0
user_000085,2026-08-29,53.1,2870,105,428,82,56,5,16474,Push,5,14,7.8
user_000085,2026-08-30,53.1,2185,115,321,49,22,2,13539,Push,2,6,6.9
user_000085,2026-08-31,53.3,2183,97,316,59,24,4,3051,Push,0,7,7.8
user_000085,2026-09-01,53.0,1959,98,259,59,5,3,14262,Rest,,,5.8
user_000085,2026-09-02,53.2,2366,102,314,78,34,4,6815,Push,5,10,5.7
user_000085,2026-09-03,52.9,2244,106,302,68,31,4,17105,Rest,,,8.0
user_000085,2026-09-04,53.1,2006,89,300,50,26,5,3964,Push,2,16,5.6
user_000085,2026-09-05,53.1,2020,99,262,64,5,5,12197,Legs,3,18,6.1
user_000085,2026-09-06,53.0,2620,96,415,64,27,5,14438,Pull,4,6,8.5
user_000085,2026-09-07,52.8,1980,92,304,44,18,1,14901,Rest,,,7.9
user_000085,2026-09-08,52.5,2295,92,367,51,26,3,13528,Rest,,,7.4
user_000085,2026-09-09,52.4,2088,87,291,64,18,1,12247,Push,3,10,6.2
user_000085,2026-09-10,52.7,2747,107,429,67,59,4,9603,Push,3,12,6.0
user_000085,2026-09-11,52.5,2537,91,370,77,49,2,16176,Pull,3,13,8.4
user_000085,2026-09-12,52.5,2313,86,364,57,4,5,13529,Legs,4,11,5.7
user_000085,2026-09-13,52.7,2791,84,418,87,53,4,14508,Pull,4,19,6.9
user_000085,2026-09-14,52.7,2355,87,351,67,27,3,12373,Legs,4,14,6.2
user_000085,2026-09-15,52.6,1957,99,253,61,42,1,7885,Legs,4,18,6.9
user_000085,2026-09-16,52.9,2183,91,331,55,38,2,8596,Legs,2,11,7.1
user_000085,2026-09-17,53.2,1948,88,255,64,1,2,11837,Rest,,,6.7
user_000085,2026-09-18,53.3,2274,99,330,62,51,3,5257,Legs,3,9,6.4
user_000085,2026-09-19,53.2,2337,102,327,69,51,2,5069,Legs,2,12,7.7
user_000085,2026-09-20,53.1,2034,87,291,58,12,5,7864,Push,3,10,8.9
user_000085,2026-09-21,53.4,1992,109,272,52,16,5,7588,Rest,,,8.4
user_000085,2026-09-22,53.6,3264,111,471,104,54,5,17567,Upper,0,16,7.3
user_000085,2026-09-23,53.8,2912,110,411,92,47,5,9210,Legs,0,18,6.9
user_000085,2026-09-24,54.1,2308,113,329,60,18,1,14594,Rest,,,6.0
user_000085,2026-09-25,54.4,2534,98,360,78,59,4,4906,Pull,0,17,6.1
user_000085,2026-09-26,54.3,1962,98,289,46,7,1,11622,Pull,5,15,8.5
user_000085,2026-09-27,54.5,2390,104,363,58,42,3,7389,Rest,,,7.4
user_000085,2026-09-28,54.3,2514,119,379,58,50,4,4580,Rest,,,6.6
user_000085,2026-09-29,54.2,2187,116,280,67,5,3,9414,Upper,2,16,6.0
user_000085,2026-09-30,54.3,2464,99,355,72,8,3,14532,Pull,1,19,8.0
user_000085,2026-10-01,54.6,2032,107,284,52,35,1,4973,Rest,,,5.5
user_000085,2026-10-02,54.7,2275,110,308,67,44,2,15527,Rest,,,8.1
user_000085,2026-10-03,54.8,2517,107,358,73,56,2,14136,Rest,,,5.6
user_000085,2026-10-04,54.6,1677,105,213,45,52,1,16534,Rest,,,5.9
user_000085,2026-10-05,54.6,1326,100,164,30,13,5,5366,Pull,2,14,7.1
user_000085,2026-10-06,54.4,1405,97,162,41,5,4,12562,Push,4,8,7.5
user_000085,2026-10-07,54.4,1683,118,179,55,17,5,11265,Legs,1,18,7.2
user_000085,2026-10-08,54.5,1270,93,148,34,11,1,11881,Pull,3,9,6.0
user_000085,2026-10-09,54.6,1291,89,146,39,54,1,5403,Push,2,7,5.9
user_000085,2026-10-10,54.5,1795,97,219,59,30,4,14673,Push,2,9,5.5
user_000085,2026-10-11,54.4,1529,112,160,49,33,1,11510,Legs,0,6,8.2
user_000085,2026-10-12,54.0,1663,111,199,47,49,2,11268,Legs,4,8,7.0
user_000085,2026-10-13,54.2,1603,103,210,39,47,4,5110,Pull,2,19,7.4
user_000085,2026-10-14,54.0,1144,96,127,28,45,2,4329,Push,1,10,7.4
user_000085,2026-10-15,54.1,1539,92,187,47,20,3,16327,Legs,0,15,7.7
user_000085,2026-10-16,54.3,1329,103,146,37,29,5,4015,Pull,4,18,8.4
user_000085,2026-10-17,54.4,1178,119,99,34,1,4,16805,Pull,3,11,6.5
user_000085,2026-10-18,54.5,1354,111,160,30,26,4,5230,Pull,2,11,7.7
user_000085,2026-10-19,54.2,1355,106,163,31,21,2,12944,Legs,4,19,7.1
user_000085,2026-10-20,54.0,1764,118,206,52,52,2,17363,Upper,0,6,7.5
user_000085,2026-10-21,53.9,1697,98,207,53,30,1,13748,Legs,4,15,7.6
user_000085,2026-10-22,53.7,1427,91,160,47,5,3,9274,Legs,5,6,8.7
user_000085,2026-10-23,53.9,1792,88,243,52,19,4,14906,Upper,3,18,7.6
user_000085,2026-10-24,53.7,1906,111,235,58,37,4,17510,Rest,,,7.8
user_000085,2026-10-25,53.9,1852,96,259,48,42,5,13454,Pull,2,15,7.1
user_000085,2026-10-26,53.7,1701,113,202,49,34,3,17945,Pull,0,19,6.5
user_000085,2026-10-27,53.7,1494,94,194,38,5,2,13289,Pull,3,11,5.6
user_000085,2026-10-28,53.7,1108,90,106,36,4,4,8442,Legs,4,16,6.3
user_000085,2026-10-29,53.3,1266,115,116,38,9,1,6372,Pull,5,7,8.2
user_000085,2026-10-30,53.3,1739,88,223,55,28,3,13917,Legs,4,12,6.8
user_000085,2026-10-31,52.9,1667,85,226,47,48,2,15386,Push,0,15,6.8
user_000085,2026-11-01,52.7,1330,114,151,30,2,2,16662,Push,5,9,8.8
user_000085,2026-11-02,52.8,1461,98,184,37,58,3,3593,Rest,,,8.1
user_000085,2026-11-03,52.7,1350,93,168,34,3,1,14769,Pull,1,10,8.2
user_000085,2026-11-04,52.7,1392,85,173,40,49,1,8470,Pull,5,8,6.2
user_000085,2026-11-05,52.7,1602,94,212,42,36,3,14301,Rest,,,7.3
user_000085,2026-11-06,52.4,1377,102,150,41,21,3,11967,Pull,3,13,7.6
user_000085,2026-11-07,52.6,1447,90,166,47,12,3,13845,Legs,4,7,7.2
user_000085,2026-11-08,52.4,1101,86,115,33,23,3,3269,Rest,,,6.1
user_000085,2026-11-09,52.2,1257,99,141,33,21,1,9567,Push,4,9,7.6
user_000085,2026-11-10,51.9,1430,100,154,46,5,2,3612,Pull,0,16,7.5
user_000085,2026-11-11,51.8,1290,102,126,42,24,2,12774,Legs,0,10,7.9
user_000085,2026-11-12,51.9,1267,109,129,35,37,2,11399,Pull,2,15,8.9
user_000085,2026-11-13,51.6,1621,95,200,49,32,2,14067,Upper,3,8,7.4
user_000085,2026-11-14,51.6,1093,86,113,33,40,2,11173,Push,1,17,6.1
user_000085,2026-11-15,51.8,2055,111,288,51,54,5,12979,Rest,,,8.6
user_000085,2026-11-16,51.6,1844,107,219,60,54,5,5869,Upper,4,15,5.8
user_000085,2026-11-17,51.3,1570,99,190,46,46,5,8183,Legs,5,7,5.9
user_000085,2026-11-18,51.0,1858,97,246,54,46,5,7078,Upper,2,20,7.2
user_000085,2026-11-19,50.8,1282,107,119,42,12,5,6498,Upper,0,12,8.4
user_000085,2026-11-20,51.0,1436,105,155,44,18,3,7460,Push,0,7,8.9
user_000085,2026-11-21,50.6,1251,85,158,31,10,4,7491,Rest,,,6.3
user_000085,2026-11-22,50.6,1082,94,118,26,3,3,15740,Rest,,,6.2
user_000085,2026-11-23,50.5,1084,97,111,28,17,1,6819,Upper,4,16,8.9
user_000085,2026-11-24,50.1,1741,105,202,57,49,4,8789,Push,5,20,6.5
user_000085,2026-11-25,49.9,1889,87,284,45,49,5,13809,Rest,,,5.7
user_000085,2026-11-26,49.6,1081,105,91,33,46,1,7660,Upper,0,15,8.4
user_000085,2026-11-27,49.9,2029,85,321,45,55,5,15172,Legs,3,12,6.0
user_000086,2026-07-01,51.3,1356,98,142,44,1,1,5172,Rest,,,7.2
user_000086,2026-07-02,51.2,1615,102,205,43,60,3,5933,Rest,,,8.0
user_000086,2026-07-03,51.0,1658,85,244,38,21,2,13149,Rest,,,8.4
user_000086,2026-07-04,51.2,2175,92,292,71,35,5,17395,Pull,4,14,6.4
user_000086,2026-07-05,51.3,1376,89,156,44,11,4,7632,Legs,3,12,7.9
user_000086,2026-07-06,51.1,1408,92,161,44,43,1,15671,Upper,5,16,6.9
user_000086,2026-07-07,51.0,1317,100,164,29,7,3,3056,Pull,5,18,8.9
user_000086,2026-07-08,51.1,1732,87,238,48,42,3,5068,Legs,2,17,8.1
user_000086,2026-07-09,51.0,1306,95,155,34,10,2,6496,Legs,1,15,6.9
user_000086,2026-07-10,50.9,1588,90,226,36,12,2,14659,Push,4,8,6.5
user_000086,2026-07-11,50.8,1715,97,235,43,59,3,10441,Push,5,16,6.2
user_000086,2026-07-12,51.0,1860,104,244,52,53,4,3500,Legs,0,11,6.6
user_000086,2026-07-13,50.8,1350,96,156,38,37,1,10217,Rest,,,5.5
user_000086,2026-07-14,50.5,1654,109,219,38,30,4,15368,Push,5,15,8.8
user_000086,2026-07-15,50.6,1358,110,162,30,15,5,9761,Pull,4,7,7.6
user_000086,2026-07-16,50.5,1630,99,214,42,18,5,6366,Push,5,11,6.4
user_000086,2026-07-17,50.4,1525,81,208,41,23,1,14608,Legs,2,11,7.1
user_000086,2026-07-18,50.6,1166,88,127,34,25,1,3989,Upper,0,12,6.9
user_000086,2026-07-19,50.7,1435,106,147,47,2,5,17454,Pull,4,13,7.3
user_000086,2026-07-20,50.9,1664,101,216,44,14,2,13196,Legs,5,15,6.0
user_000086,2026-07-21,51.1,2367,110,358,55,57,5,9403,Rest,,,8.9
user_000086,2026-07-22,51.2,1379,91,166,39,8,2,17421,Push,5,11,7.8
user_000086,2026-07-23,51.4,1332,102,141,40,2,2,9261,Legs,2,9,8.6
user_000086,2026-07-24,51.6,1689,99,222,45,26,4,8864,Pull,5,11,8.0
user_000086,2026-07-25,51.8,1360,109,141,40,17,3,16000,Legs,3,13,6.6
user_000086,2026-07-26,51.7,1600,109,183,48,48,3,4609,Pull,0,10,7.2
user_000086,2026-07-27,51.5,1720,107,215,48,40,5,4903,Legs,0,17,7.8
user_000086,2026-07-28,51.3,1500,109,158,48,37,3,4657,Legs,3,18,5.9
user_000086,2026-07-29,51.1,2032,104,260,64,32,5,8899,Push,1,9,6.9
user_000086,2026-07-30,51.3,1642,105,184,54,15,4,13550,Rest,,,5.7
user_000086,2026-07-31,51.0,1409,88,190,33,51,2,8492,Legs,0,11,8.6
user_000086,2026-08-01,51.1,1697,112,229,37,7,3,13526,Legs,5,8,7.2
user_000086,2026-08-02,50.9,1601,85,232,37,30,4,9990,Upper,0,9,6.8
user_000086,2026-08-03,50.9,1637,109,199,45,41,1,11179,Upper,2,7,9.0
user_000086,2026-08-04,51.1,1611,84,222,43,13,1,17808,Pull,5,19,7.9
user_000086,2026-08-05,51.3,1395,109,152,39,46,2,9878,Rest,,,8.8
user_000086,2026-08-06,51.1,1573,94,189,49,13,4,15280,Push,2,20,6.0
user_000086,2026-08-07,50.8,1694,87,224,50,33,5,3366,Push,2,15,8.0
user_000086,2026-08-08,50.9,1397,105,161,37,29,1,4970,Upper,0,13,5.7
user_000086,2026-08-09,50.9,1316,107,141,36,40,1,5701,Push,5,20,8.5
user_000086,2026-08-10,51.1,1262,93,146,34,37,1,8803,Push,5,11,6.5
user_000086,2026-08-11,50.9,1272,99,129,40,11,2,7625,Upper,4,9,8.5
user_000086,2026-08-12,51.1,1986,109,275,50,33,2,16054,Legs,2,20,8.4
user_000086,2026-08-13,51.3,1667,92,219,47,59,3,9393,Rest,,,6.3
user_000086,2026-08-14,51.3,1732,102,223,48,40,2,6484,Push,3,16,7.9
user_000086,2026-08-15,50.9,1231,85,153,31,25,2,14436,Upper,3,15,5.9
user_000086,2026-08-16,51.1,1548,81,225,36,19,4,8568,Upper,1,13,6.9
user_000086,2026-08-17,51.2,1913,83,285,49,40,4,12319,Rest,,,7.0
user_000086,2026-08-18,51.2,1757,86,234,53,24,5,9193,Pull,5,10,5.8
user_000086,2026-08-19,51.4,1826,81,254,54,14,5,14997,Pull,5,18,7.6
user_000086,2026-08-20,51.3,1912,99,262,52,56,5,4108,Pull,1,6,8.9
user_000086,2026-08-21,51.1,1575,105,183,47,20,4,8446,Legs,2,8,6.1
user_000086,2026-08-22,51.2,1784,90,257,44,29,4,6243,Push,3,11,5.9
user_000086,2026-08-23,51.0,1890,93,240,62,38,3,7634,Upper,0,14,8.2
user_000086,2026-08-24,50.7,1590,96,198,46,34,2,8928,Upper,1,19,8.9
user_000086,2026-08-25,50.8,1366,94,153,42,56,1,10777,Pull,5,8,8.5
user_000086,2026-08-26,50.4,1389,82,164,45,33,4,9129,Push,1,18,6.4
user_000086,2026-08-27,50.4,1648,89,224,44,24,3,13681,Legs,1,14,8.7
user_000086,2026-08-28,50.6,2252,91,355,52,43,1,15622,Pull,3,17,8.4
user_000086,2026-08-29,50.8,2170,98,287,70,55,1,16024,Upper,0,15,6.4
user_000086,2026-08-30,51.1,2037,98,274,61,36,1,13404,Upper,0,18,7.2
user_000086,2026-08-31,51.0,2449,83,347,81,58,4,13517,Legs,3,12,7.8
user_000086,2026-09-01,51.1,2257,111,334,53,1,3,16136,Rest,,,6.0
user_000086,2026-09-02,51.0,2474,88,382,66,49,5,4954,Pull,3,7,6.8
user_000086,2026-09-03,51.4,2695,102,412,71,50,5,3204,Upper,4,10,8.1
user_000086,2026-09-04,51.3,2486,104,369,66,38,5,12253,Push,0,6,7.0
user_000086,2026-09-05,51.2,2189,101,291,69,27,4,5399,Upper,2,19,7.8
user_000086,2026-09-06,51.5,2064,84,279,68,4,1,6308,Push,0,7,6.0
user_000086,2026-09-07,51.5,1941,93,282,49,40,2,6247,Rest,,,7.3
user_000086,2026-09-08,51.7,2126,113,270,66,38,3,12113,Rest,,,7.7
user_000086,2026-09-09,51.6,2582,97,373,78,51,4,12447,Rest,,,5.8
user_000086,2026-09-10,51.7,1962,86,265,62,21,2,17533,Push,5,7,7.1
user_000086,2026-09-11,51.9,2324,102,344,60,43,3,9754,Pull,0,9,8.3
user_000086,2026-09-12,51.8,1675,90,205,55,24,1,8602,Legs,3,16,5.9
user_000086,2026-09-13,51.9,2708,109,406,72,58,5,13119,Pull,0,12,7.5
user_000086,2026-09-14,52.1,2291,85,355,59,2,1,15591,Pull,2,6,6.0
user_000086,2026-09-15,52.1,1709,91,226,49,38,1,4494,Rest,,,5.7
user_000086,2026-09-16,52.1,2051,91,271,67,30,3,9211,Pull,5,18,5.9
user_000086,2026-09-17,52.3,2202,99,294,70,60,2,17052,Upper,0,9,5.5
user_000086,2026-09-18,52.1,2032,109,273,56,20,3,5338,Legs,0,14,7.9
user_000086,2026-09-19,52.2,2377,86,344,73,40,4,10779,Upper,5,17,6.1
user_000086,2026-09-20,52.5,2391,114,360,55,59,5,3314,Pull,3,11,6.9
user_000086,2026-09-21,52.3,2296,111,319,64,45,3,12681,Legs,3,18,8.8
user_000086,2026-09-22,52.1,2478,88,392,62,54,4,3551,Legs,0,20,5.7
user_000086,2026-09-23,52.3,1919,101,246,59,44,2,7047,Pull,1,7,6.8
user_000086,2026-09-24,52.6,2052,91,296,56,23,3,9902,Rest,,,7.6
user_000086,2026-09-25,52.3,2076,87,279,68,33,1,13302,Legs,0,10,8.4
user_000086,2026-09-26,52.5,2262,109,344,50,54,3,7999,Upper,1,10,6.4
user_000086,2026-09-27,52.3,1923,107,277,43,20,1,12813,Push,2,15,7.0
user_000086,2026-09-28,52.6,2021,91,286,57,4,1,7964,Rest,,,7.2
user_000086,2026-09-29,52.9,1948,86,275,56,34,3,3135,Upper,4,18,6.1
user_000086,2026-09-30,53.2,2816,95,411,88,57,5,16372,Pull,2,9,8.8
user_000086,2026-10-01,53.5,1660,105,193,52,29,1,12109,Upper,0,7,6.1
user_000086,2026-10-02,53.2,1960,89,293,48,9,5,6667,Legs,5,18,8.0
user_000086,2026-10-03,53.0,2419,105,358,63,40,4,17221,Push,4,8,5.9
user_000086,2026-10-04,53.3,2108,91,319,52,9,3,10247,Pull,0,12,7.1
user_000086,2026-10-05,53.1,1956,100,281,48,5,1,7690,Rest,,,8.8
user_000086,2026-10-06,52.9,1893,95,250,57,31,1,7928,Rest,,,7.6
user_000086,2026-10-07,52.7,1937,115,268,45,29,3,4221,Rest,,,6.2
user_000086,2026-10-08,52.8,2022,113,289,46,15,1,10659,Upper,5,12,8.1
user_000086,2026-10-09,52.8,1798,90,247,50,40,1,11559,Legs,5,15,7.2
user_000086,2026-10-10,53.0,2115,112,284,59,23,5,5162,Rest,,,8.0
user_000086,2026-10-11,53.3,2448,89,352,76,29,4,15482,Push,1,20,6.0
user_000086,2026-10-12,53.3,2692,116,404,68,59,4,10196,Pull,4,19,6.1
user_000086,2026-10-13,53.1,2163,116,310,51,43,4,4414,Push,4,6,6.3
user_000086,2026-10-14,53.4,1754,107,210,54,1,5,13426,Legs,3,17,7.2
user_000086,2026-10-15,53.3,2332,90,358,60,43,3,11363,Legs,0,14,7.5
user_000086,2026-10-16,53.4,2198,113,297,62,29,2,13481,Legs,5,13,5.7
user_000086,2026-10-17,53.7,1972,85,309,44,18,2,11555,Upper,1,15,6.6
user_000086,2026-10-18,53.9,1967,104,282,47,3,5,3175,Legs,3,9,7.7
user_000086,2026-10-19,53.9,2189,103,334,49,22,3,6537,Rest,,,5.7
user_000086,2026-10-20,54.1,2665,116,413,61,58,5,7393,Push,2,9,6.6
user_000086,2026-10-21,54.0,2184,98,322,56,60,1,13525,Legs,5,7,8.9
user_000086,2026-10-22,53.8,2027,99,284,55,8,2,10291,Push,4,17,7.8
user_000086,2026-10-23,54.1,1920,91,263,56,1,3,3872,Rest,,,7.4
user_000086,2026-10-24,54.0,2086,97,303,54,32,2,6401,Rest,,,6.1
user_000086,2026-10-25,53.8,2058,107,268,62,24,1,12560,Legs,3,15,6.4
user_000086,2026-10-26,53.5,1831,95,257,47,4,3,3891,Upper,1,16,8.9
user_000086,2026-10-27,53.7,1997,99,272,57,24,1,14138,Legs,3,15,6.9
user_000086,2026-10-28,53.5,2416,110,350,64,28,5,15296,Rest,,,8.1
user_000086,2026-10-29,53.2,2105,85,286,69,33,2,10805,Rest,,,6.9
user_000086,2026-10-30,53.5,2005,116,266,53,20,5,5274,Rest,,,7.7
user_000086,2026-10-31,53.8,2346,101,337,66,59,2,14212,Rest,,,6.2
user_000086,2026-11-01,53.7,2020,87,292,56,12,3,6944,Rest,,,5.8
user_000086,2026-11-02,53.7,2160,107,289,64,11,1,16117,Legs,0,15,8.2
user_000086,2026-11-03,53.8,2364,102,345,64,48,1,17655,Upper,3,11,6.8
user_000086,2026-11-04,54.2,2337,117,312,69,33,4,12133,Upper,5,15,8.0
user_000086,2026-11-05,54.1,1686,99,228,42,3,5,4592,Rest,,,6.9
user_000086,2026-11-06,53.9,1950,117,240,58,4,3,4953,Upper,4,7,8.1
user_000086,2026-11-07,53.8,1922,117,260,46,19,4,8598,Pull,0,17,6.5
user_000086,2026-11-08,53.7,1858,93,250,54,39,2,5687,Pull,1,16,6.0
user_000086,2026-11-09,53.6,2495,112,334,79,51,4,7116,Pull,5,17,7.4
user_000086,2026-11-10,53.5,1811,103,235,51,41,1,5569,Pull,2,8,7.9
user_000086,2026-11-11,53.7,2303,100,316,71,36,2,8229,Push,4,12,6.8
user_000086,2026-11-12,53.8,2300,88,370,52,45,2,5064,Rest,,,6.3
user_000086,2026-11-13,53.6,1454,112,157,42,14,1,5394,Rest,,,7.4
user_000086,2026-11-14,53.4,1637,88,211,49,15,1,5678,Upper,3,12,5.8
user_000086,2026-11-15,53.6,1689,112,200,49,13,1,15933,Upper,3,18,8.4
user_000086,2026-11-16,53.4,1888,89,248,60,40,4,9130,Legs,3,13,6.4
user_000086,2026-11-17,53.1,1456,100,174,40,3,2,7594,Rest,,,5.7
user_000086,2026-11-18,53.2,2084,93,293,60,39,3,16356,Upper,5,11,6.6
user_000086,2026-11-19,53.1,1912,94,285,44,57,2,13822,Upper,4,7,6.6
user_000086,2026-11-20,53.2,1639,95,209,47,19,1,4782,Upper,3,16,6.4
user_000086,2026-11-21,53.5,2030,109,286,50,20,4,3779,Rest,,,6.1
user_000086,2026-11-22,53.7,1628,91,235,36,58,1,7183,Upper,5,17,6.9
user_000086,2026-11-23,53.7,1616,87,200,52,54,2,5523,Pull,5,6,8.6
user_000086,2026-11-24,53.7,1639,113,209,39,48,1,14043,Push,4,10,6.2
user_000086,2026-11-25,53.5,1682,106,229,38,31,3,5066,Pull,5,6,8.6
user_000086,2026-11-26,53.5,1393,114,160,33,37,2,5793,Push,2,12,7.3
user_000086,2026-11-27,53.7,1660,106,228,36,0,3,9847,Legs,1,14,8.2
user_000087,2026-07-01,51.3,1637,102,224,37,3,3,13151,Rest,,,7.2
user_000087,2026-07-02,51.3,1705,100,207,53,18,3,3173,Legs,1,19,8.4
user_000087,2026-07-03,51.1,1915,100,237,63,12,1,16918,Rest,,,5.7
user_000087,2026-07-04,51.3,1826,98,237,54,28,4,14804,Pull,1,11,8.0
user_000087,2026-07-05,51.1,1849,102,250,49,37,3,6475,Rest,,,6.6
user_000087,2026-07-06,51.2,1842,103,236,54,14,1,16690,Push,4,7,6.9
user_000087,2026-07-07,51.1,1676,89,213,52,9,5,6040,Pull,5,16,7.6
user_000087,2026-07-08,51.1,2044,102,283,56,7,5,9404,Legs,3,11,7.1
user_000087,2026-07-09,51.1,2270,95,333,62,31,4,16489,Pull,1,15,5.8
user_000087,2026-07-10,50.9,1714,109,198,54,14,5,8376,Legs,5,17,7.4
user_000087,2026-07-11,51.2,2338,95,323,74,49,4,9757,Pull,1,18,6.0
user_000087,2026-07-12,51.2,1471,97,183,39,5,3,6231,Legs,0,20,8.7
user_000087,2026-07-13,51.1,1956,86,304,44,42,2,15442,Legs,3,12,6.4
user_000087,2026-07-14,51.1,2034,86,292,58,30,5,6570,Rest,,,7.0
user_000087,2026-07-15,50.8,1728,88,245,44,4,3,9022,Pull,5,6,8.4
user_000087,2026-07-16,50.7,1801,88,261,45,7,1,17537,Upper,4,16,8.8
user_000087,2026-07-17,50.4,2000,94,280,56,40,4,9338,Push,5,17,8.0
user_000087,2026-07-18,50.2,1747,81,250,47,35,1,6044,Pull,2,9,6.0
user_000087,2026-07-19,50.5,1836,107,226,56,21,2,17839,Pull,4,18,7.7
user_000087,2026-07-20,50.3,1602,104,193,46,7,2,3963,Upper,3,10,7.1
user_000087,2026-07-21,50.0,1766,89,240,50,40,3,11843,Legs,3,18,6.7
user_000087,2026-07-22,50.2,1817,86,240,57,25,3,11428,Legs,0,14,8.9
user_000087,2026-07-23,50.5,1894,83,287,46,56,2,7927,Push,1,7,8.5
user_000087,2026-07-24,50.8,1884,109,227,60,38,4,6047,Rest,,,8.6
user_000087,2026-07-25,50.9,1934,107,237,62,18,5,17067,Legs,5,10,8.4
user_000087,2026-07-26,50.9,2095,88,312,55,22,5,10222,Pull,4,6,7.2
user_000087,2026-07-27,51.0,2058,85,326,46,25,1,16652,Legs,3,13,7.2
user_000087,2026-07-28,50.8,2225,91,328,61,30,3,13345,Push,2,6,7.7
user_000087,2026-07-29,50.7,1758,96,222,54,39,2,6886,Rest,,,5.7
user_000087,2026-07-30,50.8,2110,85,285,70,53,3,14437,Pull,1,7,6.1
user_000087,2026-07-31,50.9,2108,105,269,68,42,2,15752,Legs,3,16,8.1
user_000087,2026-08-01,50.7,2255,94,310,71,47,4,10168,Legs,2,14,8.5
user_000087,2026-08-02,51.0,2300,100,349,56,44,4,12055,Upper,1,13,7.7
user_000087,2026-08-03,50.8,2288,96,350,56,51,5,3922,Pull,4,13,8.7
user_000087,2026-08-04,50.5,2561,109,376,69,42,5,16429,Legs,5,15,7.2
user_000087,2026-08-05,50.4,1849,107,227,57,28,4,10022,Pull,1,13,9.0
user_000087,2026-08-06,50.2,1832,98,252,48,26,5,3222,Push,2,10,6.1
user_000087,2026-08-07,50.4,2026,98,278,58,47,1,17711,Upper,3,9,8.2
user_000087,2026-08-08,50.5,2004,93,300,48,38,5,6828,Pull,1,14,7.6
user_000087,2026-08-09,50.3,1705,103,213,49,43,1,10626,Rest,,,6.8
user_000087,2026-08-10,50.1,2326,94,366,54,33,5,15547,Push,5,6,6.8
user_000087,2026-08-11,49.8,1598,98,189,50,52,1,10707,Push,5,8,5.9
user_000087,2026-08-12,49.6,2324,87,377,52,50,5,10585,Pull,3,11,6.3
user_000087,2026-08-13,49.5,2325,102,306,77,40,5,17207,Rest,,,7.3
user_000087,2026-08-14,49.8,1669,88,228,45,1,5,11793,Legs,2,14,8.4
user_000087,2026-08-15,50.0,2148,106,296,60,26,2,15072,Push,2,13,8.0
user_000087,2026-08-16,49.8,2256,89,322,68,34,5,12869,Upper,0,13,5.7
user_000087,2026-08-17,49.5,1751,89,234,51,47,2,7934,Legs,0,20,6.8
user_000087,2026-08-18,49.7,1832,103,256,44,45,2,10639,Legs,4,12,5.6
user_000087,2026-08-19,49.8,1854,93,249,54,30,2,10558,Pull,3,20,8.8
user_000087,2026-08-20,50.0,1995,97,296,47,37,5,4922,Push,4,18,5.5
user_000087,2026-08-21,49.9,1595,109,184,47,25,4,8583,Push,3,12,6.9
user_000087,2026-08-22,49.7,2503,105,352,75,49,5,13538,Rest,,,7.6
user_000087,2026-08-23,50.0,1622,84,227,42,7,1,3324,Legs,0,11,8.7
user_000087,2026-08-24,50.0,1929,103,242,61,19,3,17700,Push,5,17,8.7
user_000087,2026-08-25,49.8,2483,96,356,75,34,4,16856,Rest,,,8.1
user_000087,2026-08-26,50.1,2445,97,368,65,59,4,9763,Upper,3,11,6.6
user_000087,2026-08-27,49.8,2032,92,308,48,11,3,16645,Upper,0,18,8.9
user_000087,2026-08-28,49.9,1771,86,269,39,59,1,3194,Legs,4,14,7.2
user_000087,2026-08-29,49.7,2130,96,306,58,30,5,11634,Pull,1,10,5.9
user_000087,2026-08-30,50.0,1851,93,273,43,26,2,17946,Push,4,10,6.3
user_000087,2026-08-31,50.3,1930,108,244,58,54,1,10015,Upper,5,13,8.2
user_000087,2026-09-01,50.4,2041,101,281,57,45,1,15261,Rest,,,7.9
user_000087,2026-09-02,50.1,1557,90,207,41,10,1,12234,Upper,1,8,8.8
user_000087,2026-09-03,50.3,2165,80,315,65,58,3,10064,Pull,4,19,7.1
user_000087,2026-09-04,50.0,2421,108,360,61,52,5,14102,Legs,4,7,6.8
user_000087,2026-09-05,49.9,2099,106,295,55,37,3,11852,Upper,4,6,6.0
user_000087,2026-09-06,49.7,2149,84,307,65,56,2,16830,Pull,2,12,8.4
user_000087,2026-09-07,49.8,1817,89,273,41,39,2,15626,Push,2,10,8.0
user_000087,2026-09-08,49.6,1927,107,233,63,24,5,17589,Pull,2,7,8.6
user_000087,2026-09-09,49.8,1302,84,147,42,41,1,3738,Push,0,17,7.9
user_000087,2026-09-10,50.0,1464,91,167,48,8,3,16868,Pull,2,11,7.2
user_000087,2026-09-11,49.9,1990,85,309,46,52,4,7531,Pull,5,8,7.4
user_000087,2026-09-12,50.1,1835,108,236,51,6,1,14391,Rest,,,7.2
user_000087,2026-09-13,50.0,2173,88,318,61,23,5,8539,Legs,0,7,5.9
user_000087,2026-09-14,50.1,2678,93,437,62,60,5,15184,Push,2,16,7.6
user_000087,2026-09-15,50.4,2026,86,290,58,9,4,17249,Upper,2,20,5.6
user_000087,2026-09-16,50.6,1518,102,192,38,0,5,12997,Push,2,6,7.7
user_000087,2026-09-17,50.8,2456,86,393,60,47,5,17827,Rest,,,8.9
user_000087,2026-09-18,50.9,2056,105,256,68,33,3,11198,Upper,4,9,8.3
user_000087,2026-09-19,50.7,2066,90,278,66,24,4,9219,Pull,4,13,7.5
user_000087,2026-09-20,50.8,1930,88,255,62,9,1,11539,Push,4,11,6.9
user_000087,2026-09-21,50.8,1907,105,257,51,36,2,15575,Pull,1,14,7.7
user_000087,2026-09-22,51.1,1965,98,292,45,35,5,4863,Upper,2,10,5.8
user_000087,2026-09-23,50.9,1621,94,210,45,49,1,7071,Upper,3,12,6.9
user_000087,2026-09-24,50.9,1576,95,218,36,30,3,3300,Pull,4,7,7.8
user_000087,2026-09-25,50.7,1664,86,213,52,7,1,15074,Push,1,14,6.3
user_000087,2026-09-26,50.9,2253,97,302,73,38,5,13261,Pull,5,18,8.0
user_000087,2026-09-27,50.9,1623,101,199,47,29,3,7708,Upper,4,8,5.7
user_000087,2026-09-28,50.6,1756,100,231,48,60,1,16753,Rest,,,6.0
user_000087,2026-09-29,50.8,1631,99,212,43,43,3,10230,Push,4,6,6.3
user_000087,2026-09-30,50.5,1926,90,252,62,60,4,4354,Upper,5,20,5.7
user_000087,2026-10-01,50.2,1555,107,194,39,9,4,16052,Legs,5,15,8.9
user_000087,2026-10-02,49.9,1257,92,148,33,5,4,14730,Legs,4,12,6.1
user_000087,2026-10-03,50.1,1587,104,178,51,34,3,12130,Legs,3,7,7.2
user_000087,2026-10-04,50.3,1385,80,174,41,41,1,6146,Pull,5,7,8.0
user_000087,2026-10-05,50.2,1516,96,193,40,32,3,8580,Rest,,,6.2
user_000087,2026-10-06,49.9,1081,107,107,25,12,1,7865,Upper,0,7,8.7
user_000087,2026-10-07,49.6,1077,95,100,33,10,3,10185,Pull,2,19,5.6
user_000087,2026-10-08,49.5,1204,91,138,32,33,1,9960,Rest,,,9.0
user_000087,2026-10-09,49.2,1343,104,144,39,51,4,3840,Legs,0,8,6.7
user_000087,2026-10-10,49.1,1391,90,179,35,30,5,11282,Push,3,17,5.8
user_000087,2026-10-11,48.9,1984,99,280,52,47,5,11764,Rest,,,7.0
user_000087,2026-10-12,48.7,1544,106,199,36,56,3,3358,Legs,4,13,8.7
user_000087,2026-10-13,48.6,1073,90,122,25,44,3,17472,Pull,2,7,8.0
user_000087,2026-10-14,48.5,1227,87,150,31,5,3,12714,Upper,2,11,8.9
user_000087,2026-10-15,48.5,1325,81,167,37,31,4,6590,Legs,3,19,7.5
user_000087,2026-10-16,48.2,1471,98,191,35,35,1,16018,Push,5,9,7.5
user_000087,2026-10-17,48.1,1500,91,194,40,36,2,16596,Rest,,,8.4
user_000087,2026-10-18,47.9,1663,82,219,51,18,2,14851,Legs,5,17,8.0
user_000087,2026-10-19,47.7,1892,85,289,44,47,1,13954,Upper,5,9,6.6
user_000087,2026-10-20,47.6,1150,93,127,30,8,2,5253,Legs,3,11,7.4
user_000087,2026-10-21,47.7,1610,78,230,42,44,4,11333,Pull,4,18,7.5
user_000087,2026-10-22,47.5,1254,87,150,34,33,3,13473,Legs,1,15,8.2
user_000087,2026-10-23,47.3,1583,103,214,35,28,2,13383,Pull,2,9,8.6
user_000087,2026-10-24,47.2,1056,94,98,32,3,2,3458,Push,2,14,7.8
user_000087,2026-10-25,47.3,1278,88,146,38,54,1,3667,Legs,5,8,6.5
user_000087,2026-10-26,47.3,1499,83,195,43,50,4,12889,Upper,3,10,8.0
user_000087,2026-10-27,47.5,1317,92,163,33,46,1,9409,Pull,0,16,6.9
user_000087,2026-10-28,47.2,1787,96,254,43,51,3,11147,Legs,0,8,6.7
user_000087,2026-10-29,47.0,1637,90,209,49,21,5,16292,Push,1,17,8.1
user_000087,2026-10-30,46.7,2173,75,349,53,34,5,13741,Upper,5,9,8.3
user_000087,2026-10-31,46.8,1335,77,169,39,35,2,5130,Push,5,15,8.7
user_000087,2026-11-01,46.7,1049,76,130,25,21,1,8734,Rest,,,8.4
user_000087,2026-11-02,46.8,1812,96,249,48,55,4,12689,Upper,1,18,6.9
user_000087,2026-11-03,46.8,1426,88,174,42,18,5,5763,Push,5,14,6.6
user_000087,2026-11-04,46.9,1416,102,153,44,28,3,14081,Legs,4,19,6.1
user_000087,2026-11-05,46.7,1378,81,169,42,16,5,9437,Push,3,19,7.0
user_000087,2026-11-06,46.9,1217,89,150,29,60,1,16717,Push,2,20,7.0
user_000087,2026-11-07,46.9,1524,75,225,36,20,4,14138,Rest,,,8.1
user_000087,2026-11-08,47.0,1416,87,195,32,17,5,14740,Pull,4,19,7.1
user_000087,2026-11-09,46.9,1622,76,226,46,31,2,14527,Pull,1,7,5.6
user_000087,2026-11-10,46.8,1240,76,162,32,14,1,10822,Rest,,,7.7
user_000087,2026-11-11,46.9,1104,86,109,36,13,3,5644,Pull,1,16,5.6
user_000087,2026-11-12,46.7,1153,86,119,37,15,1,13673,Legs,1,9,7.7
user_000087,2026-11-13,46.6,1797,79,260,49,38,3,12289,Pull,3,14,7.3
user_000087,2026-11-14,46.4,1299,93,153,35,5,4,10906,Upper,4,8,7.3
user_000087,2026-11-15,46.2,1047,97,104,27,18,2,3372,Push,4,20,6.9
user_000087,2026-11-16,46.4,1430,85,169,46,9,5,6641,Pull,3,20,7.4
user_000087,2026-11-17,46.5,1150,83,128,34,4,4,5925,Rest,,,8.8
user_000087,2026-11-18,46.6,1410,96,162,42,42,4,6075,Push,3,12,7.5
user_000087,2026-11-19,46.7,1818,94,257,46,30,3,15864,Push,3,8,5.8
user_000087,2026-11-20,46.8,1487,75,191,47,22,4,6040,Legs,5,6,6.1
user_000087,2026-11-21,47.0,1308,80,157,40,3,2,12101,Rest,,,7.4
user_000087,2026-11-22,46.9,1421,93,188,33,19,3,8280,Rest,,,8.2
user_000087,2026-11-23,46.7,1384,83,182,36,58,2,5486,Pull,1,19,7.0
user_000087,2026-11-24,46.4,1520,90,200,40,35,4,8242,Legs,0,12,8.9
user_000087,2026-11-25,46.5,1630,78,244,38,58,4,15014,Pull,4,20,8.2
user_000087,2026-11-26,46.4,1224,96,120,40,41,4,4514,Rest,,,6.8
user_000087,2026-11-27,46.6,1261,95,155,29,52,1,7958,Pull,3,14,5.9
user_000088,2026-07-01,51.2,1736,93,233,48,20,3,9251,Pull,1,13,8.3
user_000088,2026-07-02,51.3,1594,102,184,50,22,2,6998,Pull,0,19,7.2
user_000088,2026-07-03,51.2,1931,89,288,47,54,4,3795,Push,0,14,7.5
user_000088,2026-07-04,51.1,2249,105,329,57,48,5,9357,Rest,,,8.4
user_000088,2026-07-05,50.9,2066,85,301,58,39,2,15031,Rest,,,8.0
user_000088,2026-07-06,50.7,1514,98,204,34,10,3,6728,Push,3,16,6.1
user_000088,2026-07-07,50.9,1916,87,257,60,40,2,16755,Legs,5,11,7.8
user_000088,2026-07-08,51.1,1912,109,252,52,14,1,17564,Rest,,,8.7
user_000088,2026-07-09,51.0,2007,104,265,59,50,3,3446,Rest,,,6.8
user_000088,2026-07-10,51.0,1912,105,265,48,9,4,8367,Push,5,9,7.3
user_000088,2026-07-11,51.0,1760,111,239,40,46,2,9320,Rest,,,8.3
user_000088,2026-07-12,50.9,1567,101,185,47,37,1,4744,Pull,3,11,7.1
user_000088,2026-07-13,50.6,1946,103,244,62,57,3,5779,Push,5,10,7.1
user_000088,2026-07-14,50.9,2066,97,307,50,34,4,11322,Upper,1,20,8.7
user_000088,2026-07-15,50.9,2464,105,349,72,58,4,11860,Legs,0,6,6.6
user_000088,2026-07-16,51.1,1663,101,200,51,17,1,4361,Rest,,,7.6
user_000088,2026-07-17,50.9,1657,91,240,37,59,1,10465,Legs,5,8,8.5
user_000088,2026-07-18,50.6,1599,95,208,43,14,2,7537,Upper,4,12,6.7
user_000088,2026-07-19,50.7,1912,95,266,52,54,2,3738,Upper,4,9,6.2
user_000088,2026-07-20,50.9,2213,109,298,65,19,5,16280,Pull,2,20,6.7
user_000088,2026-07-21,51.1,1824,87,243,56,39,2,9417,Legs,2,6,7.8
user_000088,2026-07-22,51.2,1831,85,276,43,13,4,3194,Rest,,,7.3
user_000088,2026-07-23,50.9,2168,102,296,64,52,5,9188,Legs,1,6,6.4
user_000088,2026-07-24,51.0,2089,98,287,61,49,4,5993,Upper,1,9,7.7
user_000088,2026-07-25,50.8,1679,106,208,47,2,1,6673,Pull,5,8,7.7
user_000088,2026-07-26,50.9,2085,104,289,57,24,5,13865,Legs,5,16,6.3
user_000088,2026-07-27,51.2,1730,89,240,46,35,4,6451,Upper,4,6,6.6
user_000088,2026-07-28,51.1,2009,102,272,57,1,3,15316,Pull,3,9,8.4
user_000088,2026-07-29,50.9,1791,95,247,47,2,3,17407,Upper,4,18,7.0
user_000088,2026-07-30,51.0,1849,104,239,53,12,3,7229,Legs,0,19,5.6
user_000088,2026-07-31,51.3,2292,99,339,60,21,4,17474,Push,4,6,7.1
user_000088,2026-08-01,51.4,1938,84,270,58,11,2,14273,Legs,3,17,8.1
user_000088,2026-08-02,51.3,1592,89,210,44,4,4,9792,Legs,2,10,7.4
user_000088,2026-08-03,51.5,1798,93,226,58,57,3,4738,Push,2,20,5.6
user_000088,2026-08-04,51.7,2220,99,312,64,41,4,14204,Push,5,18,8.8
user_000088,2026-08-05,51.5,1372,91,162,40,37,5,3987,Pull,3,20,8.6
user_000088,2026-08-06,51.4,1578,92,199,46,41,5,6607,Rest,,,6.8
user_000088,2026-08-07,51.4,1348,91,147,44,37,2,17577,Upper,2,9,8.4
user_000088,2026-08-08,51.6,1588,99,199,44,37,3,10494,Legs,3,6,7.5
user_000088,2026-08-09,51.6,1404,87,192,32,52,3,12623,Pull,4,12,8.7
user_000088,2026-08-10,51.2,1548,96,192,44,10,1,15720,Upper,4,18,8.9
user_000088,2026-08-11,51.2,1120,99,100,36,10,5,14662,Push,0,10,5.9
user_000088,2026-08-12,51.2,1643,84,212,51,51,4,9918,Push,5,19,6.2
user_000088,2026-08-13,51.0,1357,104,161,33,35,3,17899,Push,1,6,5.9
user_000088,2026-08-14,51.0,1730,81,239,50,52,4,15039,Rest,,,8.1
user_000088,2026-08-15,51.0,1086,84,120,30,16,5,10767,Rest,,,5.8
user_000088,2026-08-16,51.0,1259,83,144,39,25,2,7269,Upper,1,16,6.8
user_000088,2026-08-17,51.0,1348,89,167,36,25,4,10040,Legs,0,11,8.4
user_000088,2026-08-18,51.1,1708,99,211,52,60,4,12765,Legs,4,10,6.0
user_000088,2026-08-19,51.1,1464,106,161,44,27,3,12655,Upper,1,11,8.0
user_000088,2026-08-20,51.2,1607,112,202,39,43,4,7464,Push,4,19,7.4
user_000088,2026-08-21,51.0,1088,105,104,28,35,1,5169,Push,2,14,8.0
user_000088,2026-08-22,51.1,1264,94,141,36,23,1,7353,Upper,0,15,8.6
user_000088,2026-08-23,50.8,1867,109,261,43,60,5,10085,Pull,2,15,6.8
user_000088,2026-08-24,50.7,1550,82,229,34,45,5,14682,Rest,,,7.0
user_000088,2026-08-25,50.5,1411,99,175,35,59,2,7119,Legs,0,11,5.6
user_000088,2026-08-26,50.4,1726,101,236,42,55,4,14167,Pull,0,18,6.7
user_000088,2026-08-27,50.5,1100,109,94,32,59,1,10801,Push,4,9,5.9
user_000088,2026-08-28,50.6,1081,92,122,25,2,3,10243,Pull,3,8,7.2
user_000088,2026-08-29,50.6,1195,98,131,31,46,1,14845,Pull,5,20,7.0
user_000088,2026-08-30,50.4,1716,85,254,40,38,4,16000,Upper,1,6,7.3
user_000088,2026-08-31,50.6,1469,82,193,41,33,3,14155,Push,5,19,7.1
user_000088,2026-09-01,50.4,1311,103,146,35,14,3,11806,Legs,0,6,8.3
user_000088,2026-09-02,50.4,1459,85,183,43,16,2,17978,Pull,1,15,8.4
user_000088,2026-09-03,50.5,1216,108,124,32,29,1,13675,Upper,0,10,6.1
user_000088,2026-09-04,50.2,1397,84,191,33,52,3,7344,Rest,,,6.4
user_000088,2026-09-05,50.3,1434,81,192,38,56,1,16097,Legs,1,16,6.7
user_000088,2026-09-06,50.1,1113,90,114,33,9,4,7721,Upper,2,10,6.1
user_000088,2026-09-07,50.0,1784,94,253,44,52,5,10180,Upper,0,9,7.1
user_000088,2026-09-08,49.8,1210,90,136,34,29,1,16362,Rest,,,7.8
user_000088,2026-09-09,49.7,1463,80,189,43,25,3,10115,Upper,4,17,8.0
user_000088,2026-09-10,49.9,1074,81,111,34,25,1,4846,Pull,1,7,8.6
user_000088,2026-09-11,49.7,1101,96,105,33,17,1,12637,Push,3,11,8.6
user_000088,2026-09-12,49.7,1402,104,170,34,0,1,12746,Push,5,19,7.3
user_000088,2026-09-13,49.4,1837,91,258,49,60,5,16995,Push,5,20,8.8
user_000088,2026-09-14,49.2,1073,93,119,25,7,2,9152,Push,4,19,7.0
user_000088,2026-09-15,48.9,1074,100,92,34,26,4,8250,Rest,,,8.0
user_000088,2026-09-16,48.7,1089,79,119,33,29,1,12397,Rest,,,8.6
user_000088,2026-09-17,48.9,1122,100,104,34,12,2,9756,Pull,4,13,6.9
user_000088,2026-09-18,48.8,1583,78,230,39,41,2,14591,Push,3,11,6.8
user_000088,2026-09-19,48.7,1426,98,173,38,10,4,13933,Rest,,,7.5
user_000088,2026-09-20,48.7,1516,90,181,48,36,5,14625,Legs,4,15,7.9
user_000088,2026-09-21,48.8,1686,101,208,50,54,4,10588,Pull,5,10,7.2
user_000088,2026-09-22,48.6,1067,93,104,31,49,2,15567,Pull,0,19,5.6
user_000088,2026-09-23,48.7,1102,95,104,34,20,4,9694,Pull,3,19,6.5
user_000088,2026-09-24,48.7,1371,87,186,31,37,5,3420,Push,0,20,8.0
user_000088,2026-09-25,48.3,1235,81,158,31,46,2,7637,Rest,,,6.4
user_000088,2026-09-26,48.3,1599,97,188,51,47,4,15140,Legs,5,17,6.8
user_000088,2026-09-27,48.2,1448,87,185,40,49,1,11922,Push,2,14,7.1
user_000088,2026-09-28,48.2,1275,90,150,35,28,2,14091,Rest,,,7.0
user_000088,2026-09-29,48.0,1302,99,132,42,29,5,13312,Legs,2,17,8.8
user_000088,2026-09-30,48.2,1128,89,112,36,12,4,11353,Legs,1,18,7.7
user_000088,2026-10-01,48.4,2026,104,281,54,37,5,14053,Legs,3,16,7.1
user_000088,2026-10-02,48.0,1062,85,104,34,42,1,12399,Pull,2,9,7.3
user_000088,2026-10-03,47.7,1610,97,220,38,38,3,15070,Push,2,17,8.0
user_000088,2026-10-04,47.5,1059,85,119,27,39,4,6417,Push,1,16,8.0
user_000088,2026-10-05,47.5,2170,103,300,62,30,2,14838,Legs,2,9,6.9
user_000088,2026-10-06,47.5,2100,103,269,68,38,2,9554,Push,4,19,8.6
user_000088,2026-10-07,47.5,2466,102,348,74,60,4,4947,Rest,,,5.9
user_000088,2026-10-08,47.5,1985,103,265,57,6,2,13666,Upper,1,14,6.9
user_000088,2026-10-09,47.6,1913,90,269,53,1,4,9671,Pull,4,13,7.4
user_000088,2026-10-10,47.8,2358,97,326,74,36,4,8447,Pull,4,7,6.3
user_000088,2026-10-11,48.1,2285,87,347,61,45,4,3187,Legs,0,16,8.4
user_000088,2026-10-12,48.1,2674,100,420,66,60,4,13980,Rest,,,8.7
user_000088,2026-10-13,48.3,2288,82,328,72,43,2,4837,Pull,5,7,8.5
user_000088,2026-10-14,48.1,2105,85,286,69,5,5,11986,Legs,2,8,6.9
user_000088,2026-10-15,48.1,1896,94,281,44,54,1,3477,Push,2,12,5.6
user_000088,2026-10-16,48.0,1791,97,254,43,52,1,10166,Upper,4,15,8.1
user_000088,2026-10-17,48.2,2317,102,349,57,28,5,14288,Upper,1,14,7.0
user_000088,2026-10-18,48.6,2712,82,416,80,46,5,4290,Push,0,6,5.6
user_000088,2026-10-19,48.7,2172,92,298,68,40,2,13644,Legs,2,10,6.4
user_000088,2026-10-20,49.0,2616,84,417,68,58,5,6423,Upper,0,15,5.6
user_000088,2026-10-21,49.2,2070,105,264,66,42,2,8654,Rest,,,6.5
user_000088,2026-10-22,49.3,1938,105,267,50,56,3,3463,Upper,4,18,7.6
user_000088,2026-10-23,49.1,2351,99,329,71,23,5,17453,Rest,,,7.5
user_000088,2026-10-24,48.9,2224,102,292,72,54,3,5086,Pull,1,10,7.0
user_000088,2026-10-25,48.8,1947,84,297,47,11,2,11729,Push,4,7,7.8
user_000088,2026-10-26,48.8,1784,104,234,48,1,5,12597,Legs,4,16,8.3
user_000088,2026-10-27,49.1,2762,100,406,82,52,5,14813,Pull,3,9,8.6
user_000088,2026-10-28,49.4,2138,84,338,50,51,1,13976,Push,1,20,6.9
user_000088,2026-10-29,49.6,2187,91,332,55,17,3,10886,Rest,,,7.2
user_000088,2026-10-30,49.9,2398,100,351,66,38,2,11223,Push,3,8,8.2
user_000088,2026-10-31,49.8,2084,102,293,56,31,4,10882,Legs,1,7,8.0
user_000088,2026-11-01,49.8,2142,88,317,58,23,5,13568,Pull,1,18,6.1
user_000088,2026-11-02,49.7,2278,90,313,74,17,5,8054,Push,1,11,7.8
user_000088,2026-11-03,49.9,1792,88,252,48,5,1,16867,Pull,2,15,8.8
user_000088,2026-11-04,50.1,2713,100,396,81,56,5,10577,Upper,4,8,8.2
user_000088,2026-11-05,50.4,2251,86,317,71,44,3,10165,Pull,3,8,7.1
user_000088,2026-11-06,50.3,2289,95,358,53,32,4,14400,Legs,5,9,8.1
user_000088,2026-11-07,50.7,2456,83,396,60,53,3,6362,Push,0,8,5.9
user_000088,2026-11-08,50.4,1738,109,240,38,54,1,5276,Upper,3,9,5.9
user_000088,2026-11-09,50.6,1946,102,245,62,60,1,10277,Pull,2,18,6.7
user_000088,2026-11-10,50.6,2513,92,363,77,2,5,12441,Rest,,,6.6
user_000088,2026-11-11,50.7,1985,92,285,53,54,1,8185,Legs,3,7,7.0
user_000088,2026-11-12,50.9,1803,96,249,47,0,2,4859,Pull,3,20,7.7
user_000088,2026-11-13,50.7,2142,95,328,50,13,5,11782,Pull,0,10,6.2
user_000088,2026-11-14,50.9,2011,83,287,59,51,2,9895,Upper,1,15,6.1
user_000088,2026-11-15,51.1,1944,108,252,56,17,1,11507,Legs,4,15,8.8
user_000088,2026-11-16,51.5,2133,86,319,57,60,1,6601,Push,3,6,8.6
user_000088,2026-11-17,51.4,1967,90,296,47,9,3,5452,Push,0,6,5.5
user_000088,2026-11-18,51.6,1986,94,299,46,44,1,4117,Push,4,17,8.5
user_000088,2026-11-19,51.5,2498,90,404,58,27,3,11966,Upper,5,14,6.0
user_000088,2026-11-20,51.4,2292,88,368,52,24,2,15963,Rest,,,8.3
user_000088,2026-11-21,51.6,2527,89,410,59,24,4,16748,Pull,2,13,7.5
user_000088,2026-11-22,51.5,2581,100,381,73,38,5,13014,Rest,,,6.9
user_000088,2026-11-23,51.7,1986,84,300,50,10,4,5649,Rest,,,7.7
user_000088,2026-11-24,51.6,2052,108,297,48,22,4,6687,Upper,5,7,8.6
user_000088,2026-11-25,51.4,2173,88,345,49,21,2,14647,Pull,5,7,8.8
user_000088,2026-11-26,51.2,1892,94,262,52,4,1,3777,Rest,,,8.2
user_000088,2026-11-27,51.0,1973,93,290,49,31,1,7459,Rest,,,6.0
user_000089,2026-07-01,51.2,1507,105,193,35,48,1,14598,Pull,2,16,5.8
user_000089,2026-07-02,51.2,1939,100,261,55,29,4,15541,Pull,4,17,7.6
user_000089,2026-07-03,51.4,1497,96,195,37,5,4,12576,Pull,4,16,7.6
user_000089,2026-07-04,51.6,1325,84,164,37,16,1,16718,Upper,5,12,7.9
user_000089,2026-07-05,51.4,1428,103,164,40,24,4,12273,Rest,,,7.9
user_000089,2026-07-06,51.4,1497,89,175,49,34,3,11185,Pull,0,13,8.0
user_000089,2026-07-07,51.4,1091,100,94,35,54,1,7838,Rest,,,7.7
user_000089,2026-07-08,51.2,2141,90,299,65,58,4,17588,Push,1,16,9.0
user_000089,2026-07-09,51.4,1585,94,219,37,24,2,11928,Rest,,,8.9
user_000089,2026-07-10,51.7,1529,107,183,41,18,3,11573,Upper,3,6,7.4
user_000089,2026-07-11,51.6,1836,108,252,44,43,4,16164,Legs,4,17,6.1
user_000089,2026-07-12,51.4,1811,104,243,47,52,4,13815,Pull,2,14,6.7
user_000089,2026-07-13,51.3,1260,109,116,40,59,3,8764,Upper,4,14,8.7
user_000089,2026-07-14,51.5,1771,110,200,59,48,3,8913,Upper,2,12,8.9
user_000089,2026-07-15,51.6,1557,98,181,49,43,3,14098,Upper,1,17,9.0
user_000089,2026-07-16,51.6,1091,100,112,27,3,3,6936,Pull,2,12,6.5
user_000089,2026-07-17,51.7,1092,99,120,24,0,2,5950,Legs,1,20,6.7
user_000089,2026-07-18,51.9,1286,97,139,38,16,5,5325,Pull,1,17,8.1
user_000089,2026-07-19,51.8,1588,87,193,52,18,4,15497,Upper,5,16,9.0
user_000089,2026-07-20,51.9,1151,97,121,31,4,5,3418,Push,5,8,8.6
user_000089,2026-07-21,52.0,1211,110,105,39,55,1,3490,Push,0,6,8.7
user_000089,2026-07-22,52.2,1496,94,181,44,54,3,6539,Pull,4,20,8.8
user_000089,2026-07-23,52.2,1699,103,207,51,56,2,14316,Pull,0,10,9.0
user_000089,2026-07-24,52.4,1520,87,185,48,23,4,7815,Legs,2,11,6.7
user_000089,2026-07-25,52.0,1098,100,107,30,40,2,3607,Legs,4,10,8.5
user_000089,2026-07-26,52.2,1835,107,255,43,43,4,7834,Pull,1,13,8.0
user_000089,2026-07-27,52.3,1467,106,155,47,59,3,13014,Rest,,,8.5
user_000089,2026-07-28,52.0,1754,88,247,46,53,5,8065,Legs,0,19,6.8
user_000089,2026-07-29,52.2,2223,100,323,59,48,5,16222,Legs,5,13,7.8
user_000089,2026-07-30,52.3,1500,91,176,48,50,4,4623,Legs,2,9,7.6
user_000089,2026-07-31,52.2,1099,102,103,31,6,5,4195,Push,4,18,8.8
user_000089,2026-08-01,52.2,1526,113,174,42,50,1,7873,Rest,,,7.5
user_000089,2026-08-02,52.0,1326,104,142,38,9,1,10940,Push,4,7,6.3
user_000089,2026-08-03,51.8,1373,99,152,41,36,2,12972,Push,1,14,6.6
user_000089,2026-08-04,51.6,1224,90,153,28,13,3,9026,Upper,1,16,8.0
user_000089,2026-08-05,51.4,1346,101,168,30,40,3,7910,Legs,0,17,6.9
user_000089,2026-08-06,51.3,1754,82,235,54,40,3,15468,Legs,5,18,7.1
user_000089,2026-08-07,51.4,1437,90,195,33,50,4,6831,Rest,,,7.7
user_000089,2026-08-08,51.3,1999,101,284,51,60,5,15629,Rest,,,6.2
user_000089,2026-08-09,51.3,1088,95,96,36,7,1,3441,Push,0,16,8.5
user_000089,2026-08-10,51.5,1729,89,215,57,6,3,16790,Rest,,,8.4
user_000089,2026-08-11,51.4,1633,113,185,49,40,1,17277,Legs,4,8,6.3
user_000089,2026-08-12,51.3,1938,91,290,46,59,5,16610,Legs,0,13,7.2
user_000089,2026-08-13,51.3,1710,89,226,50,41,5,11965,Legs,0,17,6.4
user_000089,2026-08-14,51.2,1232,82,163,28,7,1,5384,Rest,,,8.0
user_000089,2026-08-15,51.4,1679,90,242,39,21,5,9297,Pull,5,17,5.6
user_000089,2026-08-16,51.3,1299,106,140,35,0,5,11343,Upper,5,19,8.9
user_000089,2026-08-17,51.4,1365,110,139,41,19,2,10133,Legs,0,13,7.9
user_000089,2026-08-18,51.6,1414,112,138,46,36,1,13043,Pull,1,17,8.1
user_000089,2026-08-19,51.5,1384,98,158,40,21,3,9063,Push,4,17,7.2
user_000089,2026-08-20,51.5,1219,82,144,35,3,3,9218,Rest,,,7.8
user_000089,2026-08-21,51.4,1298,110,138,34,23,5,7214,Rest,,,8.7
user_000089,2026-08-22,51.4,1431,94,158,47,23,2,4147,Pull,3,17,8.8
user_000089,2026-08-23,51.2,1855,85,282,43,43,4,14852,Rest,,,8.5
user_000089,2026-08-24,51.4,1353,110,136,41,8,1,17387,Rest,,,6.6
user_000089,2026-08-25,51.6,1574,93,197,46,2,3,14373,Legs,5,12,7.5
user_000089,2026-08-26,51.5,1245,87,150,33,50,1,5112,Legs,0,13,6.9
user_000089,2026-08-27,51.5,1557,112,185,41,10,2,16790,Legs,4,8,6.9
user_000089,2026-08-28,51.4,2090,101,309,50,56,5,11740,Pull,1,20,7.6
user_000089,2026-08-29,51.2,1362,104,160,34,13,2,9956,Legs,5,11,6.0
user_000089,2026-08-30,51.2,1423,86,173,43,24,1,11869,Upper,3,13,8.8
user_000089,2026-08-31,51.4,1501,89,194,41,53,2,8386,Pull,3,8,7.2
user_000089,2026-09-01,51.5,1327,97,156,35,31,4,4785,Push,2,16,7.3
user_000089,2026-09-02,51.5,1601,100,217,37,32,4,16813,Pull,3,15,8.6
user_000089,2026-09-03,51.1,1368,111,132,44,18,2,14294,Upper,2,19,6.4
user_000089,2026-09-04,51.3,1282,91,135,42,14,3,4805,Legs,3,20,8.7
user_000089,2026-09-05,51.4,1661,108,206,45,60,1,12979,Rest,,,6.8
user_000089,2026-09-06,51.3,1452,99,183,36,4,4,10848,Legs,0,10,8.6
user_000089,2026-09-07,51.0,1230,86,154,30,13,2,9890,Pull,2,18,6.0
user_000089,2026-09-08,51.1,1187,97,139,27,32,2,5514,Legs,5,9,8.7
user_000089,2026-09-09,51.2,1191,93,117,39,31,1,8467,Pull,5,7,8.8
user_000089,2026-09-10,51.2,1508,108,161,48,34,2,4846,Push,1,10,6.5
user_000089,2026-09-11,51.4,1307,101,156,31,7,5,12393,Push,3,7,7.9
user_000089,2026-09-12,51.2,1289,103,145,33,1,3,16669,Pull,0,17,7.5
user_000089,2026-09-13,51.2,1316,89,150,40,0,2,11334,Pull,1,20,7.9
user_000089,2026-09-14,51.3,1397,88,160,45,26,2,4014,Push,2,10,8.9
user_000089,2026-09-15,51.0,1464,87,180,44,2,1,16197,Pull,1,11,6.4
user_000089,2026-09-16,50.9,1227,88,131,39,1,2,8190,Rest,,,7.1
user_000089,2026-09-17,50.8,1660,91,216,48,25,3,6895,Legs,3,7,5.8
user_000089,2026-09-18,50.5,1600,111,190,44,48,4,11417,Push,0,20,8.0
user_000089,2026-09-19,50.4,1423,85,192,35,41,2,9254,Legs,4,16,8.6
user_000089,2026-09-20,50.3,1575,102,204,39,23,2,8655,Pull,1,12,5.7
user_000089,2026-09-21,50.5,1539,108,189,39,43,4,4427,Upper,3,9,6.7
user_000089,2026-09-22,50.6,1207,84,139,35,21,1,8173,Upper,3,12,8.0
user_000089,2026-09-23,50.6,1653,88,224,45,33,1,16938,Pull,2,16,6.2
user_000089,2026-09-24,50.5,1106,85,133,26,29,1,4233,Push,3,16,6.2
user_000089,2026-09-25,50.3,1408,90,172,40,26,3,16655,Push,1,18,7.3
user_000089,2026-09-26,50.2,2185,101,290,69,60,4,6173,Upper,1,10,6.2
user_000089,2026-09-27,50.0,2118,99,291,62,49,5,14026,Upper,4,10,7.7
user_000089,2026-09-28,50.1,1587,93,216,39,42,4,8709,Legs,1,11,6.1
user_000089,2026-09-29,50.2,2275,107,302,71,56,4,15886,Push,4,6,7.4
user_000089,2026-09-30,49.9,1608,84,228,40,60,2,5657,Upper,4,12,7.6
user_000089,2026-10-01,50.1,1966,90,271,58,42,5,13100,Pull,5,18,6.6
user_000089,2026-10-02,49.9,1430,109,163,38,13,5,5852,Push,0,18,5.9
user_000089,2026-10-03,50.1,1712,90,230,48,46,2,16571,Rest,,,8.6
user_000089,2026-10-04,50.0,1647,92,214,47,49,2,14738,Pull,1,7,7.1
user_000089,2026-10-05,49.9,1542,86,187,50,39,1,13021,Legs,4,13,8.5
user_000089,2026-10-06,49.9,1238,91,142,34,2,5,9795,Pull,1,10,6.1
user_000089,2026-10-07,49.8,1969,108,247,61,39,5,17700,Push,3,6,6.0
user_000089,2026-10-08,50.0,1629,103,221,37,16,3,17673,Upper,1,15,8.0
user_000089,2026-10-09,50.1,1739,108,212,51,31,3,8407,Upper,2,20,8.1
user_000089,2026-10-10,50.1,1620,103,203,44,57,3,11251,Pull,1,6,7.7
user_000089,2026-10-11,49.8,1080,91,116,28,9,1,6659,Push,5,18,6.4
user_000089,2026-10-12,49.7,2091,93,297,59,48,5,7606,Pull,1,17,6.5
user_000089,2026-10-13,49.8,1527,92,211,35,36,1,9137,Legs,0,7,7.9
user_000089,2026-10-14,49.9,1907,87,257,59,17,3,10378,Rest,,,8.1
user_000089,2026-10-15,50.3,1994,90,305,46,22,5,4019,Upper,0,11,6.8
user_000089,2026-10-16,50.1,2276,108,326,60,18,4,13695,Legs,5,16,6.5
user_000089,2026-10-17,49.9,2362,89,335,74,57,5,3746,Upper,1,7,6.5
user_000089,2026-10-18,49.9,1772,90,245,48,3,1,12185,Push,4,7,6.1
user_000089,2026-10-19,49.7,2061,86,310,53,34,5,5216,Legs,0,12,7.9
user_000089,2026-10-20,49.9,2209,87,310,69,42,4,6502,Pull,1,14,8.0
user_000089,2026-10-21,49.7,2131,86,305,63,9,5,7879,Push,3,15,7.9
user_000089,2026-10-22,49.8,2182,82,324,62,39,4,8879,Push,5,11,8.3
user_000089,2026-10-23,49.9,2199,100,335,51,5,4,17788,Upper,1,12,7.7
user_000089,2026-10-24,49.9,2097,104,292,57,2,5,7438,Rest,,,6.3
user_000089,2026-10-25,50.1,2350,82,357,66,52,2,13678,Push,0,15,8.5
user_000089,2026-10-26,49.9,2155,94,285,71,18,5,13383,Push,4,12,7.0
user_000089,2026-10-27,50.1,2057,93,275,65,58,1,16669,Rest,,,6.9
user_000089,2026-10-28,50.0,2406,101,361,62,23,5,10030,Push,2,18,8.3
user_000089,2026-10-29,50.1,1746,107,217,50,17,3,3696,Legs,5,8,5.7
user_000089,2026-10-30,50.4,2018,96,305,46,21,1,14070,Push,5,11,8.8
user_000089,2026-10-31,50.6,1822,101,233,54,26,1,11701,Legs,5,7,7.3
user_000089,2026-11-01,50.7,1922,101,285,42,6,1,5071,Rest,,,7.6
user_000089,2026-11-02,50.6,2163,87,330,55,50,3,3167,Push,0,6,6.2
user_000089,2026-11-03,50.7,2598,93,390,74,40,5,4250,Pull,2,8,7.3
user_000089,2026-11-04,50.9,2157,95,325,53,21,2,8797,Rest,,,6.8
user_000089,2026-11-05,50.7,1903,86,275,51,15,1,7076,Rest,,,6.1
user_000089,2026-11-06,50.5,2217,81,327,65,57,3,11827,Pull,0,17,6.9
user_000089,2026-11-07,50.7,2028,92,289,56,8,1,13471,Upper,2,6,6.6
user_000089,2026-11-08,51.0,2351,93,362,59,32,5,6226,Upper,5,7,5.7
user_000089,2026-11-09,51.3,2109,107,310,49,34,5,9824,Legs,5,11,8.7
user_000089,2026-11-10,51.2,2378,105,368,54,31,5,13770,Pull,5,8,8.9
user_000089,2026-11-11,51.1,2261,102,308,69,11,2,17282,Pull,0,9,5.6
user_000089,2026-11-12,51.0,2085,82,293,65,5,4,16568,Push,4,18,6.3
user_000089,2026-11-13,50.8,2574,104,355,82,46,5,15392,Pull,0,10,6.6
user_000089,2026-11-14,50.9,2156,108,287,64,58,2,11491,Rest,,,6.1
user_000089,2026-11-15,51.2,2055,89,274,67,28,3,7807,Legs,4,9,7.2
user_000089,2026-11-16,51.4,1936,106,270,48,6,5,9350,Rest,,,6.1
user_000089,2026-11-17,51.2,2452,107,326,80,42,4,15787,Pull,4,6,7.2
user_000089,2026-11-18,51.1,2087,90,308,55,20,4,8726,Pull,1,15,6.9
user_000089,2026-11-19,51.1,1888,84,289,44,3,5,5546,Rest,,,5.8
user_000089,2026-11-20,51.1,2067,101,283,59,10,2,11706,Rest,,,6.2
user_000089,2026-11-21,51.0,2024,98,282,56,40,1,8444,Push,2,19,6.6
user_000089,2026-11-22,51.3,2308,84,340,68,42,4,14688,Pull,4,7,5.8
user_000089,2026-11-23,51.1,2430,103,374,58,56,4,15878,Push,1,8,6.0
user_000089,2026-11-24,50.9,1854,81,279,46,0,3,10248,Push,3,18,5.9
user_000089,2026-11-25,51.2,2464,100,345,76,47,5,11943,Rest,,,6.2
user_000089,2026-11-26,51.0,2216,104,315,60,50,2,12436,Push,5,17,9.0
user_000089,2026-11-27,51.2,1825,85,243,57,13,4,6640,Pull,3,18,8.5
